case_id,case_family_id,origin_country,origin_state,court_name,court_level,decision_date,case_number_or_citation,primary_domain,liability_theories,domain_review_status,domain_evidence,source_case_id,lower_court_supplemented,neutral_fact_source_language,neutral_fact_ko_chars,neutral_fact_en_chars,source_grounding_status,legal_leakage_status,procedural_leakage_status,jurisdiction_leakage_status,translation_equivalence_status,language_sanity_status,duplicate_sentence_status,text_review_provenance,replacement_status,replacement_reason,analysis_split,raw_text_sha256,neutral_fact_source_sha256,neutral_fact_ko_sha256,neutral_fact_en_sha256
KR_0dcfdd46d74a8951e1,FAM_ea55f8dbe250db29,KR,,대법원,supreme,2007-05-31,2007다248,other_civil_liability,"[""임무해태에 따른 채무불이행책임"", ""신원보증인의 손해배상책임""]",independent_agreement,"[""이사장의 임무를 해태한 데에 중대한 과실이 있는 경우에는 조합에 대하여 손해배상책임을 진다고 할 것이고"", ""피고 1에게 신용협동조합 임원으로서의 조합에 대한 채무불이행책임을 인정한 원심의 판단은 정당하고"", ""신용협동조합 이사장의 조합에 대한 임무해태로 인한 손해배상책임은 일반 불법행위책임이 아니라 위임관계로 인한 채무불이행책임""]",68700,False,ko,794,1656,pass,pass,pass,pass,pass,pass,pass,external_manual_review+v3_final_qc_direct_source_adjudication,retained,,development,9fc1a9ca17256ea00e0fefe3d8cff0a192133cb356619e7fa514f961b674649d,c72f57bd1e1fcdd776082d0424d89310ab5f0bbfda0caabbf82b5068604a5591,c72f57bd1e1fcdd776082d0424d89310ab5f0bbfda0caabbf82b5068604a5591,ab6a60eb7f56b69ddac187f2f79d8ce7e3de2352c8e4b4fceb7c97681558e121
KR_0f2fb4048fdd1b2ba6,FAM_43633eb190c299b7,KR,,대법원,supreme,2008-07-24,2007다80657,medical_professional_liability,"[""의료상의 과실"", ""고칼륨혈증에 대한 진단 및 치료 지연"", ""저산소성 뇌손상에 대한 인과관계""]",independent_agreement,"[""의사가 진찰·치료 등의 의료행위를 함에 있어서는 사람의 생명·신체·건강을 관리하는 업무의 성질에 비추어 환자의 구체적 증상이나 상황에 따라 위험을 방지하기 위하여 필요한 최선의 조치를 다하여야 할 주의의무가 있고"", ""피고 병원 의료진이 1998. 12. 11. 01:51경부터 07:16경까지 원고 1에게 어떠한 검사도 시행하지 아니하는 등 고칼륨혈증에 대한 진단 및 치료를 지연한 과실로 인하여 저산소혈증이 발생 내지 확대되어 저산소성 뇌손상을 유발하였다고 판단한 원심의 조치""]",64945,False,ko,791,1671,pass,pass,pass,pass,pass,pass,pass,replacement_generation_and_direct_qc_v3,replacement_v3,"The opinion concerns contractual nonperformance and calculation of expectation damages under a construction agreement, making it a contract-only payment/damages dispute rather than a qualifying tort-liability domain.",confirmatory,122656e573fbae0e93b95a4fb9d58145c208e2a560588476f0a05077bb03ddbc,955fccaaa7e8e6a7639a97187dfffbe54a3d2764d38ff07316e785a3c4870e92,955fccaaa7e8e6a7639a97187dfffbe54a3d2764d38ff07316e785a3c4870e92,e3904193bb29e02ba97b2e297d7d6f564052ded960e54bf7a49d3574e6e52919
KR_12b9dc4aa1ee6e184c,FAM_e22080c9f3dbef0d,KR,,대법원,supreme,2007-04-26,2005다24318,general_negligence_personal_injury,"[""미성년 가해학생 부모의 보호감독책임"", ""학교 교장·교사의 보호감독의무 위반에 따른 책임"", ""공동불법행위책임"", ""국가배상책임""]",accepted_primary,"[""가해학생들의 폭행 등 괴롭힘과 망인의 자살 사이에는 상당인과관계가 있다 할 것이다."", ""위 피고들과 피고 경기도에게 공동불법행위자로서의 손해배상책임을 인정한 것은 정당한 것으로 수긍이 간다."", ""피고 경기도는 국가배상법 제2조 제1항에 의하여 그 소속 공무원인 소외 1, 소외 2의 위와 같은 공무수행상의 과실로 인하여 망인 및 원고들이 입은 손해를 배상할 책임이 있다고 판단하였다.""]",85045,False,ko,473,1026,pass,pass,pass,pass,pass,pass,pass,external_manual_review+v3_final_qc_direct_source_adjudication,retained,,confirmatory,7aaa724e8f9016b591b49caa2ca4504f4bcde6ac0bc0d04b8b5bbd8d5891d8d7,8ea6371b1f41e8d7dc93483a9426ddaea4e332c3eb1b36a7f5e2c31712ba0cbb,8ea6371b1f41e8d7dc93483a9426ddaea4e332c3eb1b36a7f5e2c31712ba0cbb,18a523098725a5e860c6c303ce033be3ed63d0780b7ae40f917de871b94fc323
KR_13b881769bf8928779,FAM_a0d82c4a2db7ec56,KR,,대법원,supreme,2013-09-13,2013다37722,general_negligence_personal_injury,"[""학교의 학생 보호·감독의무 위반"", ""응급구호체계 미비에 따른 과실책임"", ""상당인과관계"", ""손해배상 및 일실수입·개호비""]",accepted_primary,"[""이 사건 사고는 ○○중학교가 합숙훈련 과정에서의 훈련일정과 응급구호체계 미비 등으로 인하여 훈련에 참가한 학생을 보호, 감독할 의무를 위반하여 발생한 것이라고 봄이 상당하다고 판단하였다."", ""거기에 과실책임이나 상당인과관계에 관한 법리를 오해하거나""]",172482,False,ko,554,1113,pass,pass,pass,pass,pass,pass,pass,external_manual_review_182_authoritative,retained,,confirmatory,376ec68c236a7c85efb6541cb482cc7682004744660244b4977ce617a3797f33,6e67b8e3068c4bb5c5b49ad2834eb13162fba0d1fef91914b6e1a0faa4496a98,6e67b8e3068c4bb5c5b49ad2834eb13162fba0d1fef91914b6e1a0faa4496a98,d3082e66a61ede5b7447be6bd38ffd33e8186eb00265d1a8b6f4f22bc45587bf
KR_15f616454feb5baced,FAM_527615ccdf0ad19e,KR,,대법원,supreme,2018-12-28,2016다33196,general_negligence_personal_injury,"[""학교법인의 안전배려의무 위반에 따른 채무불이행책임"", ""지도교사의 주의의무 위반에 따른 과실책임"", ""과실상계""]",accepted_primary,"[""유도부 지도교사들이 이러한 주의의무를 게을리한 과실로 인해 원고가 상해를 입었다고 판단하였다."", ""손해배상소송에서 과실 비율의 인정은 그것이 형평의 원칙에 비추어 현저히 불합리하지 아니하는 한 사실심법원의 전권사항에 속한다""]",204219,False,ko,307,608,pass,pass,pass,pass,pass,pass,pass,external_manual_review_182_authoritative,retained,,development,f0cecc8b7c050327ac0ba9531b992d12b57e323b5b147d425c87fd22e79f84d7,83ab4560e203e458b11934504d3414b0112dca6871c32c4da77b97289bd983be,83ab4560e203e458b11934504d3414b0112dca6871c32c4da77b97289bd983be,a6cf8b61ac7a4e56b4c4b36840916c881bf49529fed0fb737bc9a1034a5cb362
KR_196d874266db86b00d,FAM_d8af1f8e98e9ccd6,KR,,대법원,supreme,2021-01-14,2020다261776,general_negligence_personal_injury,"[""교통사고로 인한 운전자의 과실 손해배상책임"", ""공동소유자들의 손해배상책임"", ""인적·물적 손해에 대한 보험자대위 구상""]",accepted_primary,"[""피고 2는 2015. 7. 22. 21:05경 가해차량을 운전하던 중 중앙선을 침범하여 정상적으로 주행하던 소외 1 운전의 피해차량을 충격하는 교통사고"", ""이 사건 사고로 인해 소외 1은 인적 손해(적극손해, 일실손해 및 위자료 합계 35,285,772원)와 피해차량 파손으로 인한 물적 손해를 입었고, 소외 2(피해차량의 동승자)는 4,928,570원의 인적 손해를 입었다."", ""이 사건 사고로 인한 피고들의 소외 1에 대한 손해배상책임""]",213087,False,ko,672,1143,pass,pass,pass,pass,pass,pass,pass,external_manual_review+v3_final_qc_direct_source_adjudication,retained,,confirmatory,0fb5a5ee7f4690eb43bdc928f5a44f9cbe1676cf3faff219ab087a6259efa413,dd0f110d59fe42b65a76bb26cfe306830183292e52a68d7c87d58bd201c2b9dc,dd0f110d59fe42b65a76bb26cfe306830183292e52a68d7c87d58bd201c2b9dc,c329c0a9db09b4835e7aa8a286142d9a8393ecfc251f8ba053abe44ffc7c1d70
KR_1db22dfee6cc310e77,FAM_13d2fd2f04681bdf,KR,,대법원,supreme,2008-07-24,2007다50663,other_civil_liability,"[""민법 제221조 제1항상 승수의무 위반으로 인한 침수 및 재산상 손해배상책임"", ""불법행위에 따른 손해배상책임""]",accepted_primary,"[""피고가 침수 피해를 방지할 만한 별다른 대책도 없이 성토공사를 하여 이 사건 사업부지 등의 지반고를 높임으로써 원고들의 토지 및 공장으로부터 흘러나오는 우수의 흐름을 막게 된 것이 위와 같은 침수 피해를 입게 된 원인이 되었으며 이는 민법 제221조 제1항에 따른 승수의무를 위반한 것이라고 판단하였는바"", ""불법행위로 인한 손해배상사건에 있어서 과실상계사유에 관한 사실인정이나 그 비율을 정하는 것은""]",64943,False,ko,718,1402,pass,pass,pass,pass,pass,pass,pass,external_manual_review_182_authoritative,retained,,confirmatory,cdf879530705b326686f50b6b6329eb58c9506a51227b35c1980168d85ea0b0b,25815a8a37cf5bb9262c1505f199bdea3767b11fc48192033e6eac253c1c1061,25815a8a37cf5bb9262c1505f199bdea3767b11fc48192033e6eac253c1c1061,0f04829c6ddb70565cc4ad5c6c10030fecdb15c712023978dcbaee7009110160
KR_1e296dbb0bcebaab8f,FAM_b878fcc5d2f83089,KR,,대법원,supreme,2016-12-15,2016다237264,other_civil_liability,"[""과실에 의한 진료비 청구서 작성"", ""불법행위에 따른 손해배상"", ""상당인과관계""]",independent_agreement,"[""피고는 이 사건 피보험자들에게 요양급여 대상 진료를 비급여 항목에 해당하는 것으로 기재한 진료비 청구서를 작성하여 교부하고 그 진료비를 지급받았다는 것이고"", ""피고가 이 사건 피보험자들에게 진료비를 청구하면서 주의의무를 다하지 아니한 잘못이 있다고 하더라도""]",184414,False,ko,389,842,pass,pass,pass,pass,pass,pass,pass,external_manual_review+v3_final_qc_direct_source_adjudication,retained,,confirmatory,334e669290c08a9a3d243808b4881b6715c2cdb769ad769abdd755b982bbd200,c8f5abf09ba7b771fb4fdb1d3a10c3d3236d9f8333edda4361dd970dc2adebfb,c8f5abf09ba7b771fb4fdb1d3a10c3d3236d9f8333edda4361dd970dc2adebfb,435faf41f91001e5902321a6bcb8646607f83a3518a51403a7a39b37fe7c035d
KR_21e5cc81eee32db79e,FAM_8583e7ba0ffcaaa5,KR,,대법원,supreme,2002-12-26,2002다50149,general_negligence_personal_injury,"[""일반 불법행위상 과실책임"", ""피해자 과실상계"", ""의료보험자의 구상권 및 보험자대위""]",accepted_primary,"[""피고는 소외 1에게 3층 옥상의 슬라브 공사를 지시하면서 사다리 등을 이용하여 안전하게 옥상에 오르게 하는 등으로 사고를 미연에 방지하여야 할 주의의무를 게을리한 과실이 있으므로, 불법행위자로서 이 사건 사고로 소외 1이 입은 손해를 배상할 책임이 있다."", ""창문이 제대로 고정되어 있지 않아 창문과 함께 지상으로 추락하여 척주 골절 등의 상해를 입었다.""]",600931,False,ko,470,844,pass,pass,pass,pass,pass,pass,pass,external_manual_review_182_authoritative,retained,,confirmatory,f3f28fbf687aa40f256e1b3c64bc10b1a853772694a3bfdaf6b358901fac103f,3e2ad87db2ce5e3fb8dd00517d8cfcecb677647169783e23f18927646e08b144,3e2ad87db2ce5e3fb8dd00517d8cfcecb677647169783e23f18927646e08b144,09e76c5f739c3182989c911f5c3d3acd82b3d678e9ba0e6da6561a00af8ea8f8
KR_251ece560a954ca2fc,FAM_54b3081ba209650e,KR,,대법원,supreme,2016-12-15,2015다241228,other_civil_liability,"[""사업보고서 및 감사보고서의 허위기재에 따른 법정 손해배상책임"", ""외부감사인의 감사업무상 과실에 따른 손해배상책임"", ""거래 인과관계 및 손해 인과관계"", ""과실상계 또는 공평의 원칙에 따른 책임제한""]",independent_agreement,"[""구 자본시장법 제162조 제1항에 근거한 사업보고서 등의 거짓 기재로 인한 손해배상책임이나 구 자본시장법 제170조 제1항, 구 외부감사법 제17조 제2항에 근거한 감사보고서의 거짓 기재로 인한 손해배상책임"", ""원심은 그 판시와 같이, 피고 7 회계법인이 과실로 피고 1 회사의 제9기, 제10기 재무제표에 대한 감사보고서에 거짓 기재를 한 데 대하여 구 자본시장법 제170조 제1항, 구 외부감사법 제17조 제2항의 손해배상책임을 인정하였다.""]",184413,False,ko,464,1045,pass,pass,pass,pass,pass,pass,pass,external_manual_review+v3_final_qc_direct_source_adjudication,retained,,confirmatory,367bf03ccc47e90a0854fa7cb906843108e2c8792abdf68dce47494ab951dde7,1badb4c9f7b8c0d3d5d2079e896e57ca06ee83dd327dc429e7e83a950ab60e49,1badb4c9f7b8c0d3d5d2079e896e57ca06ee83dd327dc429e7e83a950ab60e49,e1c5d90d9c443e54d0b0eea14a2c42d94a81c29b7e6fbccb3bd9886025a709c0
KR_26b3a33d5ab3eb8be8,FAM_3fcd6f21eec76f25,KR,,대법원,supreme,2006-07-06,2004다8272,other_civil_liability,"[""이사의 선관주의의무 위반"", ""이사의 감시의무 위반"", ""상법 제399조에 따른 이사의 손해배상책임"", ""보험업법 위반에 따른 손해배상책임""]",independent_agreement,"[""상법 제399조의 이사의 손해배상책임에 관한 법리오해"", ""이사의 법령위반 행위는 이사로서 임무를 수행함에 있어서 준수하여야 할 의무를 개별적으로 규정하고 있는 상법 등의 제 규정과 회사가 영업활동을 함에 있어서 준수하여야 할 제 규정을 위반한 경우가 이에 해당된다고 할 것이고"", ""피고 1이 대표이사로서 보험감독원의 감사지적내용에 따라 동광제약으로부터 추가 담보를 제공받거나, 그것이 불가능하다면 대출금을 상환받아야 함에도 불구하고 그러한 조치를 취하지 아니하고""]",68082,False,ko,1736,3560,pass,pass,pass,pass,pass,pass,pass,external_manual_review_182_authoritative,retained,,development,55477d60855b08ebd9dc40727e33d2222554066a9fce9f3c3afa366671681cb3,f433e4212be79ba679d2be3ee829880444c86e401cd8f72e23858e30cea0581a,f433e4212be79ba679d2be3ee829880444c86e401cd8f72e23858e30cea0581a,df5014ba23a3c572d63a0991b0b2135ca76119ba3d67cbb8dda823ea4bcf5068
KR_293763f5a50c79c279,FAM_d162e89576368f2f,KR,,대법원,supreme,2007-04-13,2006다78640,other_civil_liability,"[""불법행위 손해배상"", ""향후치료비 손해"", ""보조구비 손해"", ""개호비 손해""]",independent_agreement,"[""불법행위로 인한 적극적 손해의 배상을 명한 전소송의 변론종결 후에 새로운 적극적 손해가 발생한 경우"", ""원고가 1998. 4. 28. 피고 병원의 응급실에 갔다가 1998. 5. 1. 저산소증에 의한 뇌손상으로 식물인간이 되었고"", ""원고의 연장된 여명에 따른 손해는 전소의 변론종결 당시에는 예견할 수 없었던 새로운 중한 손해""]",85026,False,ko,292,552,pass,pass,pass,pass,pass,pass,pass,external_manual_review+v3_final_qc_direct_source_adjudication,retained,,confirmatory,63dff184c8a2f6632eda185ff1646482f51c5146b4c00c16b91255bda4c595e2,f2dd97cc07c159e568ecc113164af758741b00db763fd323797fe5d7426e06a5,f2dd97cc07c159e568ecc113164af758741b00db763fd323797fe5d7426e06a5,998c8fdf94d316151462bdd86b972c9e1cee19729c6bade85fb4e0d61356b16c
KR_2938a7d8dec5b2a57e,FAM_dc72f7ef5a1066f1,KR,,대법원,supreme,2022-09-29,2022다238657,general_negligence_personal_injury,"[""사용자책임"", ""운전자 과실에 따른 불법행위 손해배상책임"", ""공동불법행위자 사이의 구상책임""]",accepted_primary,"[""원심은 판시와 같이, 이 사건 사고가 이 사건 기중기 운전자인 피고 2의 조작상 과실로 발생하였기에 피고 회사 및 주식회사 군장종합건설(이하 ‘군장종합건설’이라 한다)은 모두 피고 2의 사용자로서 피해자들에 대하여 사용자책임을 부담하고, 그 각 사용자책임과 피고 2의 손해배상책임이 부진정연대채무관계임을 인정하면서도, 피고들과의 내부 관계에서 군장종합건설의 부담 부분은 존재하지 않는다고 보아, 피고들이 공동하여 군장종합건설의 구상권을 대위취득한 원고에게 상법 제682조에 따라 지급 보험금 4,260만 원 전액에 관한 구상의무를 부담한다고 하였다."", ""건설기계의 임대인이 그 운전자와 함께 이를 임차인에게 임대하여 임차인의 현장감독 하에 작업을 하다가 운전자의 과실로 사고가 발생한 경우""]",237023,False,ko,901,2157,pass,pass,pass,pass,pass,pass,pass,external_manual_review+v3_final_qc_direct_source_adjudication,retained,,confirmatory,8e5d63f655ca6932db84995c948d11ac7dabd84074f9ff4c07aa36994a08ae53,39bf3cb3e4783af43a0efc411c4ea112f814351b9786616c936e78ecde25978c,39bf3cb3e4783af43a0efc411c4ea112f814351b9786616c936e78ecde25978c,072b989742cc3e7ee003ec3ba9ec6417823fbec553560c0a9b95bb518df35e65
KR_29dbd6f831cc47236c,FAM_d160f11e8fcec53e,KR,,대법원,supreme,2016-11-10,2014다229009,other_civil_liability,"[""국가배상책임"", ""공무원의 고의·과실에 의한 위법행위"", ""상당인과관계"", ""과실상계""]",independent_agreement,"[""분배농지를 관리하는 공무원이 구 농지개혁법에 따라 국가가 매수·취득한 농지임을 제대로 확인하지 아니한 채 이를 제3자에게 처분함으로써 수분배자 또는 원소유자에게 손해를 발생하게 한 경우 이는 특별한 사정이 없는 한 국가배상법 제2조 제1항에 정한 공무원의 고의·과실에 의한 위법행위에 해당한다고 할 것이다."", ""경기도의 등기부취득시효가 완성됨에 따라 소외 1의 상속인인 원고가 이 사건 토지에 관한 소유 지분을 상실하는 손해를 입게 되었으므로""]",183647,False,ko,602,1061,pass,pass,pass,pass,pass,pass,pass,external_manual_review+v3_final_qc_direct_source_adjudication,retained,,confirmatory,8053f4ee20ba8ec455377f9073570342baa6f747cb31066dd510f137a56e5556,63ff0a3c042f78420f181685fa8fe037fa0bb161b11c4d878402af0429824c9e,63ff0a3c042f78420f181685fa8fe037fa0bb161b11c4d878402af0429824c9e,60207fbed2957cc8484db1839cac0f66935f8fb171727cae2ae7a4c890e0ea14
KR_29de6fa2d32993658e,FAM_952d449dd2084f16,KR,,대법원,supreme,2023-08-18,2022다291009,general_negligence_personal_injury,"[""불법행위로 인한 손해배상""]",accepted_primary,"[""원고 1은 2014. 6. 19. 피고와 근로계약을 체결하고 피고의 송전선로 건설공사 현장 철탑 상부에서 작업하고 내려오던 중 지상 약 19.5m 높이에서 추락하여 뇌손상 등 상해를 입었다."", ""불법행위나 채무불이행으로 인한 손해배상청구권은 현실적으로 손해가 발생한 때 성립한다고 보지만""]",240271,False,ko,234,458,pass,pass,pass,pass,pass,pass,pass,external_manual_review_182_authoritative,retained,,confirmatory,db86501d8b792dd5adce32ee8a2576cd7235f5d81d051a9b426ae6a6efd441f8,3a4084ba92393ffc3e237277079b98ed8bf193cebac7dbb894fb6facbbb4b780,3a4084ba92393ffc3e237277079b98ed8bf193cebac7dbb894fb6facbbb4b780,be72e7409ff75c0261223e413ef5ee741fb5ad91403f8e690e81293090d7cdb2
KR_2fbbb928c434a8f95b,FAM_ba1063fc584ea03d,KR,,대법원,supreme,2019-01-17,2017다1448,product_liability,"[""제조물책임"", ""하자담보책임"", ""불완전이행으로 인한 손해배상책임""]",independent_agreement,"[""2. 제조물책임의 인정 여부(상고이유 제1·2점)"", ""제조물책임이란 제조물에 통상적으로 기대되는 안전성을 갖추지 못한 결함으로 생명·신체 또는 건강이 침해되거나 물건이 손상된 경우에 제조업자 등에게 지우는 손해배상책임이다."", ""이 사건 블레이드에 통상적으로 기대되는 안전성을 결여한 결함이 있다고 하더라도""]",208849,False,ko,874,1662,pass,pass,pass,pass,pass,pass,pass,external_manual_review+v3_final_qc_direct_source_adjudication,retained,,development,8a209d4a722237b9e0d62f4f5c103533533f4a2513ef532314642e3d66f41642,d76fb53d1461cde4651814b7c0702778dfaa392912c62802c81b2c043b75b0af,d76fb53d1461cde4651814b7c0702778dfaa392912c62802c81b2c043b75b0af,14ce5ece5bb2ab8cc9b05a3213c0d68fb341318713bfd5c49f828e4033b3a5f7
KR_38f0a0551f52400584,FAM_927d5facf1c39f25,KR,,대법원,supreme,2009-01-15,2008다63192,general_negligence_personal_injury,"[""관리·감독상 과실"", ""근로자의 폭력행위에 대한 예방·감독의무 위반"", ""사망에 대한 손해배상""]",independent_agreement,"[""소외 2를 살해하는 행위(이하 ‘이 사건 사고’라고 한다)"", ""소외 1의 임용 과정에서 관리·감독상의 주의의무 위반이 있다고 할 수 없다."", ""피고에게 소외 1에 대한 관리·감독상에 과실이 있다고 본 원심의 판단""]",133425,False,ko,553,1103,pass,pass,pass,pass,pass,pass,pass,external_manual_review_182_authoritative,retained,,confirmatory,3fbe63cbebea9a49f424ccb077e2547b268cb6b62f2e3c3f7597928d527e03e0,638836a9e2c87cff802b5ea13d6d4561ad82917083f9c5f4de64b6728435d3f6,638836a9e2c87cff802b5ea13d6d4561ad82917083f9c5f4de64b6728435d3f6,3db17b6f78d880c07e31c03acdb938231b6cefe307a63b03c7e5c3c1a41cead6
KR_3bdfa18ada600372f2,FAM_55a862ee47e56585,KR,,대법원,supreme,2020-04-09,2018다246767,medical_professional_liability,"[""의료상 과실"", ""분만 중 산모와 태아에 대한 경과관찰의무 위반"", ""의료과실과 장애 사이의 인과관계"", ""손해배상책임 제한""]",independent_agreement,"[""의사가 진찰·치료 등의 의료행위를 할 때에는 사람의 생명·신체·건강을 관리하는 업무의 성질에 비추어 환자의 구체적인 증상이나 상황에 따라 위험을 방지하기 위하여 요구되는 최선의 조치를 할 주의의무가 있다."", ""피고 병원 의료진에게 산모와 태아에 대한 경과관찰을 게을리한 과실이 있고 이러한 과실이 이 사건 장애의 한 원인이 되었다고 보아 피고의 손해배상책임을 인정하였다.""]",226243,False,ko,630,1379,pass,pass,pass,pass,pass,pass,pass,external_manual_review_182_authoritative,retained,,confirmatory,6ba688aab97a98f5f972178b1c142230da4c94df403e7cc869397fb8421f4fc4,d0b85ca89fd7a2ceac573424fc84128e8b984672a5589c29df6f4c488a5a2434,d0b85ca89fd7a2ceac573424fc84128e8b984672a5589c29df6f4c488a5a2434,9c7448ea76ad14feed6688688bff98d0297795d32b5e7f82d4139cece666fc16
KR_3d251e8be01dc48a0b,FAM_e1d990864fb24279,KR,,대법원,supreme,2013-06-28,2013다14903,other_civil_liability,"[""중개인의 선관주의의무 위반"", ""손해배상책임""]",independent_agreement,"[""부동산중개업자와 중개의뢰인의 법률관계는 민법상의 위임관계와 유사하므로 중개의뢰를 받은 중개업자는 선량한 관리자의 주의로 중개대상물의 권리관계 등을 조사·확인하여 중개의뢰인에게 설명할 의무가 있다"", ""위 피고들은 그들이 중개한 이 사건 조합가입계약이나 임의분양 등을 통하여 ○○주택이 원고로 하여금 이 사건 아파트에 입주하도록 할 수 있는 권한이나 능력이 있는지 여부 및 원고의 조합원 분담금 등 회수 가능성 여부 등을 조사·확인하거나 그에 따른 위험성 등을 원고에게 설명하지 아니한 채""]",172046,False,ko,1232,2509,pass,pass,pass,pass,pass,pass,pass,external_manual_review_182_authoritative,retained,,confirmatory,a023cd5b920108b91aa434a829a15d899a54b76932b2fb95736dec1f5c56937d,63d0fd6c8f43f03f62ed0e00340d620541cd895ec77cf4812aa9a3f0e0cef0d0,63d0fd6c8f43f03f62ed0e00340d620541cd895ec77cf4812aa9a3f0e0cef0d0,9fb82591c481fad246817fd8d675efbcaccd623d4ac3a9944b7e55afb1363b38
KR_3e400c529b48b85317,FAM_6c6135b70a106102,KR,,대법원,supreme,2018-12-13,2018다10562,medical_professional_liability,"[""의료행위상 주의의무 위반"", ""의료과실에 따른 불법행위 손해배상"", ""사망과 과실 사이의 상당인과관계"", ""환자 및 가족의 정신적 고통에 대한 위자료""]",independent_agreement,"[""자)의 상고이유에 관하여\n  가. 피고 의료법인 ○○의료재단에 대한 부분\n  원심은 판시와 같은 이유로 피고 의료법인 ○○의료재단(이하 ‘○○의료재단’이라고 한다)이 운영하는 ○○병원(이하 ‘○○병원’이라고 한다) 의료진이 망인에게 멕소롱을 과다하게 투여하여 악성신경이완증후군이 발생하였다는 원고(선정당사자, 이하 ‘원고’라 한다)의 주장을 배척하였다. ○○병원 의료진이 멕소롱을 과다 투여하였다고 보기 어려울 뿐만 아니라 권장되는 투약 간격을 위반하였다고 볼 수 없고, 설령 1일 최대권장사용량을 초과하여 멕소롱을 투여하였다고 하더라도 망인에게 나타났던 증상이 멕소롱의 과다 투여로 인한 악성신경이완증후군에 의한 것이라고 보기 어렵다는 이유에서"", ""의료진은 의료행위의 속성상 환자의 구체적인 증상이나 상황에 따라 발생하는 위험을 방지하기 위하여 최선의 조치를 취하여야 할 주의의무를 부담한다."", ""의료진이 환자의 기대에 반하여 환자의 치료에 전력을 다하지 않은 경우에는 업무상 주의의무를 위반한 것이라고 보아야 한다.""]",204247,False,ko,1254,2621,pass,pass,pass,pass,pass,pass,pass,replacement_generation_and_direct_qc_v3,replacement_v3,"The opinion concerns inheritance of a credit-guarantee reimbursement debt and the timeliness/effect of limited acceptance of inheritance, not a civil-liability damages merits issue.",development,c17f033dd6bdc788faf196a39885c31528b233e6b720d29c6f538f0459443728,a397b26301d548d0965d292d2506a2efc2e30dacf191dfc29478152361aa3c57,a397b26301d548d0965d292d2506a2efc2e30dacf191dfc29478152361aa3c57,77eefe6b884760f4943a4a1d33f386d11fe50023730db16427c11709207730b0
KR_47079dcb1572fd2e34,FAM_ea83f2c5723e48c4,KR,,대법원,supreme,2004-10-28,2002다45185,medical_professional_liability,"[""의료행위상 주의의무 위반"", ""설명의무 위반""]",independent_agreement,"[""시술상의 과실에 관하여"", ""의사가 진찰·치료 등의 의료행위를 함에 있어서는 사람의 생명·신체·건강을 관리하는 업무의 성질에 비추어 환자의 구체적인 증상이나 상황에 따라 위험을 방지하기 위하여 요구되는 최선의 조치를 취하여야 할 주의의무가 있고"", ""의사의 설명의무는 그 의료행위에 따르는 후유증이나 부작용 등의 위험발생 가능성이 희소하다는 사정만으로 면제될 수 없으며""]",83524,False,ko,891,2130,pass,pass,pass,pass,pass,pass,pass,external_manual_review+v3_final_qc_direct_source_adjudication,retained,,confirmatory,9e939d5ed03c922b7c0dc99e5dfb4f6e83f7ccd389b7990bef09e2472e6a189e,a3e0a7d5ff7e731b5d137d40b1e039999a6ad80e667ae49005abd2a2c8d22853,a3e0a7d5ff7e731b5d137d40b1e039999a6ad80e667ae49005abd2a2c8d22853,c53c350350bc96b831ea7cfbf82ec3a526cee4d34d2b3eb8f9c1fe67ba3ddebf
KR_4a417b3e4eb96c19c1,FAM_74a82a5add28e083,KR,,대법원,supreme,2014-02-13,2011다38417,product_liability,"[""제조물책임"", ""불법행위책임"", ""국가배상책임""]",independent_agreement,"[""제조물책임과 불법행위책임의 성립에 관한 상고이유"", ""피고 3 회사, 피고 6 회사, 피고 5 회사 및 소외인이 제조·판매한 베이비파우더에 발암물질인 석면이 함유된 것이 설계상의 결함이 아닌 제조상의 결함에 해당하여 위 피고들이 제조물책임을 부담하고""]",176253,False,ko,537,1139,pass,pass,pass,pass,pass,pass,pass,external_manual_review_182_authoritative,retained,,confirmatory,1e91eecbafcc37c450301961087887cc42fb5ba30acf76fdf5494f3d25a20ba2,4ebb227a9862ce676c274f80112bbc7a502c0602bf0e30804d1579d839597ce8,4ebb227a9862ce676c274f80112bbc7a502c0602bf0e30804d1579d839597ce8,04de6265463c0b245819a094525cd14b03acbcb805b29394021af0608bf47da2
KR_4b24e5a20e1f1ddead,FAM_da2eba6cdc053afe,KR,,대법원,supreme,2008-04-24,2006다32132,other_civil_liability,"[""국가배상책임"", ""경찰공무원의 직무상 위법행위 또는 부작위로 인한 손해배상""]",independent_agreement,"[""를 회피하기 위한 조치를 취할 수 있는 가능성이 있는지 여부 등을 종합적으로 고려하여 볼 때, 그것이 객관적 정당성을 상실하여 현저하게 불합리하다고 인정되지 않는다면 그와 다른 조치를 취하지 아니한 부작위를 내세워 국가배상책임의 요건인 법령 위반에 해당한다고 할 수 없다(대법원 1998. 5. 8. 선고 97다54482 판결, 대법원 2004. 9. 23. 선고 2003다49009 판결, 대법원 2007. 10. 25. 선고 2005다23438 판결 등 참조). \n  원심이 적법하게 확정한 사실과 기록에 의하면, 원고는 청주시 상당구 탑동 소재 (상호 생략) 식"", ""에 위임되어 있으므로, 경찰관이 구체적 상황하에서 그 인적·물적 능력의 범위 내에서의 적절한 조치라는 판단에 따라 범죄의 진압 및 수사에 관한 직무를 수행한 경우, 경찰관에게 그와 같은 권한을 부여한 취지와 목적, 경찰관이 다른 조치를 취하지 아니함으로 인하여 침해된 국민의 법익 또는 국민에게 발생한 손해의 심각성 내지 그 절박한 정도, 경찰관이 그와 같은 결과를 예견하여 그 결과를 회피하기 위한 조치를 취할 수 있는 가능성이 있는지 여부 등을 종합적으로 고려하여 볼 때, 그것이 객관적 정당성을 상실하여 현저하게 불합리하다고 인정되지 않는다면 그와 다른 조치를 취하지 아니한 부작위를 내세워 국가배상책""]",85650,False,ko,439,873,pass,pass,pass,pass,pass,pass,pass,external_manual_review_182_authoritative,retained,,confirmatory,c43204daa398ffdf139bd1d0ef24dc7e068587963d58fd020f3c54fc1e64d720,3cd15602663a86852d606501c2573fcf8d13785e82cc3ef76f1ddd0468fa736c,3cd15602663a86852d606501c2573fcf8d13785e82cc3ef76f1ddd0468fa736c,6a8dd9667018a194ca5603aa8d8cb8362e8e4750bca0752340656c04488cc46d
KR_4e2107bebbe71bff1d,FAM_45b68ecafbdf25b9,KR,,대법원,supreme,2014-04-24,2014다201087,general_negligence_personal_injury,"[""국가배상법상 영조물의 설치·관리 하자 책임"", ""도로 관리자의 손해배상책임"", ""운전자의 음주운전 및 전방주시의무 위반 과실""]",accepted_primary,"[""소외 1이 혈중알코올농도 0.137%의 술에 취한 상태에서 차량을 운전한 과실로 도로가에 설치된 철제울타리를 들이받는 사고가 발생하여 차량 조수석에 같이 탄 소외 2가 사망하는 사고가 발생하였는바"", ""이 사건 사고는 술에 취한 상태에서 전방주시 의무 등을 게을리한 차량 운전자의 운전미숙이나 과실 때문에 발생한 것일 뿐""]",187244,False,ko,267,612,pass,pass,pass,pass,pass,pass,pass,external_manual_review_182_authoritative,retained,,confirmatory,866f52a78bd50a7ea18d7f50e13caf45bc8d87afd0a825b98961ef84afc07323,c7ed9c1eb230aabe5b606826c33a28e07c5f57b65f0bdb20a2ac5a8fb3c83833,c7ed9c1eb230aabe5b606826c33a28e07c5f57b65f0bdb20a2ac5a8fb3c83833,4ecc348b80262008399dd9450469e1907438e2e3714111c57ee8d1299be4bf82
KR_4ea4b7c552d041ba9e,FAM_e97e2491ca1a461b,KR,,대법원,supreme,2002-05-10,2000다50213,other_civil_liability,"[""명예훼손에 의한 불법행위"", ""과실에 의한 명예훼손 손해배상"", ""위자료""]",independent_agreement,"[""명예훼손에 의한 불법행위가 성립하려면 피해자가 특정되어 있어야 하지만"", ""피고들은 각 피해자들이 입은 각 손해를 배상할 책임이 있다고 판단하였는바"", ""피고들의 위 각 보도는 피고들의 과실에 기인한 것이므로, 피고들은 각 피해자들이 입은 각 손해를 배상할 책임이 있다고 판단한 것은 정당한 것으로 수긍이 가고""]",81506,False,ko,1301,2454,pass,pass,pass,pass,pass,pass,pass,external_manual_review_182_authoritative,retained,,development,d9d30b602863611c3d760463c1d63ec673e7a7e008903eb2a377aa82ec70ad05,83401daa501f6f7524a881ae51f2fae66dc02dbaa45a4ab532a2d419e49633c3,83401daa501f6f7524a881ae51f2fae66dc02dbaa45a4ab532a2d419e49633c3,31e27a28c7019e4383b57faf261b3c6bb635f23c7ffca8175957e7ba41ed6f84
KR_517073e205fb216efb,FAM_8800b96c6da4f29e,KR,,대법원,supreme,2009-07-23,2006다87798,other_civil_liability,"[""국가배상책임"", ""공무원의 직무상 과실에 따른 손해배상책임"", ""상당인과관계""]",accepted_primary,"[""우편집배원이 압류 및 전부명령 결정 정본을 특별송달하는 과정에서 민사소송법을 위반하여 부적법한 송달을 하고도 적법한 송달을 한 것처럼 우편송달보고서를 작성하여 압류 및 전부의 효력이 발생한 것과 같은 외관을 형성시켰으나, 실제로는 압류 및 전부의 효력이 발생하지 아니하여 집행채권자로 하여금 피압류채권을 전부받지 못하게 함으로써 손해를 입게 한 경우에는, 우편집배원의 위와 같은 직무상 의무위반과 집행채권자의 손해 사이에는 상당인과관계가 있다고 봄이 상당하고, 국가는 국가배상법에 의하여 그 손해에 대하여 배상할 책임이 있다고 할 것이다"", ""우편집배원 소외 3이 이 사건 결정정본을 부적법하게 송달한 직무상의 과실과 원고가 그 피압류채권인 계약이행보증금 반환채권 2억 원 중 1억 원을 전부받지 못하게 됨으로써 입게 된 손해 사이에는 상당인과관계가 있다고 봄이 상당하다고 할 것이다""]",138672,False,ko,561,1100,pass,pass,pass,pass,pass,pass,pass,external_manual_review+v3_final_qc_direct_source_adjudication,retained,,confirmatory,0b83ddeb75001fe90cecc3828781dd3ca5df111dc57ed3c8e9175b8194578b6f,50211baea53e1ee9baf165395199a0f759472d7b77cac11eed26b041f8724ce1,50211baea53e1ee9baf165395199a0f759472d7b77cac11eed26b041f8724ce1,4d7f67a6478e819a995e973ce17abfabbc88a617dd21f72c1063b2b61f8de857
KR_5b6e230014dd4d5663,FAM_20db9e5bfca341bc,KR,,대법원,supreme,2025-07-18,2020다263758,product_liability,"[""제조물 결함 책임"", ""제품 결함과 사고 사이의 인과관계"", ""제조물책임의 증명책임 완화""]",independent_agreement,"[""제품의 결함을 이유로 제조업자에게 손해배상책임을 지우는 경우"", ""이 사건 자동차의 결함으로 이 사건 사고가 발생하였음이 추정되려면"", ""제조물책임의 증명책임 완화에 관한 법리를 오해함으로써""]",614321,False,ko,850,1744,pass,pass,pass,pass,pass,pass,pass,external_manual_review+v3_final_qc_direct_source_adjudication,retained,,confirmatory,b41279a57cfcb13845d91017edce86b5bed08d6dc0634e1f5ef589fb24a5b647,92aaeaddd0396c89f769d8a891565476869d021fb887b61d4408baf037054e3b,92aaeaddd0396c89f769d8a891565476869d021fb887b61d4408baf037054e3b,1474c47ba8cc4220cbc4a55a398c5fe9da157518b6b84c1203661b14f22f1335
KR_5be8caa54d55da9c2d,FAM_b0591ed91d1a8149,KR,,대법원,supreme,2000-01-21,98다50586,medical_professional_liability,"[""의료과실"", ""의료기관의 사용자책임"", ""사망으로 인한 손해배상"", ""인과관계"", ""책임제한""]",independent_agreement,"[""인간의 생명과 건강을 담당하는 의사에게는 그 업무의 성질에 비추어 위험 방지를 위하여 필요한 최선의 주의의무가 요구되고"", ""소외 2 등 피고 병원의 의사와 간호사들이 소외 1을 방치하고, 그로 인하여 소외 2 등은 소외 1의 심부정맥혈전증(深部靜脈血栓症) 및 폐전색증(肺栓塞症)의 발병 사실 또는 그 가능성을 신속히 감지하지 못하고, 그에 대한 조속한 진단 및 응급치료 시기를 놓친 의료상의 과실이 있다고 보아""]",230175,False,ko,626,1489,pass,pass,pass,pass,pass,pass,pass,replacement_generation_and_direct_qc_v3,replacement_v3,"보험계약상 보험금 지급 및 소송대행의무 불이행에 따른 계약상 손해배상만을 다루는 사건으로, 보험-커버리지 및 계약상 지급 분쟁에 해당하며 독립적인 민사책임의 실체적 본안 쟁점이 아니다.",confirmatory,1e632221f277a31b65fbb1ebb93118a0bbde60b7496cd5e516027f0858f3ce05,bbd8fca8d394cd6af153e42e8d1a0582977ce46a3765e474f718ab825e544436,bbd8fca8d394cd6af153e42e8d1a0582977ce46a3765e474f718ab825e544436,d59c6d9bfb721d844234fc8ea4deed5443ff57e987f4554676355ff006a01070
KR_5beca7bd705b05bb94,FAM_e03c8dd67e56de2e,KR,,대법원,supreme,2007-09-07,2005다69540,medical_professional_liability,"[""의사의 설명의무 위반"", ""의료행위의 중대한 부작용에 관한 사전 설명의무""]",independent_agreement,"[""의사는 환자에게 수술 등 침습을 가하는 과정 및 그 후에 나쁜 결과 발생의 개연성이 있는 의료행위를 하는 경우"", ""피고들이 무혈성 골괴사라는 심각한 부작용을 초래할 수 있는 스테로이드제제를 투여함에 있어서 설명의무를 위반""]",145336,False,ko,68,128,pass,pass,pass,pass,pass,pass,pass,external_manual_review+v3_final_qc_direct_source_adjudication,retained,,confirmatory,f91eb9bf2e0fde54c15d69989d644a74b65b90accd40938ed38778ee567f47db,af4b1f8c10d5bfcf06250b4bd6af3d10b68bb07de63da093becc4330b0c40308,af4b1f8c10d5bfcf06250b4bd6af3d10b68bb07de63da093becc4330b0c40308,1a4a69a858e69ba359e23137962284a9cb8f9c66e55c4c0eeb968d8e249282db
KR_5ebeddec620aad3412,FAM_85ab51cc25d15425,KR,,대법원,supreme,2010-02-11,2009다94278,general_negligence_personal_injury,"[""자전거 운전자의 진로 변경 주의의무 위반에 따른 과실 불법행위 손해배상""]",accepted_primary,"[""자전거도로를 운행하는 자전거의 운전자가 진로를 변경하고자 하는 경우에 다른 자전거의 정상적인 통행에 장애를 줄 우려가 있는 때에는 진로를 변경하여서는 아니 되고"", ""피고에게 이 사건 사고로 인하여 원고가 입은 손해를 배상할 책임이 있다고 판단하였다.""]",215603,False,ko,691,1314,pass,pass,pass,pass,pass,pass,pass,external_manual_review_182_authoritative,retained,,confirmatory,6fdc03ca7207c6bd620311c0c9c928010bcab7701421ab6a35b81f3d4b2c708a,52f8ff080f63579dac02b3e1cd3997863a351ae8fdf656a3259771943fb6fdb8,52f8ff080f63579dac02b3e1cd3997863a351ae8fdf656a3259771943fb6fdb8,a3644173fb3648fbb26c914b598dc5cfb668b4e0acba8cd101ff32e72bf2ed7b
KR_60ac72230335410754,FAM_35ef3c0d9a4c9778,KR,,대법원,supreme,2001-09-04,2001다9496,general_negligence_personal_injury,"[""자동차 운행 중 사고로 인한 불법행위 손해배상"", ""중증 뇌손상 후유증에 따른 향후치료비·개호비·일실수입 손해""]",accepted_primary,"[""자동차사고로 인하여 이정호가 제3자에 대하여 부담하게 되는 모든 손해배상책임"", ""위 승용차를 운전하다가 그 당시 35세 1월 남짓된 원고에게 중증(重症)의 뇌좌상 등을 입게 한 이 사건 사고"", ""이 사건 사고로 인하여 원고가 입은 손해""]",80850,False,ko,911,2249,pass,pass,pass,pass,pass,pass,pass,external_manual_review+v3_final_qc_direct_source_adjudication,retained,,development,9a12eebef4190f0ad998eddde87561c12c5019db1664cf6759ad8e8f6d0a1fe8,0542c32fb2e9de94fc8c73bde348f47c0e7fc9b826e1d20c6a66c152fbc01f02,0542c32fb2e9de94fc8c73bde348f47c0e7fc9b826e1d20c6a66c152fbc01f02,9bc9f0a91eff5a9ba8d00192a6edd63a04199c979054c536806b9a8899385811
KR_61112d3135e80de786,FAM_06d2f57a39a9d993,KR,,대법원,supreme,2009-12-24,2008다3640,general_negligence_personal_injury,"[""불법행위"", ""항공기 승무원들의 과실에 의한 사망"", ""정신적 손해에 대한 위자료""]",accepted_primary,"[""이른바 항공기사고로 인한 불법행위의 경우에는 통상의 교통사고와 달리 위자료 산정에 있어 참작되어야 할 다음과 같은 특수한 사정이 있다."", ""이 사건 사고는 항공기 승무원들의 중대하고 전적인 과실로 발생하였고 그 승객들에게는 아무런 과실이 없었던 점""]",143679,False,ko,340,625,pass,pass,pass,pass,pass,pass,pass,external_manual_review+v3_final_qc_direct_source_adjudication,retained,,confirmatory,07b85eabf1591fbbe729627c93bef4390ea3012f586fb745126675842055f2a2,5576e525fae0cec18f555761d60805e4bbf66b8f197e925face04c9885c5d2a2,5576e525fae0cec18f555761d60805e4bbf66b8f197e925face04c9885c5d2a2,321f830d1d6e14bfcf6f5e9d0daca84aa07a2bfcb6758ad039597aecb4a93886
KR_644078b169f572b0fe,FAM_b2a5af8c27108f34,KR,,대법원,supreme,2023-06-01,"2020다238639, 238646",other_civil_liability,"[""부정경쟁행위에 따른 손해배상"", ""상표권 침해에 따른 손해배상""]",accepted_primary,"[""부정경쟁행위로 영업상의 이익을 침해당한 자가 부정경쟁방지법 제5조에 따른 손해배상을 청구하는 경우"", ""이 사건 제1, 2, 5, 6, 7, 9 상표권 침해행위에 의하여 피고가 받은 이익액을 계산하여 그 이익액을 부정경쟁방지법 제14조의2 제2항과 상표법 제110조 제3항에 따라 원고의 손해액으로 일단 추정"", ""피고가 상호를 변경하여 변경등기를 마칠 때까지 원고의 상호와 유사한 ‘삼화기업 주식회사’라는 상호를 사용하여 영업 활동을 한 행위는 구 부정경쟁방지법 제2조 제1호 (나)목의 부정경쟁행위에 해당한다고 판단하였다.""]",239735,False,ko,391,689,pass,pass,pass,pass,pass,pass,pass,external_manual_review+v3_final_qc_direct_source_adjudication,retained,,confirmatory,059dddef94e299f427e9fe85cbb12b58ffb277bd021e8723c524aae3eb6fb4ea,2c83675dfcf6ae9f5f1cd39fe9c625949ce48dd2f4ba41baf2f887214ac630dc,2c83675dfcf6ae9f5f1cd39fe9c625949ce48dd2f4ba41baf2f887214ac630dc,136f7119dc34b0e6d7cf6df6644d2b29de8fda1db980640d674e59bae18ea0c1
KR_6623c47ec5cdef48bc,FAM_2742e36b0f6ca977,KR,,대법원,supreme,2002-03-29,2000다61947,medical_professional_liability,"[""medical malpractice"", ""breach of the duty to explain"", ""tort liability"", ""nonperformance liability""]",independent_agreement,"[""평가할 만한 수치인데다가 산모의 나이, 체중 등을 고려할 때 이상이 없다는 판정 결과가 나오자, \n 피고 2는 이를 토대로 1997. 4. 13.경 위 원고에게 태아의 상태가 정상이라고 알려 주었으나, 위 피고는 위 원고에게 트리플마커 검사가 선별검사에 불과하여 검출률이 60%밖에 되지 아니하므로 기형아 여부의 확진을 위하여는 양수천자 등 좀더 정확한 검사방법을 택하여야 한다는 점에 관하여는 아무런 설명을 하지 않은 사실, (8) \n 원고 1은 \n 원고 2의 남편이고, \n 원고 3은 \n 원고 1의 어머니인 사실을 각 인정하고 나서, \n 피고 2는 트리플마커 검사만을 기초로 태아가 정상이라고 말하였을 뿐 트리플마커"", ""피고 2가 위와 같은 설명을 하지 않은 것이 의료상의 과실에 해당한다고 본 원심의 판단은 설명의무 위반으로 인한 채무불이행 또는 불법행위책임에 관한 법리를 오해한 잘못이 있다고 할 것이다.""]",145341,False,ko,600,1155,pass,pass,pass,pass,pass,pass,pass,replacement_generation_and_direct_qc_v3,replacement_v3,minimum balancing swap required for exact KR-US domain equality,confirmatory,c4d60259224bba047c623b34696c29f7b88bd21fc94374ae3e5d0b12b9d84747,8f7273ebc5c13159cb235e84db49297fae47e812492572e2fa8141b304745a74,8f7273ebc5c13159cb235e84db49297fae47e812492572e2fa8141b304745a74,aa94d5249a64e143561a9878ca072cadd2e2144e8799fb43cb25998616fd614e
KR_68e0deec401c3edd58,FAM_d327d178f6ed4a38,KR,,대법원,supreme,2007-09-06,2005다25021,other_civil_liability,"[""제3자의 채권침해로 인한 불법행위책임"", ""채권침해에 대한 고의·과실 및 위법성""]",independent_agreement,"[""제3자의 채권침해가 반드시 언제나 불법행위로 되는 것은 아니고"", ""제3자가 채무자의 책임재산을 감소시키는 행위를 함으로써 채권자로 하여금 채권의 실행과 만족을 불가능 내지 곤란하게 한 경우"", ""제3자가 채권자에 대한 관계에서 직접 불법행위책임을 지기 위하여는"", ""피고의 명의수탁에 의하여 원고의 채권이 침해되었음을 이유로 불법행위책임을 지우려면""]",85279,False,ko,1013,1980,pass,pass,pass,pass,pass,pass,pass,external_manual_review+v3_final_qc_direct_source_adjudication,retained,,confirmatory,be2aadfe98279f5ce0f3d5be55192e6cca2f3222f3d39d5add086ae011d08187,721d049ce038f47b9993e1506d942f99af054039aa02f8c5ab810f4cc799f5cc,721d049ce038f47b9993e1506d942f99af054039aa02f8c5ab810f4cc799f5cc,ac45bd82f86ca8c7d75b9ed9d2373ae582ca30412ebe20db8b57a5d558fa4534
KR_6c7baac3a6e3991c4e,FAM_6406f9bddbaec695,KR,,대법원,supreme,2000-04-25,99다54998,general_negligence_personal_injury,"[""공공시설물(도로)의 설치·관리상 하자에 따른 국가배상책임"", ""운전자의 안전운전의무 위반에 따른 과실책임""]",accepted_primary,"[""이 사건 교통사고로 인한 손해를 배상할 책임이 있다고 판단하였다."", ""피고의 이 사건 도로 관리상의 하자 여부에 대한 판단"", ""소외 망인은 당시의 도로 상황 등에 대한 주의를 게을리 한 채 안전운전을 하지 않고 무모하게 과속하다가 이 사건 사고를 야기한 것으로 보인다.""]",229529,False,ko,839,2016,pass,pass,pass,pass,pass,pass,pass,external_manual_review+v3_final_qc_direct_source_adjudication,retained,,confirmatory,b9ab288d3e5f8191f2086ef6ceed40157017156141722d14fa7fd68139526da8,8990100c3e909d152c7341dd9ce99a6c6ae2c8f2a8ebac452ed42462d55e7ab4,8990100c3e909d152c7341dd9ce99a6c6ae2c8f2a8ebac452ed42462d55e7ab4,f9078945ad0711d395753539a18b4b1e1ff1abc37cabfdcecb5abb87cc92f8dd
KR_6e91996913ed443be6,FAM_32f4c91e658d604b,KR,,대법원,supreme,2015-03-26,2012다4824,product_liability,"[""product liability"", ""breach of contract"", ""tort liability"", ""employer liability"", ""contractor liability""]",independent_agreement,"[""제조물책임이란 제조물에 통상적으로 기대되는 안전성을 결여한 결함으로 인하여 생명·신체 또는 재산에 손해가 발생한 경우에 제조업자 등에게 지우는 손해배상책임인데"", ""이 사건 사고는 이 사건 발전기의 제조 또는 설치상의 하자로 인하여 발생하였고"", ""피고 현대모비스 등은 채무불이행으로 인하여 에코에너지가 입은 손해를 배상할 책임이 있다고 판단하였다.""]",177906,False,ko,808,1486,pass,pass,pass,pass,pass,pass,pass,external_manual_review_182_authoritative,retained,,development,2130b247f838c7d7cf0b64f1e6807593bcca5cb64eb0d503bcf16301e5555bbd,b25b4edf1ff618fe3ae018c90b21d69fd4553eea953bc81ccf96d79ec449ccb2,b25b4edf1ff618fe3ae018c90b21d69fd4553eea953bc81ccf96d79ec449ccb2,3e90d1535570c79ef8271fa406c05c6a5f87bfbdc489780a56900d0dbbfcfced
KR_78134d127e8ed36369,FAM_4b639275d9b4cfe7,KR,,대법원,supreme,2006-01-12,2004다46922,other_civil_liability,"[""불법행위 책임"", ""임야매수대금 횡령으로 인한 손해배상책임""]",independent_agreement,"[""피고에 대한 직접 책임은 면제하지 않는 것이 약정의 내용이었다면"", ""직접 자신의 행위로 인한 불법행위 책임까지 면제되지 않는다면"", ""이 사건 임야매수대금 횡령에 직접 가담한 책임까지도 전부 면제할 것을 약정한 것으로 판단""]",67818,False,ko,553,952,pass,pass,pass,pass,pass,pass,pass,external_manual_review+v3_final_qc_direct_source_adjudication,retained,,confirmatory,92c1589f1828a49c54acf38ef1fcf409ce56adbe4fbe081e8d2502b8e78d224e,42cc4eba287fb589641eb51d492fc13d152d61d7ec97ca6a2770f017f3b3a264,42cc4eba287fb589641eb51d492fc13d152d61d7ec97ca6a2770f017f3b3a264,12e4402c5a13813a82fb94ebac0245a8d2691032618e298728d5f1608cdbb126
KR_7be1ae9174eea5f5f2,FAM_42ee09027c7d93e8,KR,,대법원,supreme,2005-09-29,2005다25755,general_negligence_personal_injury,"[""자동차 운전자의 과속 운전에 따른 교통사고 손해배상책임"", ""동승자의 주의의무 및 과실상계""]",accepted_primary,"[""자동차 대리운전 회사인 베스트카코리아 사이의 대리운전약정에 따라 위 회사의 직원인 석동민이 이 사건 차량을 운전하다가 경부고속도로에서 판시와 같은 사고를 야기한 것이라면"", ""대리운전자인 석동민이 제한최고속도인 시속 100㎞를 초과하여 시속 115㎞의 과속으로 운전하다가 판시와 같은 사고를 야기한 것""]",67705,False,ko,510,922,pass,pass,pass,pass,pass,pass,pass,external_manual_review_182_authoritative,retained,,confirmatory,091d04a8e49600da05baae8917d918682f93185e6513ec747fbea63fa11b8caf,ee07bfbfa2e42c4b77fff5263209001de15c13dfedaa0e99e9dee665733bc84b,ee07bfbfa2e42c4b77fff5263209001de15c13dfedaa0e99e9dee665733bc84b,634be174f8ece77d02ad046363913873ed413d6c82a96653655c0828c6babdf0
KR_7f8df551c38264fcbe,FAM_a03ea37d2b54b91f,KR,,대법원,supreme,2020-04-29,2015다224797,other_civil_liability,"[""국가배상책임"", ""공무원의 직무상 의무 위반"", ""직무상 과실"", ""정신적 손해에 대한 위자료""]",independent_agreement,"[""국가배상책임에 있어 공무원의 가해행위는 법령을 위반한 것이어야 하고"", ""고의 또는 과실로 위 직무상 의무를 위반하여 피의자신문조서를 작성함으로써 피의자의 방어권이 실질적으로 침해되었다고 인정된다면, 국가는 그로 인하여 피의자가 입은 손해를 배상하여야 한다."", ""피고의 원고들에 대한 위자료책임을 인정한 제1심판결을 그대로 유지하였다.""]",211417,False,ko,623,1207,pass,pass,pass,pass,pass,pass,pass,external_manual_review_182_authoritative,retained,,development,b843e1620d665363f7774402dc0ea79fc909819d13af7d936fb1f9024303758b,0f0145425dc996598f993bd9816e8abf6d11e3b10cf02b354b72b45ae2d02dfd,0f0145425dc996598f993bd9816e8abf6d11e3b10cf02b354b72b45ae2d02dfd,c6e0f3abe82ecaac447b50ea9f2ae47e6be72457956abc0d5166ae547499790f
KR_80cd6399334ab774b2,FAM_1dff28ee1e2b15b8,KR,,대법원,supreme,2010-04-29,2009다98928,general_negligence_personal_injury,"[""불법행위책임"", ""자동차손해배상 보장법상 손해배상책임"", ""제3자에 대한 손해배상청구권 대위""]",accepted_primary,"[""소외 1은 위 임대차계약에 따라 이 사건 트럭을 운전하여 이 사건 공사현장에서 작업을 하다가 명성산업개발 주식회사 소속 근로자인 소외 2를 다치게 하는 이 사건 재해를 일으킨 사실"", ""피해 근로자에 대하여 불법행위책임 내지 자동차손해배상 보장법이나 민법 또는 국가배상법의 규정에 의하여 손해배상책임을 지는 자"", ""소외 2의 전체 일실수입 손해액""]",164976,False,ko,502,868,pass,pass,pass,pass,pass,pass,pass,external_manual_review+v3_final_qc_direct_source_adjudication,retained,,confirmatory,9f9f6a341b252848b17f9f5473d38a170430593f09cf7267226f2546d7aa1f0b,fccfbcef5a060d2a65224ccfbf682c9e952d4a5f614240858559206108da9498,fccfbcef5a060d2a65224ccfbf682c9e952d4a5f614240858559206108da9498,673b2cdd822f0057f3c6f323acce16f3fec926c58d2c7761e263e900d9951313
KR_820a517fce55c93a84,FAM_992c17ceec0654ea,KR,,대법원,supreme,2006-03-09,2005다16904,general_negligence_personal_injury,"[""불법행위 손해배상"", ""교통사고로 인한 상해"", ""일실수입 손해""]",accepted_primary,"[""타인의 불법행위로 상해를 입은 피해자의 일실이익을 산정하기 위한 방법"", ""사고로 인한 입원기간 동안에는 노동능력을 전부 상실하였다고 보아야 하고""]",216121,False,ko,377,723,pass,pass,pass,pass,pass,pass,pass,external_manual_review+v3_final_qc_direct_source_adjudication,retained,,confirmatory,c469edb31351307db1082d42a637f945f6a7d481f4c4c803af6004ad04e7e213,eb9f011aca4ea38b2f6ad96a50c3d78a19a6aa4e6db6fed5f96768f064ba0c0e,eb9f011aca4ea38b2f6ad96a50c3d78a19a6aa4e6db6fed5f96768f064ba0c0e,5954dc91d87548121abe65ce8ab728c6d86c205bdaa9657889fb67c73a1f75f1
KR_86fdfbe3f16878dfcf,FAM_c334110d70e49142,KR,,대법원,supreme,2017-12-28,2017다37096,other_civil_liability,"[""상표권 침해에 따른 공동불법행위 및 공동불법행위자 간 구상"", ""하자 있는 제품 판매에 따른 채무불이행 손해배상""]",independent_agreement,"[""원고의 주장과 같이 애니모드가 판매한 제품이 원고가 피고 회사로부터 납품받은 제품 중 일부라고 한다면, 피고들도 원고 및 애니모드와 함께 토니노 람보르기니 회사의 상표권을 침해한 제품의 생산·판매에 관여한 공동불법행위자가 될 수 있고"", ""이 사건 청구원인은 상표권 침해로 인한 공동불법행위자 상호 간의 내부분담비율에 따른 구상금을 청구하는 것으로 볼 수 있으므로, 원심으로서는 이에 대하여 석명권을 행사하여 그 취지를 명백히 하여 피고들이 토니노 람보르기니 회사의 상표권을 침해한 공동불법행위자에 해당하는지 여부 및 피고들의 고의나 과실 정도를 심리하여 그 부담 부분을 정하여야 한다.""]",235247,False,ko,596,1019,pass,pass,pass,pass,pass,pass,pass,external_manual_review_182_authoritative,retained,,confirmatory,62b02ef6cf30ba2389d133ad2e9318f78161b6fa8c13f27ff7e7588a2a5f99be,ba8c1f7a318c9566d2fe5093d34a8434de0d25864afbaec6fdf110e3ae809224,ba8c1f7a318c9566d2fe5093d34a8434de0d25864afbaec6fdf110e3ae809224,a4241864347151552d5d136d9723dc349984196dd36b990c9aa4d46b93043a87
KR_872d527b52dfbd5927,FAM_6b61d76c17a7c0ec,KR,,대법원,supreme,2023-08-31,2022다219427,medical_professional_liability,"[""medical negligence"", ""causation"", ""wrongful death damages"", ""informed-consent duty""]",independent_agreement,"[""피고 병원 소속 마취과 전문의인 소외 1은"", ""소외 1에게는 마취 중 망인에 대한 감시 업무를 소홀히 하여 응급상황에서 간호사의 호출에 즉시 대응하지 못함으로써 제때 심폐소생술을 시행하지 못한 잘못이 인정된다고 판단하였다."", ""소외 1의 진료상 과실은 망인의 사망을 발생시킬 개연성이 있다고 볼 수 있다.""]",238639,False,ko,1504,3168,pass,pass,pass,pass,pass,pass,pass,replacement_generation_and_direct_qc_v3,replacement_v3,"판결의 실질적 쟁점은 산업재해보상보험 유족급여·장의비에 관한 대위 및 합의서 해석이며, 민사상 손해배상책임의 성립이나 범위를 판단한 본안이 아니다. 특히 원심의 판단과 대법원의 파기 이유는 ‘처분문서인 이 사건 합의서의 문언’ 해석에 관한 것이다.",development,f02fb74b9969d2cb8921b11b30eaa4b3a31e57e1472625c5ab6e9e2772e59c35,6504faba2ad830deca51e7f220ac6395b45571a7f0c5bcf8692c8b110bd5bbac,6504faba2ad830deca51e7f220ac6395b45571a7f0c5bcf8692c8b110bd5bbac,8eeddec9bfe13319c9471c95fb3f719a16f7fb0e4c6688a42ce27ef6660e67f2
KR_882ce243b36c889fda,FAM_0f4b53554ceb3d8b,KR,,대법원,supreme,2020-08-27,2016다248998,general_negligence_personal_injury,"[""안전배려의무 위반에 따른 손해배상"", ""업무상 질병으로 인한 사망 손해"", ""과실상계 또는 책임제한""]",independent_agreement,"[""피고 기아자동차를 상대로 같은 피고가 안전배려의무를 위반하여 망인을 사망에 이르게 하였다고 주장하면서 망인이 입은 손해에 대한 배상을 구한다."", ""망인은 2008. 8. 25. 급성 골수성 백혈병(이하 ‘이 사건 질병’이라 한다)으로 진단받은 후 2010. 7. 19. 이 사건 질병으로 인하여 사망하였다.""]",226499,False,ko,407,700,pass,pass,pass,pass,pass,pass,pass,replacement_generation_and_direct_qc_v3,replacement_v3,"Insurance-coverage-only dispute concerning application of an automobile-insurance exclusion clause, not the underlying civil-liability merits.",confirmatory,ca8e534e2acf0cec83caaf7f626b4fc36c4e40f6c7f78e71d1bad88649efd19d,1b2dd4baf15971c79cbbe8da057815a94085b2326cc13a236250c34fe14a32e8,1b2dd4baf15971c79cbbe8da057815a94085b2326cc13a236250c34fe14a32e8,56285ac413df3f714af9eb2575af6919572681abcecacbe2dafe3eb8758ef592
KR_8954cbe1140427b3ef,FAM_a7410d71219039ef,KR,,대법원,supreme,2003-09-05,2002다17333,product_liability,"[""product design defect"", ""product manufacturing defect"", ""failure to warn/instruct"", ""negligence-based product liability""]",independent_agreement,"[""일반적으로 제조물을 만들어 판매하는 자는 제조물의 구조, 품질, 성능 등에 있어서 현재의 기술 수준과 경제성 등에 비추어 기대가능한 범위 내의 안전성을 갖춘 제품을 제조하여야 하고"", ""그와 같은 결함 중 주로 제조자가 합리적인 대체설계를 채용하였더라면 피해나 위험을 줄이거나 피할 수 있었음에도 대체설계를 채용하지 아니하여 제조물이 안전하지 못하게 된 경우를 말하는 소위 설계상의 결함"", ""제조상 내지 설계상의 결함이 인정되지 아니하는 경우라 할지라도, 제조업자 등이 합리적인 설명, 지시, 경고 기타의 표시를 하였더라면 당해 제조물에 의하여 발생될 수 있는 피해나 위험을 줄이거나 피할 수 있었음에도 이를 하지 아니한 때에는 그와 같은 표시상의 결함(지시·경고상의 결함)에 대하여도 불법행위로 인한 책임이 인정될 수 있고""]",197613,False,ko,849,1843,pass,pass,pass,pass,pass,pass,pass,external_manual_review_182_authoritative,retained,,confirmatory,7916e310368f67cd5d547f1603e395b7f24683eed6fb61785622abc71afbb3ca,0c7a95cfb58b12f67cb3fb48746b1aebfd2a9d5aeedd19c3f4aca79fe9218295,0c7a95cfb58b12f67cb3fb48746b1aebfd2a9d5aeedd19c3f4aca79fe9218295,5e188a1c3b44d8c75f4a077d64d64702f9f2d730456015d9e10b723d70f542da
KR_8a49a0389073fce149,FAM_d8e6a7ac96475346,KR,,대법원,supreme,2004-10-27,2004다7040,other_civil_liability,"[""해상운송인의 운송물 손상에 대한 손해배상책임"", ""선박임차인의 선장의 직무 범위 내 손해에 대한 상법상 책임"", ""실제운송인의 과실에 따른 불법행위 손해배상책임""]",accepted_primary,"[""선박임차인은 재용선자인 제3자에 대하여 상법 제806조에 의한 책임, 즉 자신의 지휘·감독 아래에 있는 선장의 직무에 속한 범위 내에서 발생한 손해에 관하여 상법 제787조 및 제788조의 규정에 의한 책임을 진다"", ""피고가 실제운송인에 해당한다고 볼 증거가 없다는 이유로 원고의 청구를 배척한 원심은 불법행위의 성립에 관한 법리를 오해한 나머지 판결에 영향을 미친 위법을 저지른 것""]",83519,False,ko,720,1150,pass,pass,pass,pass,pass,pass,pass,external_manual_review_182_authoritative,retained,,confirmatory,c587c83f4320336105ac7ee9543c3df232b1fcf839ef92aa1cd1043191ddcca0,0bc5ea7a0a38cc0873875fbec0cf27a40f32ea652d6317f86447bab7f7ed9da7,0bc5ea7a0a38cc0873875fbec0cf27a40f32ea652d6317f86447bab7f7ed9da7,fc76c416e14031e998af456fed15074d711354d40dfae757264df0819bb869dc
KR_908095abe4f0d6d327,FAM_7d0c4a6847d42aa9,KR,,대법원,supreme,2007-07-13,2005다23599,other_civil_liability,"[""금융기관의 주의의무 위반"", ""사용자책임"", ""상당인과관계"", ""과실상계""]",independent_agreement,"[""금융기관으로서는 금융실명거래 및 비밀보장에 관한 법률에서 정한 실명확인의무와 무관하게 위와 같은 최소한의 조치를 취함으로써 피모용자가 수령하여야 할 금원을 피모용자 명의로 임의로 개설한 은행계좌로 송금하게 하는 방법으로 금원을 편취하는 범죄행위 등에 도움을 주지 않아야 할 주의의무가 있다고 할 것이고"", ""피고 은행에 대하여 피용자의 불법행위로 인한 사용자책임을 인정"", ""소외 1의 위와 같은 주의의무 위반과 원고의 위 치료비 상당의 손해 발생과는 상당인과관계가 인정된다는 취지로 판단하였음은 정당""]",216347,False,ko,561,956,pass,pass,pass,pass,pass,pass,pass,external_manual_review_182_authoritative,retained,,confirmatory,64cef7623f3a7cb769e4928fdb7ba7bce615d86337d2089f514e30f2593f7a16,1f8ad3527ac5e1af7b73b19032020a37b5b958788ae68771cb4b189564430fe3,1f8ad3527ac5e1af7b73b19032020a37b5b958788ae68771cb4b189564430fe3,d37504e8c2fc59f56c7057617c5cb39616dcafd9cb4a316d51f701e1003fb0d9
KR_91bd2c03cf60df4426,FAM_1f5a022cebb945c6,KR,,대법원,supreme,2022-08-11,2022다202498,other_civil_liability,"[""상가임대차법상 임대인의 권리금 회수 방해행위에 따른 손해배상책임""]",independent_agreement,"[""임대인이 상가임대차법 제10조의4 제1항에서 정한 기간에 이러한 신규 임차인이 되려는 자에게 권리금을 요구하는 등 위 제1항 각호의 어느 하나에 해당하는 행위를 함으로써 임차인이 신규 임차인으로부터 권리금을 회수하는 것을 방해한 때에는 임대인은 임차인이 입은 손해를 배상할 책임이 있다"", ""피고의 원고에 대한 ‘권리금 회수 방해행위’에 따른 손해배상책임이 성립하기 위해서는 원고가 구체적인 인적사항을 제시하면서 신규 임차인이 되려는 자를 피고에게 주선하였음에도 피고가 상가임대차법 제10조의4 제1항 각호의 어느 하나에 해당하는 행위를 하였어야 한다""]",228551,False,ko,838,1815,pass,pass,pass,pass,pass,pass,pass,external_manual_review+v3_final_qc_direct_source_adjudication,retained,,development,7f0634e3031cc0206283acb88ba0adac0ecd5a50295b33f612e0f857d73a47bc,a75bd0533d1259bac57e7ec4f27b465b38834182644b656bd9ac409cca40d0ac,a75bd0533d1259bac57e7ec4f27b465b38834182644b656bd9ac409cca40d0ac,2526c53c2424b80c547ca1fbd5d0b25a4aa25db49fbc63955ff8236e0783596f
KR_934df9d2f48650c256,FAM_84a3aa6428b408d4,KR,,대법원,supreme,2010-01-28,"2008다65686, 65693",general_negligence_personal_injury,"[""ordinary negligence"", ""maritime collision liability"", ""joint tortfeasor liability"", ""wrongful death"", ""personal injury damages""]",accepted_primary,"[""이 사건 충돌 사고로 ◇◇◇☆☆호가 전복되어 선장 소외 4를 비롯하여 선원 7명이 실종되어 사망하였으며, 선원 소외 6은 저산소성 뇌병증 등의 상해를 입은 채로 해양경찰에 의해 구조된 사실"", ""따라서 △△△△□□호 측의 음향신호 및 등화신호를 하지 아니한 과실도 이 사건 충돌 사고 발생의 한 원인이 되었다고 보아야 마땅하다.""]",215601,False,ko,1507,2915,pass,pass,pass,pass,pass,pass,pass,external_manual_review+v3_final_qc_direct_source_adjudication,retained,,development,f8c28113ba3c3dcc4a5330042fbf86f804eb0fd12a52dca5bd1588242ac78836,9a879be724640fdfdc6ab54963a4f836680522b1ac4879549fa3582f94116014,9a879be724640fdfdc6ab54963a4f836680522b1ac4879549fa3582f94116014,cd12504c7edbcd59f885c1e5a6e1390a9819ab3c5f6906200a382cd20d19120e
KR_94e863154231995db3,FAM_c03d012d536e2ffa,KR,,대법원,supreme,2001-03-23,99다33397,other_civil_liability,"[""불법행위"", ""과실상계"", ""선하증권 운송인의 손해배상책임""]",independent_agreement,"[""불법행위에 있어서 과실상계는 공평 내지 신의칙의 견지에서 손해배상액을 정함에 있어 피해자의 과실을 참작하는 것"", ""피고가 배상할 손해액을 산정함에 있어 참작하기로 하되 그 비율은 위 사실관계에 비추어 약 30% 정도로 봄이 상당하다고 판단하였다.""]",191294,False,ko,903,2161,pass,pass,pass,pass,pass,pass,pass,external_manual_review_182_authoritative,retained,,confirmatory,e4fed387282fd8ce7e9f91e4479b56449ee0c1594d9f904b693b7e769d92207b,f8daae71cbe5e5f7c0230ac9908cf14cca6ff4a800270368041f4b81371c1dca,f8daae71cbe5e5f7c0230ac9908cf14cca6ff4a800270368041f4b81371c1dca,03174f81d460355a5e0b124eccf5a76ad2bd158ed3b4d1356b430c11cab110ac
KR_9dad33b6d6293b40f2,FAM_8459e143c402c561,KR,,대법원,supreme,2002-10-25,2002다48443,medical_professional_liability,"[""의사의 설명의무 위반"", ""자기결정권 침해에 따른 정신적 손해배상""]",independent_agreement,"[""일반적으로 의사는 환자에게 수술 등 침습을 과하는 과정 및 그 후에 나쁜 결과 발생의 개연성이 있는 의료행위를 하는 경우"", ""성형수술행위도 질병의 치료행위의 범주에 속하는 의료행위임이 분명하므로"", ""피고는 위 수술을 함에 있어서 설명의무를 위반하여 원고가 수술을 할 것인지 여부를 결정할 수 있는 권리를 침해하였다 할 것이고""]",82053,False,ko,728,1612,pass,pass,pass,pass,pass,pass,pass,replacement_generation_and_direct_qc_v3,replacement_v3,"계약상 품위유지약정 위반에 따른 채무불이행 및 손해배상만을 다루는 계약 전용 사건으로, 일반 불법행위·의료과실·제품책임의 실질적 쟁점이 없다.",confirmatory,490f7b02b8675bccedef312f9afea3006ad6759c1f9ac0a43411baa321b94147,62b5c97d4a7b5509b9636a8ca750c9b18de3814374b4d7f60a28d4c2bdebbe78,62b5c97d4a7b5509b9636a8ca750c9b18de3814374b4d7f60a28d4c2bdebbe78,c6202207bffed183dae25161207674e04c80528defd0f172171af9ff9e0f9239
KR_9fa690d66617cf987e,FAM_2f4bf01546c0cae2,KR,,대법원,supreme,2002-06-28,2001다27777,other_civil_liability,"[""negligent expert appraisal"", ""causation-based damages claim""]",independent_agreement,"[""피고 2의 감정과실로 인하여 원고들이 위 서울지방법원 96가단16696호 사건에서 낮은 액수의 배상액을 인정받게 되었음을 이유로 하는 이 사건 손해배상청구"", ""민사소송절차에서 신체감정에 관한 감정인의 감정결과는 증거방법의 하나에 불과하고""]",81663,False,ko,476,1137,pass,pass,pass,pass,pass,pass,pass,external_manual_review+v3_final_qc_direct_source_adjudication,retained,,confirmatory,bbadb22029d0e0da0fd78d9cf4a711e43677cd056a4db8a6f7b77ffa9f578793,3b4ac452bebeaea2794474b7a8daf1693876c842acb0e96bc64809d4eddd0f4d,3b4ac452bebeaea2794474b7a8daf1693876c842acb0e96bc64809d4eddd0f4d,4a9e09528bb654e28fd6415164e96c0ee3c5821bf31dc06b687f0b9b246777f2
KR_9ff8adb69f213e129e,FAM_5e9acaaa84c0cfa6,KR,,대법원,supreme,2004-05-14,2003다38207,other_civil_liability,"[""감정평가업자의 과실에 따른 전문직 업무상 과실책임"", ""손실보상액과 실제 보상액 차액 상당의 손해배상""]",independent_agreement,"[""감정평가업자가 토지를 감정평가하는 경우에는 실지조사에 의하여 대상 물건을 확인하고"", ""감정평가를 하여야 할 주의의무가 있다 할 것이나"", ""피고들이 고의 또는 과실로 현황에 반하는 감정을 하여 원고들에게 적정한 손실보상가격과 실제 보상액의 차액 상당 손해를 가하였다는 원고들의 주장""]",83247,False,ko,944,2221,pass,pass,pass,pass,pass,pass,pass,external_manual_review_182_authoritative,retained,,confirmatory,b33c8bedde64cc5ddc2d41360b3d9eadb8b3c258eb786ab1f54d3da708dd8506,11e5c42d2133c823b533fa73e999e29bc233e85ee737de2a4e030c5dab70c677,11e5c42d2133c823b533fa73e999e29bc233e85ee737de2a4e030c5dab70c677,c851ae19a49e53af81a43238795ec40153cbb3dcdb2c4ba445160d66c0a01030
KR_a3d84a1ae8d86e74c5,FAM_082c8d1f07b833fe,KR,,대법원,supreme,2002-11-26,2002다47181,general_negligence_personal_injury,"[""자동차손해배상보장법 제3조상 운행자책임"", ""자동차 운행에 대한 운행지배 및 지배가능성""]",accepted_primary,"[""자동차가 매매를 위하여 위탁된 경우 위탁자 등의 운행지배 유무는 그 당사자 사이의 실질적 관계를 살펴서 사회통념상 위탁자 등이 차량운행에 간섭을 하거나 지배·관리할 책무가 있는 것으로 평가할 수 있는지의 여부를 가려 결정하여야 한다"", ""피고 1과 피고 3이 이 사건 사고에 관하여 '자기를 위하여 자동차를 운행하는 자'에 해당하지 않는다고 판단한 원심의 조치는 정당하고""]",194740,False,ko,1179,1982,pass,pass,pass,pass,pass,pass,pass,external_manual_review+v3_final_qc_direct_source_adjudication,retained,,confirmatory,d8826639789d578336748a7d6f74ea0982cb7b7452395f2df854b3d0f10db2a5,89596ef64fa8f4e3968ac4190a7ffb08ba051d550712708aa35a028a96dff7d8,89596ef64fa8f4e3968ac4190a7ffb08ba051d550712708aa35a028a96dff7d8,1c97f8f2c70b00b2d110476820a2c72d3864b3cca018ec75511a09d42e5f4398
KR_a41002435a915c75d1,FAM_0f543a596046c46f,KR,,대법원,supreme,2012-01-27,"2009다82275, 82282",medical_professional_liability,"[""의료상 주의의무 위반"", ""의료과실로 인한 손해배상책임"", ""공동불법행위""]",independent_agreement,"[""의료행위상 주의의무 위반으로 인한 손해배상청구"", ""3다52402 판결, 대법원 2006. 10. 27. 선고 2004다2342 판결 등 참조).\n  나. 원심판결 이유 및 원심이 적법하게 채택한 증거에 의하면 다음 사실을 알 수 있다.\n  (1) 산부인과 전문의인 피고 1은 2004. 2. 18. 10:50경 소음순 비대칭 증상이 있던 망 소외 1(이하 ‘망인’이라고 한다)에게 프로포폴과 미다졸람(도미컴)으로 마취유도를 한 후 소음순 절제술을 시작하였는데, 망인이 수술 중 계속 엉덩이를 움찔하자 간호조무사인 피고 3으로 하여금 적정 투여량보다 과다한 양의 마취제를 투여하게 하였다. 그런데 10:57경 맥박산소계측기에서 경고음이 울리고 망인의 호흡이 정"", ""피고 1에게는 이 사건 마취수술 과정에서 마취제를 과다하게 투여하고 호흡관리를 제대로 하지 못하는 등의 과실이 있고""]",160207,False,ko,1177,2467,pass,pass,pass,pass,pass,pass,pass,replacement_generation_and_direct_qc_v3,replacement_v3,"The opinion addresses only the statute-of-limitations accrual and interruption rules for a damages claim, without deciding a substantive civil-liability merits issue.",confirmatory,1940b6993360c86209823be797769aa5f85f267a1bb4201faa84bb299ccfa783,c0985c928999abd243139c1f25c9e774803c0a9ef949e9d29f80581f8894dee7,c0985c928999abd243139c1f25c9e774803c0a9ef949e9d29f80581f8894dee7,c1cfb1235d9cf10a7a152c86461b99fc9b354bc76a7459c159a6355699012179
KR_ab2b68c40724d0aa92,FAM_9344bbd212e28b6e,KR,,대법원,supreme,2001-11-09,2001다54045,general_negligence_personal_injury,"[""공원·시설물 유지관리상 과실"", ""안전관리의무 위반에 따른 사망 손해배상책임""]",independent_agreement,"[""피고는 이 사건 사고 장소를 포함한 위 화양계곡 일대의 유지·관리자로서 망인 및 그 가족인 원고들이 이 사건 사고로 인하여 입은 손해를 배상할 책임이 있다고 판단하였다."", ""피고로서는 이러한 모든 이용 상황을 감안하여 이용객들의 물놀이 관련 안전사고를 예방하기 위해서는 '수영금지'라는 단순한 문구가 기재된 안내판 외에 이용객들에게 이 사건 사고 장소의 특이한 지형 구조와 수심을 알리고 각별한 주의를 촉구하는 내용의 경고판을 추가로 설치하는 등 안전관리를 철저히 하여 사고를 예방할 주의의무가 있음에도 불구하고 이를 게을리 한 잘못으로 인하여 망인이 사망에 이르게 되었으므로""]",191719,False,ko,800,1682,pass,pass,pass,pass,pass,pass,pass,replacement_generation_and_direct_qc_v3,replacement_v3,minimum balancing swap required for exact KR-US domain equality,confirmatory,bf8391c6537353754dfbae4c2ed4558a55b91f039ad86275f5cc71f9802a564f,79700372b92bf8ca87a8feb0a95ed05739f21f36bd667eb8375e7b68ea8cae1c,79700372b92bf8ca87a8feb0a95ed05739f21f36bd667eb8375e7b68ea8cae1c,9a5da1d930b89d7a3b39badf2df489a786f26310a34273bce8762197fdc0ac43
KR_ac6643f28f1a875a1b,FAM_54ea6fd1250341ef,KR,,대법원,supreme,2007-10-25,2005다23438,general_negligence_personal_injury,"[""국가배상책임"", ""경찰관의 직무상 과실"", ""보호의무 위반""]",accepted_primary,"[""망인이 사망에 이르게 되었으므로, 피고는 망인과 원고들이 입은 손해를 배상할 책임이 있다고 판단하였다."", ""경찰관들의 위와 같은 상황판단 미숙과 안이한 상황대처, 허술한 작전, 현장상황의 신속한 보고나 전파의 부재와 그로 인한 늦장 대응 등의 과실""]",69015,False,ko,692,1243,pass,pass,pass,pass,pass,pass,pass,external_manual_review_182_authoritative,retained,,confirmatory,73520932b4b2626d1076574ca000e4787b6351cc3b11655a4ab507488fb6d0e4,f7e663dc0df882806be02f1f2196152e7260645523f1eee41b47b58c1bac5299,f7e663dc0df882806be02f1f2196152e7260645523f1eee41b47b58c1bac5299,f25f40ae6c6808f4d2fa7d86b3b729dcd3cdaeaafec5b8f00632fa42fdad86f3
KR_adf561060b125d6b87,FAM_4057f3fd0f627bd2,KR,,대법원,supreme,2005-08-19,2004다4942,general_negligence_personal_injury,"[""자동차사고로 인한 불법행위 손해배상"", ""신체상해 및 후유장해에 따른 재산상손해·위자료"", ""책임보험자의 피해자 직접청구""]",independent_agreement,"[""이 사건 사고로 인하여 원고들이 입은 손해에 대하여"", "".\n \n  또한 \n 민법 제750조 내지 \n 제752조에 의하면, 불법행위 피해자의 가족은 그 정신적 고통에 관한 입증을 함으로써 가해자에게 위자료의 지급을 청구할 수 있다고 할 것이고, 경험칙상 타인의 불법행위로 부당하게 신체상해를 입은 피해자의 처와 자식은 특별한 사정이 없는 한 그로 인하여 정신적 고통을 받았다고 보아야 할 것이므로, 그 경우 피해자의 처와 자식은 가해자에게 그들의 정신적 고통에 대한 위자료의 지급을 청구할 수 있다고 할 것이다(\n 대법원 1999. 4. 23. 선고 98다41377 판결 참조).\n \n  그렇다면 이 사건 사고의 직접 피해자인 원고 \n 1의 처와 자식인 위 원고"", ""위 원고가 이 사건 사고로 인한 후유장해 때문에 2000. 12. 26. 그 동안 다니던 소외 2의 대표이사직에서 퇴임하게 됨으로써 수입이 실질적으로 감소하게 된 사실""]",143404,False,ko,263,658,pass,pass,pass,pass,pass,pass,pass,replacement_generation_and_direct_qc_v3,replacement_v3,"계약상 상품권 제품 제공의무 불이행에 따른 전보배상만을 다루는 계약·지급 사건으로, 실질적인 불법행위상 민사책임이나 손해배상 merits 쟁점이 아니다.",development,d7a2f70598e3fe016ca6ed3abf96050ef6c945fc4dacccf661029aa59b4cccdf,71b021e68a1c1f29ce5b9b1a92ec57392da390c0ee395efd8fd61fad21f350d9,71b021e68a1c1f29ce5b9b1a92ec57392da390c0ee395efd8fd61fad21f350d9,0d6f1e885a8d9959a91df56095f70b6c868f1978f1c10e753040f69946635e99
KR_af61f4590681c75f54,FAM_74ced5fac5880b45,KR,,대법원,supreme,2010-09-30,"2008다58794,58800,58817",other_civil_liability,"[""불법행위"", ""재산적 손해배상"", ""정신적 손해에 대한 위자료""]",independent_agreement,"[""기간임용제 대학교원에 대한 학교법인의 재임용거부결정이 재량권을 일탈·남용한 것으로 평가되어 그 사법상 효력이 부정된다고 하더라도 이것이 불법행위를 구성함을 이유로 학교법인에게 재산적 손해배상책임을 묻기 위해서는 당해 재임용거부가 학교법인의 고의 또는 과실로 인한 것이라는 점이 인정되어야 한다."", ""사립대학 교원이 위법한 재임용거부로 인하여 위와 같은 재산적 손해 외에 별도의 정신적 고통을 받았음을 이유로 위자료를 청구하기 위해서는""]",147333,False,ko,625,990,pass,pass,pass,pass,pass,pass,pass,external_manual_review_182_authoritative,retained,,confirmatory,e1a808e522254cc6070a0a34a53dc0ba07d5f46eb1bbccc28435c5cdd2c227b5,33ecc0da93cd25b2bf7e5305f36f1aa97b74fed3365f9a2c13a57487f3eae480,33ecc0da93cd25b2bf7e5305f36f1aa97b74fed3365f9a2c13a57487f3eae480,b5868cd90ce3b428f5da44686ac2308196c7028da39ccb7d583dd0ca3be7ba7a
KR_b1623e21ca7095a358,FAM_9aa67d47042380ad,KR,,대법원,supreme,2024-07-11,2023다314022,other_civil_liability,"[""불법행위 손해배상"", ""선량한 관리자의 주의의무 위반"", ""정신적 손해(위자료)""]",independent_agreement,"[""피고는 원고들에게 불법행위로 인한 손해배상책임을 부담한다고 판단하였다."", ""피고의 행위로 인하여 원고들에게 손해가 발생하였다고 보기도 어렵다."", ""불법행위의 성립요건인 위법성 및 손해 등에 관한 법리를 오해하여""]",241021,False,ko,579,950,pass,pass,pass,pass,pass,pass,pass,external_manual_review+v3_final_qc_direct_source_adjudication,retained,,confirmatory,635cd7587dfdc52cc9407176ffb22ea3f80485a49f14e957ad9bb536baeacb2c,87f3bc80864cd0bdff7711407bd3b7e0ad6dd289cade59ff8105057481b483d0,87f3bc80864cd0bdff7711407bd3b7e0ad6dd289cade59ff8105057481b483d0,56281bb8a21f54684b4cefac96e781029e90782cc5c74b551f154c5118d13756
KR_b24448d722a0190549,FAM_07aec9f1fad84959,KR,,대법원,supreme,2015-09-10,2013다73957,other_civil_liability,"[""국가배상"", ""공무원의 직무상 의무 위반"", ""수사기관의 현저히 부실한 조사"", ""정신적 손해에 대한 위자료""]",independent_agreement,"[""피고 산하 군수사기관인 헌병대가 철저히 현장을 보존하고 이 사건 사고의 내용과 원인을 면밀히 조사하여 실체적 진실을 규명하여야 할 직무상 의무를 위반하였으므로, 피고는 이러한 위법행위로 인한 손해를 배상할 책임이 있다고 판단하였다."", ""피고는 원고 1, 원고 2에게 이로 인한 손해를 배상할 책임이 있고, 위 원고들의 청구에는 이로 인한 정신적 고통에 대한 손해배상을 구한다는 취지까지 포함되어 있다고 볼 수 있다.""]",179719,False,ko,1403,3190,pass,pass,pass,pass,pass,pass,pass,external_manual_review_182_authoritative,retained,,confirmatory,d428ff170724278199fd952119d27a2ceb2b781615aa786bcd0009bfc27e4c9f,d1e233b5ac4a1f52af195334474783c7b039bf4b37ee0e19c9138fb1f659f52f,d1e233b5ac4a1f52af195334474783c7b039bf4b37ee0e19c9138fb1f659f52f,125d1ad710e2f629ce2349084a44a6a285379ca2b8d818204e964a6074903e85
KR_b7cbce3536a0f4f763,FAM_077473b0d02ff55e,KR,,대법원,supreme,2014-11-13,"2011다77313,77320",other_civil_liability,"[""공동불법행위"", ""직무발명 관련 특허권 지분의 이중양도에 따른 배임행위""]",independent_agreement,"[""Q22 합금 발명에 대한 특허를 받을 수 있는 권리"", ""Q22 합금에 대한 라이선스계약을 체결하기까지 한 사실"", ""그렇다면 원심으로서는 Q22 합금 발명에 대한 특허를 받을 수 있는 권리 중 피고 2의 지분을 심리하여 확정하고, 위 기술료 가운데 그 지분에 상응하는 금액만을 손해액으로 산정하여 배상을 명하였어야 할 것이다.""]",176319,False,ko,1494,2802,pass,pass,pass,pass,pass,pass,pass,external_manual_review_182_authoritative,retained,,confirmatory,c8a7730f3284f9af07a5ee25b7cba72f9369fdc9d1a8c3cf38c555a063d23b6c,3391b1379541f8380ae96e6f408b33701a9699cee635c0941cf15621b9166f14,3391b1379541f8380ae96e6f408b33701a9699cee635c0941cf15621b9166f14,9fca04ef9598ccf0bd524028fe2cbeab1b953319a6af11db2d5e563543282dc1
KR_b7d634c2e03993e164,FAM_e1c83b3f584bff50,KR,,대법원,supreme,2007-06-15,2004다48775,general_negligence_personal_injury,"[""negligent supervision"", ""breach of duty to protect and supervise students"", ""causation"", ""comparative negligence""]",accepted_primary,"[""학교에서의 교육활동 및 이와 밀접불가분의 관계에 있는 생활관계에 한하며"", ""학교를 설립하여 운영하는 지방자치단체인 피고 및 그 소속 교사들은 어느 특정 개인의 폭력성 여부를 떠나 폭력행위가 학교 내에서 발생하지 않도록 함으로써 학생들을 보호할 일반적 주의의무가 있다고 할 것인데""]",68740,False,ko,638,1389,pass,pass,pass,pass,pass,pass,pass,external_manual_review_182_authoritative,retained,,confirmatory,50916ae5706c94bbabb632c1e168805ac4c8299f5a6ccec3130b31a6d74e72dd,fc9b2f9a81c1255aea352f548e5af4aa4ecb513d74248fe63337304e54116da4,fc9b2f9a81c1255aea352f548e5af4aa4ecb513d74248fe63337304e54116da4,9a4da515802ac9b4ea4452f61fef68916e945d019c3a5483eb2cebde5e34649b
KR_b8c149d3a7eebfddda,FAM_fe0d59a1289306a0,KR,,대법원,supreme,2009-11-12,2007다53785,other_civil_liability,"[""이사의 제3자에 대한 손해배상책임"", ""감사의 임무해태에 따른 제3자 손해배상책임"", ""허위 재무제표 및 분식회계로 인한 손해배상책임"", ""분식회계와 대출·지급보증 손해 사이의 상당인과관계""]",independent_agreement,"[""피고 2는 동아건설의 이사로서 대표이사 또는 이사인 제1심 공동피고 최원석, 제1심 공동피고 2와 순차적으로 공모하여 담당실무자인 제1심 공동피고 6에게 분식회계의 실행을 지시하여 1995 회계연도 재무제표 및 1996 회계연도 재무제표를 허위로 작성·공시하도록 하였는바, 이는 이사가 고의 또는 중과실로 그 임무를 해태한 경우에 해당한다고 판단하였다."", ""피고 1은 동아건설의 감사로서 직무를 전혀 수행하지 아니한 중과실로 1995 회계연도 및 1996 회계연도에 위와 같이 허위의 재무제표가 작성·공시되는 것을 방치하는 등 감사로서의 임무를 해태하였다고 판단한 조치는 정당하고"", ""그로 말미암아 제3자가 입은 손해를 배상할 책임이 있다""]",143216,False,ko,868,1889,pass,pass,pass,pass,pass,pass,pass,external_manual_review+v3_final_qc_direct_source_adjudication,retained,,development,c0c6e43917ccbfd4f37c4d2aee693a7e24a263032498f13a0bf3dfcca299e911,9fa62715be81d5f9ba3c8effd18c10f461d7b6e7f2ee10e35aab0eb01b70d0fc,9fa62715be81d5f9ba3c8effd18c10f461d7b6e7f2ee10e35aab0eb01b70d0fc,fcef9f44c1f97df44f0f93a9229eecb9de463a26d75ff1dd3d8242898d899597
KR_b8f7e4d96ca6d41527,FAM_2d185d7fa9d23211,KR,,대법원,supreme,2013-07-12,2006다17539,product_liability,"[""제조물책임"", ""설계상 결함"", ""위험방지의무 위반"", ""경고 표시 미실시""]",independent_agreement,"[""따라서 제조업자가 이러한 고도의 위험방지의무를 위반한 채 생명·신체에 위해를 발생시킬 위험이 있는 화학제품을 설계하여 그대로 제조·판매한 경우에는 특별한 사정이 없는 한 그 화학제품에는 사회통념상 통상적으로 기대되는 안전성이 결여된 설계상의 결함이 존재한다고 봄이 상당하다."", ""피고들이 베트남전 동안 제조·판매한 고엽제에는 인체의 안전을 위한 고도의 위험방지의무를 위반함으로써 사회통념상 통상적으로 기대되는 안전성을 결여한 설계상의 결함이 있다고 봄이 상당하다."", ""고엽제에 노출되어 염소성여드름이 발병한 선정자들 중 손해배상청구권이 시효로 소멸되지 않은 선정자들에 관한 원심의 위와 같은 판단은 정당하고""]",192119,False,ko,1358,2697,pass,pass,pass,pass,pass,pass,pass,external_manual_review+v3_final_qc_direct_source_adjudication,retained,,confirmatory,b0f6ba54126342b6d92d6f5cd0d17c7f609b99c825a14ef3d37176f871a5f3ba,fcd5173e03ec61833aa3270a13127645279b4e4da51fe8bb29dca4376bd4c496,fcd5173e03ec61833aa3270a13127645279b4e4da51fe8bb29dca4376bd4c496,0cdf549de64de9c645f83747378da30f3479cb5d828d8b771753e46f94c376ba
KR_b9478acaee2bfa081a,FAM_8aa18531cef873cd,KR,,대법원,supreme,2017-03-15,2013다209695,other_civil_liability,"[""국가배상법상 공무원의 과실에 의한 위법행위"", ""공무원의 부동산 처분으로 인한 소유권 및 재산상 손해""]",independent_agreement,"[""피고 소속 담당공무원이 이 사건 토지를 삼성에스디아이에 매도하고 소유권이전등기를 해주었다면, 피고 소속 담당공무원에게 위와 같은 불법행위에 대한 과실과 위법성이 인정된다."", ""국가가 구 농지개혁법에 따라 매수한 농지에 관하여 그 명의로 소유권보존등기를 마쳤으나 농지를 분배하지 않아 원소유자의 소유로 환원된 경우에는 원소유자에게 농지에 관한 소유권이전등기를 마쳐야 한다.""]",184532,False,ko,832,1741,pass,pass,pass,pass,pass,pass,pass,external_manual_review_182_authoritative,retained,,confirmatory,10fadf10f91a94290cb810a432de78978150e9a73aad45928b54392354ec9d5f,979850c43fdb7526e0357a9be398c564d7435be254e8acc3a8438f833d47b614,979850c43fdb7526e0357a9be398c564d7435be254e8acc3a8438f833d47b614,b0393f70bd3cc43a3212c48661455919f7d18a01064908216b482642a499936b
KR_bb48d36e58640760a7,FAM_f3a22d91ff96676a,KR,,대법원,supreme,2006-03-10,2005다31361,product_liability,"[""product defect"", ""failure to warn"", ""product liability""]",independent_agreement,"[""제품이 정상적으로 사용되는 상태에서 사고가 발생한 경우 그 제품의 결함을 이유로 제조업자에게 손해배상책임을 지우기 위해서는"", ""이 사건 비료 자체의 결함에 기인한 것으로서"", ""그 용법에 관한 표시상의 결함이 존재한다고 봄이 상당하며""]",67899,False,ko,589,1132,pass,pass,pass,pass,pass,pass,pass,external_manual_review_182_authoritative,retained,,confirmatory,7c0422498819894363a5de99df9ccf777f744a070f546b37a9d07238330aa733,0441067aab07eacd3af261a94b7eb65fba70d2acc6e4c5d9db4d97b398149533,0441067aab07eacd3af261a94b7eb65fba70d2acc6e4c5d9db4d97b398149533,f6414469d50a2e1cafb61b3f1191a06a6955c408344814f0c332eec7cf80b862
KR_bca778095d79c8e711,FAM_13993fa8e948508a,KR,,대법원,supreme,2016-09-28,2016다213237,other_civil_liability,"[""운송인의 하위계약자에 대한 화물 손해배상책임"", ""양륙작업 중 화물 파손에 따른 재산손해"", ""운송계약상 책임제한 항변""]",independent_agreement,"[""피고의 직원이 이 사건 화물의 양륙작업을 수행하는 과정에서 이 사건 화물이 추락·파손되는 사고가 발생하였고, 송하인 히타치가 수리비 등을 지출하는 손해를 입게 되었다."", ""피고는 이러한 이스턴 마린의 양륙작업을 대행한 자로서 이 사건 히말라야 약관에서 규정하는 운송인의 하위계약자의 지위에 있다고 봄이 타당하다.""]",187851,False,ko,998,1947,pass,pass,pass,pass,pass,pass,pass,external_manual_review+v3_final_qc_direct_source_adjudication,retained,,development,5a256ddeb9351405397810c7038c4f4be9cf654b47967b96d3ad780b131cfde9,302a8d45fc482f51db1828a1450f0ba4a86ecb7c0c225f9c4657fe1076bb2957,302a8d45fc482f51db1828a1450f0ba4a86ecb7c0c225f9c4657fe1076bb2957,3de6f819acbba4285d95febac7c5f2d2cd4fd15a038fff43807a408d3fc56594
KR_bcc14552a5ebdd0945,FAM_2c7fcb85abd0897e,KR,,대법원,supreme,2010-07-22,2007다70445,medical_professional_liability,"[""의료상 과실"", ""의료행위 후 지도·설명의무 위반"", ""사망에 대한 인과관계 및 손해배상책임""]",independent_agreement,"[""인간의 생명과 건강을 담당하는 의사에게는 그 업무의 성질에 비추어 보아 위험방지를 위하여 필요한 최선의 주의의무가 요구되고"", ""의사는 진료를 행함에 있어 환자의 상황과 위와 같은 의료수준 그리고 자기의 지식경험에 따라 적절하다고 판단되는 진료방법을 선택할 상당한 범위의 재량을 가진다고 할 것이고"", ""피고들은 망인에게 항응고제의 효과, INR 수치를 일정하게 유지해야 하는 이유, 항응고제 부작용 및 그 위험성 등을 명확하게 설명해 줌으로써""]",146672,False,ko,583,1151,pass,pass,pass,pass,pass,pass,pass,replacement_generation_and_direct_qc_v3,replacement_v3,소송의 판단 대상이 불법행위 손해배상책임의 성립이나 손해액 등 실체적 책임 merits가 아니라 소멸시효의 기산점 및 채무 승인에 따른 소멸시효 중단의 효력에 한정되어 있다.,confirmatory,14bd3a6cf1f7f41f46825a4fc2f017adc61c2f12762c87a8a4d0a414da449c0f,265b3eed474992b4a7604d0bf63c29654fd332f32ceffe7c2c1ed8f83eeddfbc,265b3eed474992b4a7604d0bf63c29654fd332f32ceffe7c2c1ed8f83eeddfbc,18772ef131b1653fd3a1ca4754849a7f2ccc1dfc332c872924e7bd50084d4493
KR_bd5712bcc29293f8e7,FAM_0920c99356ecabe3,KR,,대법원,supreme,2023-03-30,2019다280481,other_civil_liability,"[""이사의 선관주의의무 위반"", ""이사의 감시·감독의무 위반"", ""회사에 대한 손해배상책임""]",independent_agreement,"[""이사가 위와 같은 임무를 게을리한 경우에는 회사에 대하여 손해를 배상할 책임이 있다(상법 제399조 제1항)."", ""이 사건 책임인정 계약에 관한 선관주의의무 내지 감시의무 위반 여부"", ""피고들의 손해배상책임을 인정하고""]",234447,False,ko,1692,3904,pass,pass,pass,pass,pass,pass,pass,external_manual_review+v3_final_qc_direct_source_adjudication,retained,,confirmatory,5fe5106f9ca233fac6cb43c7659c8ea126e8b487b5f56caecd89941cda98c220,8e11a0d8bdfe013942dd97b3149590c26cfedee7a8187ad74986008f3d7ef12d,8e11a0d8bdfe013942dd97b3149590c26cfedee7a8187ad74986008f3d7ef12d,adb4c470ba76cbd5cad92d05693f8f4b03e5ad5a2b0b5f96f9c11dd34118c5e2
KR_bd9cba7b4f62c65d0a,FAM_e0e202744cc89374,KR,,대법원,supreme,2000-07-28,98다35525,product_liability,"[""제조물책임"", ""제조상의 과실"", ""하자담보책임""]",independent_agreement,"[""이 사건 화재가 이 사건 차량의 제조상 결함으로 인하여 발생하였고, 따라서 그 제조자인 피고는 제조물책임으로서 위 차량이 전소됨으로 인한 손해를 배상할 의무가 있다고 인정한 원심의 판단"", ""제조물책임이란 제조물에 통상적으로 기대되는 안전성을 결여한 결함으로 인하여 생명·신체나 제조물 그 자체 외의 다른 재산에 손해가 발생한 경우에 제조업자 등에게 지우는 손해배상책임""]",229151,False,ko,732,1452,pass,pass,pass,pass,pass,pass,pass,external_manual_review_182_authoritative,retained,,confirmatory,3c5b4cb8ff00652077745e8c9e4a4e125320aff89f67cf5b7d275216efd95389,f0926dfef2be2cd24b0e94b808a40e67aba5c786a8783e62af3b195ab4ccfdec,f0926dfef2be2cd24b0e94b808a40e67aba5c786a8783e62af3b195ab4ccfdec,e218a456c4dc4b46e0ca75f9df172ce4e90e3a52fbde20e843d5c03dd499a4b5
KR_c2567a4fb9e71fc1f7,FAM_fec4bddd314f6456,KR,,대법원,supreme,2000-02-25,99다40548,general_negligence_personal_injury,"[""자동차 운전자의 운전부주의에 따른 과실책임"", ""버스 운전자의 사고 회피 관련 과실 유무"", ""자동차종합보험 약관상 기명피보험자의 묵시적 승인""]",independent_agreement,"[""소외 2가 이 사건 자동차를 운전하고 편도 2차로의 국도인 이 사건 사고지점을 2차로를 따라 시속 약 113km의 속도로 진행하다가 운전부주의로 우측 바퀴가 노견턱으로 떨어지자"", ""이 사건 자동차가 좌측으로 밀리면서 중앙선을 넘어 반대방향 2차로상으로 진입하여 2차로상을 시속 약 70km로 진행하여 오던 경기 73아1050호 버스의 좌측 뒷바퀴 옆부분을 이 사건 자동차의 좌측 옆면으로 충돌하고"", ""피고 전국버스운송사업조합연합회에 대한 상고이유에 관한 판단""]",229917,False,ko,1203,2263,pass,pass,pass,pass,pass,pass,pass,replacement_generation_and_direct_qc_v3,replacement_v3,실질적으로 대리사무계약상 자금집행순서와 계약금·선급금 지급에 관한 계약상 지급 분쟁이므로 contract-only payment 사건에 해당한다.,development,a146f2f2f9277d18bc3f6b5c7518e4331583c5ab87d83c29608240b848e8d479,76963fc4f50ebd3a43060ebed53c39e0deefa1ca60d0198e3989da4d8198181b,76963fc4f50ebd3a43060ebed53c39e0deefa1ca60d0198e3989da4d8198181b,bc525ee16c5959c989ede0a69bf4ba556c90b1758aca843980649c24226db9b8
KR_c6a564478fdecad238,FAM_046244c5a510db51,KR,,대법원,supreme,2024-09-12,2024다239364,other_civil_liability,"[""공인중개사법상 주의의무 위반에 따른 손해배상책임"", ""민법 제750조 불법행위에 의한 손해배상책임"", ""민법 제760조 제3항 공동불법행위에 의한 손해배상책임"", ""채무불이행에 의한 손해배상책임""]",independent_agreement,"[""피고 1의 공인중개사로서의 주의의무 위반에 관하여"", ""피고 1은 공인중개사법 제30조 제1항에 따라, 피고 2 협회는 이 사건 공제계약에 따라 공동하여 원고가 입은 손해를 배상할 책임이 있다고 판단하였다."", ""공인중개사가 부동산을 중개하는 과정에서 채무인수의 법적 성격까지 조사·확인하여 설명할 의무가 있다고 보기 어려우므로""]",241585,False,ko,786,1480,pass,pass,pass,pass,pass,pass,pass,external_manual_review+v3_final_qc_direct_source_adjudication,retained,,confirmatory,22bf9fe6f4910a69e11a49a8c982b00c7037f2ebeeca2a54b36395bd39e0f02a,f439f46816a32345840c9ef8e0ca63e4596bb04ae821c4c45bba98583fac42f2,f439f46816a32345840c9ef8e0ca63e4596bb04ae821c4c45bba98583fac42f2,b873c8907b6873356bf0f46b8a9d719399b9a4e3ff19513f5264974ae5ff4e69
KR_c6d493a48f0b6b6912,FAM_f45dc37277812f49,KR,,대법원,supreme,2002-05-28,2002다5019,general_negligence_personal_injury,"[""교통사고에 대한 불법행위 손해배상"", ""피해자의 과실상계"", ""사망으로 인한 일실수입 및 재산상 손해""]",accepted_primary,"[""이 사건 사고를 일으킨 버스 운전사"", ""이 사건 사고의 발생에 있어 원고들의 피상속인인 소외인에게도 신호등 없는 횡단보도를 건너면서 제대로 살피지 아니한 잘못이 있으므로""]",81570,False,ko,465,1028,pass,pass,pass,pass,pass,pass,pass,external_manual_review+v3_final_qc_direct_source_adjudication,retained,,confirmatory,0572ae441f5ddfe90d93db7e280c26c80e522a8d50f5bc9f05f2f9b7a2098ab6,93a0ea5e8a08ef9184248997959cf056ac33ec57c60e7c4f8aaa01133e0bc78e,93a0ea5e8a08ef9184248997959cf056ac33ec57c60e7c4f8aaa01133e0bc78e,8df4d48460596b9bec7ca1c5cc7eb87f088a307c68209cb09aab4e98b2e26902
KR_c7ec53e12d00dabce6,FAM_988fe08c072fd095,KR,,대법원,supreme,2008-04-17,2006다35865,other_civil_liability,"[""일조방해에 따른 불법행위"", ""재산상 손해배상"", ""정신적 손해에 대한 손해배상""]",independent_agreement,"[""토지의 소유자 등이 종전부터 향유하던 일조이익(日照利益)이 객관적인 생활이익으로서 가치가 있다고 인정되면 법적인 보호의 대상이 될 수 있는데"", ""그 인근에서 건물이나 구조물 등이 신축됨으로 인하여 햇빛이 차단되어 생기는 그늘, 즉 일영(日影)이 증가함으로써 해당 토지에서 종래 향유하던 일조량이 감소하는 일조방해가 발생한 경우"", ""그 건축행위는 정당한 권리행사의 범위를 벗어나 사법상(私法上) 위법한 가해행위로 평가된다""]",126092,False,ko,190,328,pass,pass,pass,pass,pass,pass,pass,external_manual_review_182_authoritative,retained,,development,84d01d1b13df282ec743f431e081e6c3f50567b32710c91d22df43c700badd1a,11a6033851b28a34de024394830a42dbaa3336b00a3191dcfdd075f2adbd3029,11a6033851b28a34de024394830a42dbaa3336b00a3191dcfdd075f2adbd3029,4601b34864db2f98b46c50622b61307df8548d7b4db18a95f9cc6e521f2150f3
KR_c93d64dedb05abdc5b,FAM_68870469779f8ee6,KR,,대법원,supreme,2008-03-27,2007다16519,medical_professional_liability,"[""medical negligence"", ""medical malpractice"", ""wrongful death""]",independent_agreement,"[""의사는 진료를 행함에 있어 환자의 상황과 당시의 의료수준 그리고 자기의 지식경험에 따라 적절하다고 판단되는 진료방법을 선택할 상당한 범위의 재량을 가진다고 할 것이고"", ""피고 병원 의료진의 불법행위책임을 인정한 원심판결에는 의사의 진료 방법 선택의 재량에 관한 법리에 위배하여 판결에 영향을 미친 위법이 있다.""]",69331,False,ko,743,1600,pass,pass,pass,pass,pass,pass,pass,replacement_generation_and_direct_qc_v3,replacement_v3,"보험자의 책임보험금 지급한도와 대위·변제액 공제만을 다룬 보험·구상금 쟁송으로, underlying civil-liability merits를 판단하지 않는다.",confirmatory,977753fa2c4bcfaf815588d83352bf03c43fd9c5ec33f4a1b3bc2a7fa1711c0f,d46bc20d996d2ed16f780409b61a97df69d021f853496e7be9e1353a0abbc867,d46bc20d996d2ed16f780409b61a97df69d021f853496e7be9e1353a0abbc867,6c254a2064324ec5a7e788451d9f8dcbe555c3b079e9399021e68287e947a712
KR_c9a36c832dbc482f8f,FAM_2a2fc11b652355ec,KR,,대법원,supreme,2008-09-11,2006다50338,general_negligence_personal_injury,"[""건설공사 중 지반침하를 초래한 과실에 따른 불법행위 손해배상"", ""환경오염으로 인한 사업자의 무과실 손해배상책임"", ""하수급인의 조잡한 시공에 대한 수급인의 연대책임"", ""과실상계""]",accepted_primary,"[""지하 터파기 및 흙막이 공사의 영향으로 인근 토지에 지반침하 현상이 발생하였고 이로 인하여 원고들 소유의 건물에는 대지 지반의 부동침하, 건물 변위(기울어짐), 균열 등의 피해가 발생한 사실"", ""하수급인이 고의 또는 과실로 그 공사의 시공을 조잡하게 하여 타인에게 손해를 가한 때에는 그 하수급인은 물론 거기에 귀책사유가 없는 수급인도 연대하여 그 손해를 배상할 책임이 있다고 보아야 할 것""]",64591,False,ko,1228,2500,pass,pass,pass,pass,pass,pass,pass,external_manual_review_182_authoritative,retained,,development,20bcd1bf350f3f604ce93339536d410ee04365bf7dabe2997682b3df5daa81a9,501160447a748555743f7deb8380255886962ba4c97b63ed2adad4bce0c500c6,501160447a748555743f7deb8380255886962ba4c97b63ed2adad4bce0c500c6,d948b54bb8fab2e26cb5519ae704e6f618165ff462fc1e290bffa7481477b4e0
KR_c9b0b61cc030200a6a,FAM_291d40d6419fc9c5,KR,,대법원,supreme,2008-05-15,2006다46094,other_civil_liability,"[""협동조합 임원의 선량한 관리자의 주의의무 위반"", ""채권회수조치 미흡으로 인한 협동조합 손해배상책임""]",independent_agreement,"[""이러한 주의의무를 게을리한 채 조합원에게 원자재를 구매ㆍ공급해 주어 그로 말미암아 협동조합이 손해를 입게 된 경우에는 협동조합에게 그 손해를 배상할 책임이 있다."", ""적절한 채권회수조치를 취하지 아니한 채 통상의 업무처리절차와는 달리 조달청으로부터 납품통보를 받지 아니한 상태에서 소외 회사에게 장기간 원자재를 대량 선공급해 줌으로써 원고 조합에게 원자재 대금 475,132,237원 상당을 회수하지 못하는 손해를 입게 한 것은 도저히 합리적이라고 할 수 없고, 결국 협동조합의 임원에게 요구되는 선량한 관리자의 주의의무를 위반한 것으로 보아야 한다.""]",69443,False,ko,1384,2604,pass,pass,pass,pass,pass,pass,pass,external_manual_review_182_authoritative,retained,,confirmatory,b60428544a9ad2e973df7d7cf03859b9318c5c1f8ad3665001b511bb1a01dd86,6883169914282869aa6d6123f05dfbfebb2f5e3fa24ab95f7326857d32c98ff3,6883169914282869aa6d6123f05dfbfebb2f5e3fa24ab95f7326857d32c98ff3,9f9e8d4f7400e6f1d2b51d82d651bea460b136521d6ac986f1f1570fa58d2a43
KR_cc8813e6652ff8b3e4,FAM_9705e5dcd13c43f6,KR,,대법원,supreme,2011-10-27,2010다72045,product_liability,"[""제조물책임"", ""하자담보책임""]",independent_agreement,"[""원고가 피고로부터 구매한 이 사건 자동차의 전자제어장치(Electronic Control Unit)와 브레이크 시스템 등에 주장하는 바와 같은 하자가 있었다"", ""제조물책임에서 증명책임을 완화하는 것은"", ""민법 제580조 제1항의 하자담보책임""]",163697,False,ko,242,402,pass,pass,pass,pass,pass,pass,pass,external_manual_review_182_authoritative,retained,,confirmatory,58b79ca0e68c3577e560c427ceb368d0b27f12424eca93ba5e63e5546e724684,571981c1c77b1452bfa24b2a081243e5ea26ef109b3910d5f2f3d5991624fbd4,571981c1c77b1452bfa24b2a081243e5ea26ef109b3910d5f2f3d5991624fbd4,d27df46cd730724687e6c23b4b59011e37afdb500506e903566bca67d99a7a84
KR_cd0b887a7a431369b9,FAM_3ad20c5f988b1573,KR,,대법원,supreme,2006-09-28,2004다48768,general_negligence_personal_injury,"[""ordinary negligence"", ""contributory negligence"", ""lost-income damages"", ""statutory subrogation""]",accepted_primary,"[""피해자 소외 2가 재해를 입은 이 사건"", ""과실상계에 관한 법리를 오해한 위법이 있다고 할 수 없다"", ""불법행위로 인한 손해배상사건에서 피해자의 일실수입은 사고 당시 피해자의 실제소득을 기준으로 하여 산정할 수도 있고""]",215949,False,ko,844,1508,pass,pass,pass,pass,pass,pass,pass,external_manual_review+v3_final_qc_direct_source_adjudication,retained,,confirmatory,14ff87fb5f4cf319515233325eec2d65949de681c3906e4a0f2c27c450db36e0,87afe792573e24f41f42f8f9ec1f18796bb2bf518ae0f9588ea9c0c132826d6e,87afe792573e24f41f42f8f9ec1f18796bb2bf518ae0f9588ea9c0c132826d6e,e2764343973bc0910a2ad58cb9cde98ea2aa4edc5079f9f3135c61efe737fe70
KR_cda2f7ae1f9162201f,FAM_73bbefcd8414a1a8,KR,,대법원,supreme,2004-03-12,2003다16771,product_liability,"[""제조·설계상의 결함"", ""설계상의 결함"", ""표시상의 결함"", ""제조물책임""]",independent_agreement,"[""자동차의 제조·설계상의 결함 주장에 관하여"", ""물품을 제조·판매하는 제조업자는 그 제품의 구조·품질·성능 등에 있어서 그 유통 당시의 기술수준과 경제성에 비추어 기대 가능한 범위 내의 안전성과 내구성을 갖춘 제품을 제조·판매하여야 할 책임이 있고, 이러한 안전성과 내구성을 갖추지 못한 결함으로 인하여 소비자에게 손해가 발생한 경우에는 불법행위로 인한 손해배상의무를 부담하며"", ""제조자가 합리적인 대체설계를 채용하였더라면 급발진사고를 방지하거나 그 위험성을 감소시킬 수 있었음에도 대체설계를 채용하지 아니하여 제조물이 안전하지 않게 된 경우 그 제조물의 설계상의 결함을 인정할 수 있지만"", ""제조자가 합리적인 설명·지시·경고 기타의 표시를 하였더라면 당해 제조물에 의하여 발생될 수 있는 피해나 위험을 줄이거나 피할 수 있었음에도 이를 하지 아니한 때에는 표시상의 결함에 의한 제조물책임이 인정될 수 있지만""]",127012,False,ko,861,1696,pass,pass,pass,pass,pass,pass,pass,external_manual_review_182_authoritative,retained,,confirmatory,cbc418730cb816dba5d3d0a51b870d7c1f8332f1b62aee466ed96c75469016de,ef51c02eda6ca71bef62f3d186a5913b1625ddcf15a92ea9ff739e3ec60c3636,ef51c02eda6ca71bef62f3d186a5913b1625ddcf15a92ea9ff739e3ec60c3636,1e8760bb2a268199ac38fdc2d33d4a7fd04e2ca9684a83564bf22f7ec9755cb1
KR_ce03d7157e09c4d242,FAM_d736712655c12360,KR,,대법원,supreme,2008-07-24,2007다37530,general_negligence_personal_injury,"[""공동불법행위"", ""업무상 과실에 의한 손해배상책임"", ""공동불법행위자 사이의 구상권"", ""변제자대위""]",adjudicated,"[""피고들에게는 이 사건 정부양곡 매수 당시 위 정부양곡의 출처를 확인하고 포장상태를 검사하는 등의 방법으로 매수하려는 조곡이 불법 출고된 정부수매양곡인지 아니면 소외 1을 대리한 소외 2가 판매하려고 자체적으로 보관하여 온 것인지 여부를 확인하여야 할 주의의무가 있음에도 이를 게을리한 과실이 있고"", ""이러한 피고들의 업무상 과실에 의한 정부양곡 수매행위와 소외 1의 고의에 의한 정부양곡 횡령행위는 객관적으로 관련되어 있어 피해자 전라남도에 대한 공동불법행위를 구성하며""]",85793,False,ko,555,1021,pass,pass,pass,pass,pass,pass,pass,external_manual_review_182_authoritative,retained,,confirmatory,5fc1abb01a1a3c57a4e561ad086a998bae796f218cc8da0ae3b10340a2083762,742c8db429a204b36f91712b5b7c3de82eae36fee23e26431fb76ddaeacd4e64,742c8db429a204b36f91712b5b7c3de82eae36fee23e26431fb76ddaeacd4e64,2bf87f708bd1597d3e3fec4c142cf859b6d70ac8f5c6d372cf38a460fe7a66ea
KR_d0cfadb984b62f020b,FAM_fa2ff8c750e4f451,KR,,대법원,supreme,2009-12-24,2007다77149,general_negligence_personal_injury,"[""항공기 운항승무원의 과실에 의한 불법행위"", ""사망 및 부상에 대한 손해배상"", ""위자료"", ""일실수입 손해""]",accepted_primary,"[""이 사건 사고는 이 사건 항공기의 운항승무원들의 전적인 과실에 의하여 발생하였고 피해자 승객들에게는 아무런 과실이 없는 것으로 보이는 점"", ""사망 피해자들에 대한 위자료로 1억 5,000만 원을, 부상 피해자인 원고 19에 대한 위자료로 5,000만 원을 정한 것은 정당하고""]",143706,False,ko,461,1019,pass,pass,pass,pass,pass,pass,pass,external_manual_review+v3_final_qc_direct_source_adjudication,retained,,confirmatory,b6abc63ad7adacfde17012a78d2dd98fe9a27b7eb704b98de17211b7b0eb7f64,f4b9bc09c322ac7568c890fa609a4c70dd7bb2376c290083d3322e6a40603114,f4b9bc09c322ac7568c890fa609a4c70dd7bb2376c290083d3322e6a40603114,e7a50d709da83fbc6dead7c94b7857558ec4aa6751d7a5aacc60a7c4ce61e66b
KR_d35502ba94fbfc6c92,FAM_839b378502b90596,KR,,대법원,supreme,2022-09-07,2019다241455,other_civil_liability,"[""불법체포·고문·폭행에 따른 고의의 불법행위"", ""위법한 전역처분에 따른 국가배상""]",independent_agreement,"[""보안사 조사관들이 원고 1에 대하여 전역지원서와 진술서를 받아내는 과정에서 행한 불법체포, 고문과 폭행행위, 의사에 반하여 작성된 전역지원서에 따라 이루어진 전역처분은 수사와 전역처분이라는 직무집행의 외관을 갖춘 고의의 불법행위에 해당한다."", ""가혹행위 및 전역처분으로 인한 국가배상청구권""]",235611,False,ko,421,909,pass,pass,pass,pass,pass,pass,pass,external_manual_review+v3_final_qc_direct_source_adjudication,retained,,confirmatory,2b1d5075457a154d08ff51e813d2f25b400ee06f33b12c30acd9d2f1eda96c83,3f126954669477426084a43dae79096c9715c13e2b6b805b06c53c56be8c08f8,3f126954669477426084a43dae79096c9715c13e2b6b805b06c53c56be8c08f8,98b014a7f0aae6dc4574910bf4774cd321ec2c5845c787680f17b2533fe2750b
KR_d4a866bf8f86262c7f,FAM_3184787821a30a91,KR,,대법원,supreme,2010-02-11,2008다61615,general_negligence_personal_injury,"[""공작물 소유자 책임"", ""공작물 점유자 책임"", ""고객 보호의무위반""]",accepted_primary,"[""망인은 같은 달 7. 뇌지주막하출혈상 등으로 사망한 사실"", ""이 사건 계단 및 그 난간은 망인과 같은 평균적 체격의 성인 남자를 추락하지 않도록 방호할 수 있는 통상의 안전성을 갖추지 못한 것이라서 그 설치·보존에 하자가 있었다고 할 것이고"", ""이러한 하자의 존재와 이 사건 계단의 위쪽에 서 있던 망인이 이 사건 난간 위를 지나 지상으로 추락한 것과 사이에는 상당한 인과관계가 있다고 볼 여지가 있다.""]",215711,False,ko,981,1859,pass,pass,pass,pass,pass,pass,pass,external_manual_review_182_authoritative,retained,,development,92ea33de10e0c119b6297131bdca4efc079d5b16f3ec774c4cd42199b8af30d9,d71c1ea963914bbdcb739ac338305c9ee70a941514d9d83a82c6070f365c8c5a,d71c1ea963914bbdcb739ac338305c9ee70a941514d9d83a82c6070f365c8c5a,8989f36d4c61d467a91c628a5465c46856afcbb5a08b9cce592a85736f61a77b
KR_d614974ea605954ae6,FAM_985eb79cad20ed62,KR,,대법원,supreme,2019-07-10,2018다273417,other_civil_liability,"[""상가임대차법상 권리금 회수기회 방해에 따른 손해배상"", ""무단증축에 따른 손해배상""]",independent_agreement,"[""임대인은 임차인이 입은 손해를 배상할 책임이 있고"", ""권리금 회수 방해로 인한 손해배상을 청구할 수 있다""]",225325,False,ko,485,934,pass,pass,pass,pass,pass,pass,pass,external_manual_review_182_authoritative,retained,,confirmatory,bf1faee3a6a2f842a1ac9606b475179333f097068910ae5350effc910cbb88bd,bd7735a4578c0ccdb5d2f0d25e233e8abed6a60fa52b885419fe8c6b24b52eb1,bd7735a4578c0ccdb5d2f0d25e233e8abed6a60fa52b885419fe8c6b24b52eb1,703f448567daed2acfa77f9577e7e4ead7373dd84df789464d1d59c1005ab0d8
KR_d7658dab9202d2e025,FAM_a941d73ecaaaf31f,KR,,대법원,supreme,2011-07-14,2009다65416,medical_professional_liability,"[""의료상 과실에 의한 손해배상책임"", ""사용자책임"", ""상당인과관계""]",independent_agreement,"[""의사가 진찰·치료 등의 의료행위를 함에 있어서는 사람의 생명·신체·건강을 관리하는 업무의 성질에 비추어 환자의 구체적인 증상이나 상황에 따라 위험을 방지하기 위하여 요구되는 최선의 조치를 취하여야 할 주의의무가 있고"", ""암의 가능성이 있는 병변으로 판단하여 오른쪽 유방의 1/4 부분을 절제하고, 암 전이 여부를 확인하기 위하여 임파선을 절제하며, 왼쪽 유방의 종양도 악성의 가능성이 있다고 판단하여 절제생검을 시행하기로 결정한 후, 2005. 12. 2. 원고에 대하여 우측 유방 사분위절제술 및 림프절절제술과 좌측 유방 종괴절제술을 시행한 사실(이하 우측 유방 사분위절제술 및 림프절절제술을 통칭하여 ‘이 사건 수술’이라 한다), 그런데 유방절제술을 통하여 떼어낸 오른쪽 유방의 종양조직에 대한 조직검사 결과 암세포가 검출되지 아니하였고, 이에 세브란스병원에서 원고의 조직검사 슬라이드 및 파라핀 블록을 각 대출받아 암세포 검출"", ""피고 2로서는 새로이 조직을 채취하여 재검사를 실시하거나, 최소한 세브란스병원에서 실시한 조직검사 슬라이드와 파라핀 블록을 대출받아 재검사하는 등 원고의 오른쪽 유방의 종양이 암인지 여부를 정확하게 진단하여 수술 여부를 결정하여야 할 주의의무가 있음에도""]",160051,False,ko,1024,2305,pass,pass,pass,pass,pass,pass,pass,replacement_generation_and_direct_qc_v3,replacement_v3,"The opinion concerns an insurer’s recourse claim against the workers’ compensation agency for payment of industrial accident benefits, rather than a substantive civil-liability damages merits issue. It is excluded as a workers’ compensation benefits and insurance-related reimbursement dispute.",development,371da70921ba8409de49e16c60403a4168ba5ee5b5f888897897b2f07ffe82c3,cda0ff089443123be36bec2acb511d6b8fb22822059b7634f45df3d5293a8fdb,cda0ff089443123be36bec2acb511d6b8fb22822059b7634f45df3d5293a8fdb,3d1a76ac9c313ea024e20fa340e4e9409e2c92dd526963cf45bac6dc8df83850
KR_d9b3ee3b261df8b463,FAM_2f38cc9ccef6932c,KR,,대법원,supreme,2022-08-31,2018다212740,general_negligence_personal_injury,"[""국가배상책임"", ""도로 설치·관리상의 하자"", ""공동불법행위""]",accepted_primary,"[""이 사건 사고로 소외 1과 이 사건 차량의 동승자 2명이 사망하고, 이 사건 차량의 나머지 동승자 소외 2(소외 1의 처)와 소외 3, 피해버스의 운전자와 승객 14명이 상해를 입었다."", ""이 사건 사고 지점 도로는 그 위험성에 비례하여 노면표시, 시선유도표지 등의 도로안전시설이 설치되어 있어야 하는데도 피고의 설치·관리상의 하자로 통상 갖추어야 할 안전성을 갖추지 못한 상태였다.""]",230869,False,ko,490,990,pass,pass,pass,pass,pass,pass,pass,external_manual_review+v3_final_qc_direct_source_adjudication,retained,,confirmatory,0c4d0abce1ce4bf290275564b2da8b96cccc7b73b44b2f115df43f6470764682,5f1a86696a8a6f7dd4cd272fc3bb011c36d6d224e0181b6a4db3a8cd48a4d02b,5f1a86696a8a6f7dd4cd272fc3bb011c36d6d224e0181b6a4db3a8cd48a4d02b,2f94fe3e8fbd15fc9dfa85f54d4c4713bf6f430de46bae8861eef08a2979c44b
KR_df9ae8ebb4355cf9ab,FAM_9ca85e3e943cc194,KR,,대법원,supreme,2022-02-17,2019다217421,other_civil_liability,"[""장애인차별금지법상 정당한 편의제공 의무 위반에 따른 차별행위"", ""장애인차별금지법 제46조 제1항에 따른 손해배상책임"", ""차별행위의 시정을 위한 적극적 조치""]",independent_agreement,"[""피고 버스회사들이 원고들에게 저상버스나 휠체어 탑승설비를 제공하지 않은 것은 장애인차별금지법 제19조 제4항에서 정한 교통사업자의 정당한 편의제공 의무를 위반한 차별행위에 해당한다."", ""제46조 제1항 본문은 누구든지 같은 법 규정을 위반하여 타인에게 손해를 가하면 손해배상책임을 진다고 규정하고, 제48조 제2항은 법원은 피해자의 청구에 따라 차별적 행위의 중지, 임금 등 근로조건의 개선, 그 시정을 위한 적극적 조치 등(이하 모두 합하여 ‘적극적 조치’라 한다)의 판결을 할 수 있다고 규정하고 있다."", ""피고 버스회사들이 원고들에게 휠체어 탑승설비를 제공하지 않은 것은 장애인차별금지법에서 금지하는 차별행위에 해당한다고 보면서""]",219933,False,ko,1026,2130,pass,pass,pass,pass,pass,pass,pass,external_manual_review+v3_final_qc_direct_source_adjudication,retained,,confirmatory,4aac695b6cb4feb0db9ed1864ccc3a8f569dd84240bf2f98f6eca0621297b340,76ef1d11ce5fb8e36699eb7db3b03a3ed651e82c3e7989ef6b3eb7f956652a14,76ef1d11ce5fb8e36699eb7db3b03a3ed651e82c3e7989ef6b3eb7f956652a14,5a289ec7671c84a2fd2a11b42f26606967f727150af2845b365355e46ec6762f
KR_e841c27e080fa0659c,FAM_f27b30ba3c2327b5,KR,,대법원,supreme,2009-12-24,2008다3527,general_negligence_personal_injury,"[""항공기 사고에 대한 불법행위 책임"", ""과실에 의한 사망 및 정신적 손해에 대한 손해배상"", ""위자료""]",independent_agreement,"[""이른바 항공기사고로 인한 불법행위의 경우에는 통상의 교통사고와 달리"", ""이 사건 사고는 항공기 승무원들의 중대하고 전적인 과실로 발생하였고""]",215731,False,ko,285,493,pass,pass,pass,pass,pass,pass,pass,replacement_generation_and_direct_qc_v3,replacement_v3,"보험자 상호 간의 중복보험 구상관계와 소멸시효만을 판단한 사건으로, 민사책임·손해배상 성립의 실체적 merits가 없고 보험 관련 청구 및 기간 쟁점에 해당한다.",confirmatory,73b3a2518b4ac22bb3bac84faac558ca31855ea4cddc0511bc4701d6be79f917,1a50a87b94de33b7fefbb2aec42a756f9b02248631bd04127db063ebbd39dcdb,1a50a87b94de33b7fefbb2aec42a756f9b02248631bd04127db063ebbd39dcdb,21ce7097d844d56188cd3148a2ac4220c54960d94097ca6e49ec2f559f033891
KR_eee8ecec3165d10cc6,FAM_2d194b5b5a909c17,KR,,대법원,supreme,2024-11-20,2021다220864,general_negligence_personal_injury,"[""자동차 운전 중 사고로 인한 불법행위 손해배상책임"", ""자동차손해배상 보장법상 책임보험금 지급책임"", ""국민건강보험공단의 손해배상채권 대위""]",independent_agreement,"[""소외 1은 2018. 7. 31. 자동차를 운전하다가 도로의 우측 가드레일을 들이받아 배우자인 피해자 소외 2(이하 ‘피해자’라 한다)에게 상해를 입혔다(이하 ‘이 사건 사고’라 한다)."", ""원고가 피해자의 손해배상청구권을 대위하여 피고에게 책임보험금 지급을 구할 수 있다고 본 원심판단은 받아들일 수 있다.""]",241981,False,ko,581,851,pass,pass,pass,pass,pass,pass,pass,external_manual_review_182_authoritative,retained,,confirmatory,084f44e657724e343e33a245494416731b3ab2997310bcc90b60179004f7e63d,e80d73424aaab7d28675c3978de099ea97767291082f7b10dd8d8df5b177158d,e80d73424aaab7d28675c3978de099ea97767291082f7b10dd8d8df5b177158d,3b7e563db5dc30c9096b366fdc1bcf216082361020636704f2bc86438c674ae9
KR_f1f9176685f8c1c0db,FAM_d0aa09428e0f5d2d,KR,,대법원,supreme,2018-03-13,2017다267217,general_negligence_personal_injury,"[""자동차 운전자의 과실에 따른 불법행위 손해배상책임"", ""국민건강보험공단의 손해배상청구권 대위 및 구상금 청구""]",independent_agreement,"[""소외 2는 2013. 12. 28. 피고 버스를 운전하다가 갑작스럽게 차로를 변경하였고"", ""피고 버스를 운전하다가 갑작스럽게 차로를 변경하였고, 그로 인해 피고 버스 뒤에서 (자동차등록번호 2 생략) 자동차(이하 ‘원고 자동차’라 한다)를 운전하던 소외 1이 피고 버스를 피하려고 중앙선을 침범하여 반대 차로의 다른 차량을 충격하는 사고(이하 ‘이 사건 사고’라 한다)가 발생하였다."", ""원심은 이 사건 사고에 관한 소외 2의 과실비율을 80%로 인정하고""]",204922,False,ko,531,1097,pass,pass,pass,pass,pass,pass,pass,external_manual_review+v3_final_qc_direct_source_adjudication,retained,,confirmatory,c2930f46c8493863abc3db197037d7a07d68a2921b5c4817e8872c56fe6c38bb,48d9d5bb133f5ed8a59e2dd5af7aafabd30e7d945175c1600b3fc7243cf55a19,48d9d5bb133f5ed8a59e2dd5af7aafabd30e7d945175c1600b3fc7243cf55a19,eaf49819b26a6a0319f6be5a4652869e3d1537ac5c823bc2be4d2f60012bd028
KR_f358ab674e5ded71f1,FAM_ebbc98c43822e262,KR,,대법원,supreme,2007-07-13,2005다21821,general_negligence_personal_injury,"[""negligent failure to verify identity"", ""negligence"", ""tort liability"", ""proximate causation""]",adjudicated,"[""금융기관으로서는 금융실명거래 및 비밀보장에 관한 법률에서 정한 실명확인의무와 무관하게 위와 같은 최소한의 조치를 취함으로써 그것이 피모용자를 포함한 불특정 다수의 잠재적 피해자에 대한 범죄행위에 이용될 가능성을 미연에 방지함으로써 타인의 불법행위에 도움을 주지 않아야 할 주의의무가 있다고 할 것이다"", ""설령 피고 은행의 담당직원이 소외인을 사칭하는 성명불상자에게 소외인 명의의 예금계좌를 개설해 줌에 있어서 본인 여부를 정확하게 확인하지 아니한 잘못이 있다 하더라도""]",216345,False,ko,900,1737,pass,pass,pass,pass,pass,pass,pass,external_manual_review+v3_final_qc_direct_source_adjudication,retained,,confirmatory,9e88e48c009f9662e81a79ebd73954c3e4e3485a0b0ba62e00805dac5840859a,e6f8c7f7b3117635cce3f3a1f605b1aa496ae946b585f6d32787eb6e4359f440,e6f8c7f7b3117635cce3f3a1f605b1aa496ae946b585f6d32787eb6e4359f440,9ca67aaf88e322592e73a50b9188896ac1b2b68337497a85de4bc2b4477bfa95
KR_f3fe352a4c02d16f80,FAM_d908d5a29e44ad5f,KR,,대법원,supreme,2006-05-11,2003다8503,general_negligence_personal_injury,"[""불법행위 손해배상"", ""신체상해에 따른 후유장해 및 노동능력상실 손해"", ""치료비 및 위자료""]",independent_agreement,"[""이 사건 사고로 인한 반소원고의 후유장해, 노동능력상실률 및 노동능력상실의 존속기간"", ""불법행위로 입은 정신적 고통에 대한 위자료 액수""]",67985,False,ko,117,255,pass,pass,pass,pass,pass,pass,pass,external_manual_review+v3_final_qc_direct_source_adjudication,retained,,confirmatory,542359a057feb72d71fc83b2fed0bc5e8aa588ef81aabc14aed9dfda39fdc8a3,3e77209cbd660a1f89b5f662f983543cb26c606983c4d5712febe74377d11934,3e77209cbd660a1f89b5f662f983543cb26c606983c4d5712febe74377d11934,23a700c91d83b2200a31f2af044084b358e5902a817986e68c7993b0451bf7ab
KR_f5a5d762462130dccb,FAM_9458c1021f494ad5,KR,,대법원,supreme,2011-01-27,2009다19864,other_civil_liability,"[""민법 제750조 불법행위책임"", ""성별에 따른 차별처우로 인한 인격적 법익 침해"", ""정신적 손해에 대한 위자료""]",independent_agreement,"[""평등권이라는 기본권의 침해도 민법 제750조의 일반규정을 통하여 사법상 보호되는 인격적 법익침해의 형태로 구체화되어 논하여질 수 있고"", ""여성이라는 이유만으로 지속적으로 일반적인 사원에게 부여되는 고유하고 기본적인 권리인 총회의결권 등을 행사할 기회를 원천적으로 빼앗겨 온 점"", ""원고들의 인격적 법익을 침해하여 불법행위를 구성한다고 할 것이다""]",148194,False,ko,1904,4814,pass,pass,pass,pass,pass,pass,pass,external_manual_review+v3_final_qc_direct_source_adjudication,retained,,confirmatory,ff2d2993b080ffb957655f4f339f694d01e32e7fb301dccdebd0b2dba703b4c5,835419d5f4a39446c2d0aafdc87c4c091327cdd6bbaff99f8ea5211af7878dd7,835419d5f4a39446c2d0aafdc87c4c091327cdd6bbaff99f8ea5211af7878dd7,d87bec7946b83937275e590ce4ac7c6415680ba68f58e35976e0d6405ab3cd6e
KR_f8eefffc009c58124b,FAM_ba5ef367c9089ebf,KR,,대법원,supreme,2023-06-29,2022다309474,general_negligence_personal_injury,"[""자동차 사고에 관한 일반 과실책임"", ""공동불법행위"", ""공동불법행위자 사이의 구상책임""]",accepted_primary,"[""2019. 1. 원고 차량과 피고 차량이 충돌하였고, 이어서 충돌로 정차 중인 피고 차량을 제3 차량이 충격하였다(이하 ‘이 사건 사고’라 한다). 이로 인하여 제3 차량 운전자가 사망하고 동승자들이 상해를 입었으며, 제3 차량 및 사고와 무관한 다른 차량들이 파손되었다."", ""원심은 이 사건 사고에 대한 원고 차량 운전자의 과실을 50%, 피고 차량 운전자의 과실을 20%, 제3 차량 운전자의 과실을 30%로 판단하였다."", ""공동불법행위자 중 1인이 피해자로부터 손해배상청구소송을 당하여 그 판결에서 인용된 손해배상금을 지급함으로써 공동 면책된 때에는""]",237051,False,ko,519,782,pass,pass,pass,pass,pass,pass,pass,external_manual_review_182_authoritative,retained,,confirmatory,1b0299f7eae9e05ece1f4184842754c50c65dca7f5549b7de972ab59d4f5b94d,8e2c11fa636cc488c8ba6a9936803cb4af7e1a0053da72751ed1fed9f0d0d80d,8e2c11fa636cc488c8ba6a9936803cb4af7e1a0053da72751ed1fed9f0d0d80d,40ae2f64f11ffdbbb532acee61a1f1c87b4283455c68e584c620014c993a33ab
KR_f92051e8c5598d8ccc,FAM_c3b5fe6a78f98fda,KR,,대법원,supreme,2007-11-15,2004다2786,other_civil_liability,"[""국가배상책임"", ""공무원의 직무상 과실에 의한 불법행위책임"", ""상당인과관계""]",independent_agreement,"[""등기관의 과실로 인하여, 그 자체로는 받아들여질 수 없었던 대신증권의 근저당권설정등기가 먼저 경료되어 버린 반면 원고의 근저당권설정등기는 후순위로 밀려나게 되었고"", ""등기관의 위 직무상 과실과 원고의 손해 사이에는 상당인과관계가 있다고 할 것이다.""]",85382,False,ko,944,2027,pass,pass,pass,pass,pass,pass,pass,external_manual_review_182_authoritative,retained,,confirmatory,f825c0e5cd3df6d1199f127bfa39ea81a24304ed7458de941c873d645ec22977,1e83771168243a6ba1d0afd36c939e2d4ec0ac8eaf1938510b7112b0b6b6c25e,1e83771168243a6ba1d0afd36c939e2d4ec0ac8eaf1938510b7112b0b6b6c25e,bf76b2ace689eb1c4d161cb72956c26a0034fd32044a2084590e8363738de3dc
KR_fade97268b1abdcfa2,FAM_1f964adb613afe30,KR,,대법원,supreme,2008-12-11,2006다5550,other_civil_liability,"[""director breach of duty"", ""director negligence or dereliction of duty"", ""corporate damages for unrecovered lending or bond-investment loss""]",independent_agreement,"[""이사가 법령 또는 정관에 위반한 행위를 하거나 그 임무를 해태함으로써 회사에 대하여 손해를 배상할 책임이 있어"", ""피고 1이 그 임무해태에 따른 책임을 면할 수 없다고 판단한 것은 수긍할 수 있고, 달리 법리오해의 위법이 없다."", ""피고 1에 대하여 임무해태에 따른 손해배상책임을 면할 수 없다고 판단한 것은 수긍할 수 있고""]",128035,False,ko,555,1312,pass,pass,pass,pass,pass,pass,pass,external_manual_review+v3_final_qc_direct_source_adjudication,retained,,confirmatory,3f9488937430f984f12b5af21af0c6dc3cc7f9e3fc4289f64e4e8cba716aedce,7ede0d6e5b6e4b8297c750e9aac3ee6647eb1fe6ee5fa98d3b393c1d4ac92a17,7ede0d6e5b6e4b8297c750e9aac3ee6647eb1fe6ee5fa98d3b393c1d4ac92a17,dc718f32f3cc7145e158393a26a842aa626a8a0beadd4f7220cdcb2e8d141313
KR_fdfefa335ed21439c0,FAM_d6af74aa9c317059,KR,,대법원,supreme,2010-05-27,2007다25971,medical_professional_liability,"[""의료상 과실에 의한 불법행위책임"", ""의료상의 주의의무 위반 및 손해 발생 사이의 인과관계"", ""설명의무 위반에 따른 위자료 지급의무""]",independent_agreement,"[""피고들의 의료상 과실과 인과관계에 대하여"", ""의사가 진찰·치료 등의 의료행위를 함에 있어서는 사람의 생명·신체·건강을 관리하는 업무의 성질에 비추어 환자의 구체적인 증상이나 상황에 따라 위험을 방지하기 위하여 요구되는 최선의 조치를 취하여야 할 주의의무가 있고"", ""의료행위에 있어서의 잘못을 원인으로 한 불법행위책임이 성립하기 위해서도 일반 불법행위의 경우와 마찬가지로 의료상의 주의의무 위반과 손해의 발생이 있고 그 사이에 인과관계가 있음이 증명되어야 하므로""]",144231,False,ko,1148,2189,pass,pass,pass,pass,pass,pass,pass,replacement_generation_and_direct_qc_v3,replacement_v3,판결의 중심 쟁점은 교통사고 손해배상책임 자체가 아니라 의무보험금 산정 및 보험자의 초과지급금 반환·공제 여부인 보험·금액 문제이다.,confirmatory,e6cb1ea9c147885ad4256aa682450e8f20eff661706c8f74065a41edc5830408,22c1c5fa68cf5281ff3ab1e77600f0ea4c232aa3196b7cee0a1ae974dd81db8b,22c1c5fa68cf5281ff3ab1e77600f0ea4c232aa3196b7cee0a1ae974dd81db8b,18ed8a98a014a22150c9d7d9d1df18ccd3c50cd1836c50d7e89b8075ce859832
US_00df5ba88ee9d43fd5,FAM_f0a717a139894119,US,West Virginia,West Virginia Supreme Court,supreme,2010-11-18,,other_civil_liability,"[""common-law grave desecration"", ""negligent or intentional mishandling of a dead body"", ""willful, wanton, reckless, or malicious conduct""]",independent_agreement,"[""A common law cause of action for grave desecration does exist"", ""the defendant proximately caused, either directly or indirectly, defacement, damage, or other mistreatment of the physical area of the decedent's grave site or common areas of the cemetery""]",2395107,False,en,598,1114,pass,pass,pass,pass,pass,pass,pass,replacement_generation_and_direct_qc_v3,replacement_v3,"The opinion concerns contract payment, breach-of-contract, mechanic's-lien, and jury-verdict issues, not a substantive civil-liability damages claim within the eligible domains.",confirmatory,dd36e253e2da87e1ea441cb2774aa8e0a4b6066496413a72b1ad11aab12ce808,c04d6ef3804d5e584105b311e0f0ab6d202fe38b01592047be2f72c96dbd930e,2f4e0681819158913d61b17835e5167645952a3f03d6dda794a57caba0ed2501,c04d6ef3804d5e584105b311e0f0ab6d202fe38b01592047be2f72c96dbd930e
US_03aa3f07d9d0e5332a,FAM_973c2d6efa444ea2,US,Nevada,Nevada Supreme Court,supreme,2002-05-17,,general_negligence_personal_injury,"[""negligent maintenance"", ""failure to warn"", ""premises liability""]",accepted_primary,"[""Davenport sued Comstock Hills, alleging that it had acted negligently by failing to design, build, and maintain a reasonably safe retaining wall and by failing to warn her of the hazard."", ""Acknowledging this principle, the Supreme Court of Oklahoma has stated, \""Maintenance is not the same as nor synonymous with design and construction.\""[9] Accordingly, we hold that the statutes of repose bar only those actions arising out of design and construction-related negligence, but not negligent maintenance."", ""In her complaint, Davenport also asserted that Comstock Hills was negligent in failing to warn her of the unsafe precipice.""]",2637057,False,en,1055,1894,pass,pass,pass,pass,pass,pass,pass,external_manual_review+v3_final_qc_direct_source_adjudication,retained,,confirmatory,49800f1c3ab3b082c765d622b1b6e16c6c74ecadcc2f0a72d7ff22789013dc64,e879a9a1a2e4c7195cff36c638ad1fcab4b25dd17e68586b4eea68b918fbc008,fa062e1b3d4cce0dc8497b941c2bdaee86b4ac4bc49cc9f860ffd8bed5cad966,e879a9a1a2e4c7195cff36c638ad1fcab4b25dd17e68586b4eea68b918fbc008
US_04cf5031ab373b2ef6,FAM_b9036a93f0bbb61f,US,Nevada,Nevada Supreme Court,supreme,2013-09-25,,other_civil_liability,"[""fraud"", ""consumer fraud"", ""constructive fraud"", ""civil conspiracy to defraud"", ""civil racketeering"", ""unfair lending practices"", ""negligence"", ""negligence per se"", ""intentional infliction of emotional distress"", ""breach of contract"", ""breach of the covenant of good faith and fair dealing""]",independent_agreement,"[""Davenport asserted the following claims against GMAC: fraud, consumer fraud, constructive fraud, civil conspiracy, civil racketeering, unfair lending practices, negligence, negligence per se, intentional infliction of emotional distress, breach of contract, and breach of the covenant of good faith and fair dealing."", ""To state an actionable claim for civil conspiracy to defraud, a plaintiff must allege: (1) a conspiracy agreement formed by the defendants to unlawfully harm the plaintiff, (2) an act of fraud in furtherance thereof, and (3) resulting damages to the plaintiff."", ""Davenport claimed that as a result of this conspiracy, he incurred damages because his credit was destroyed.""]",1042316,False,en,686,1045,pass,pass,pass,pass,pass,pass,pass,replacement_generation_and_direct_qc_v3,replacement_v3,"The controlling opinion resolves service-of-process, waiver, and limitations issues; it does not adjudicate the underlying medical-negligence or damages merits.",confirmatory,7e49977c1ef1ed5abceec0ee36f5bcded25c52185828e3767ad86bffc90368c3,bbef3054cdf4c87aaa786bdb84e4e4f8e76fa49a724c1a6bef334588a4c16eee,41b06db0e2d7b542499e0eac6ee07f0725aa523f40c5370753e21ff3adacaec0,bbef3054cdf4c87aaa786bdb84e4e4f8e76fa49a724c1a6bef334588a4c16eee
US_061c987e5f6b8cf2e8,FAM_c79dc429049e29f4,US,Pennsylvania,Supreme Court of Pennsylvania,supreme,2005-09-28,,other_civil_liability,"[""wrongful discharge in violation of public policy"", ""retaliation for refusing to interfere with a subordinate employee's workers' compensation rights""]",independent_agreement,"[""Doug and Ted filed a joint civil complaint against Motor Sales averring wrongful discharge from their employment."", ""Ted proceeded on the theory that he had been terminated for refusing to coerce Doug into waiving such benefits"", ""The jury awarded Ted compensatory damages totaling $192,000""]",2258768,False,en,1677,2574,pass,pass,pass,pass,pass,pass,pass,replacement_generation_and_direct_qc_v3,replacement_v3,confirmed replacement required by external review and source recheck,confirmatory,e4f9d3d33ad8a7ef4edca12313dd9e555ee393b510d9c65bc337e7222bd1411b,eec1b9204dc73cd5c520127d546114c11f6b0c29450042ac04ae3551f047ac24,cbfdd0f40d6d7b04106a3015346b9eb77fadab78c1ef5f1c4c06a987ed817688,eec1b9204dc73cd5c520127d546114c11f6b0c29450042ac04ae3551f047ac24
US_0852f7949bcaa2bb53,FAM_4689a8cfe2f70487,US,Louisiana,Supreme Court of Louisiana,supreme,2007-01-26,,general_negligence_personal_injury,"[""ordinary negligence"", ""comparative fault"", ""personal injury damages""]",accepted_primary,"[""This matter arises out of a personal injury lawsuit Harold Alex, Jr. (\""Alex\"") brought against Rayne Concrete Service (\""Rayne Concrete\"") and its insurer, Employers Mutual Casualty Company."", ""Alex was injured when an employee of Rayne Concrete, who was driving the concrete truck, lowered the trough through which the concrete was poured onto Alex's back.""]",1692156,False,en,1029,1677,pass,pass,pass,pass,pass,pass,pass,external_manual_review_182_authoritative,retained,,confirmatory,31bac76658cc0e7633e82d70a3c0d84be969a1a4647bd3b24df8b62115909c3e,18399aaf91c9453b8e543a03b6bb3f6c1a9775d3b8053fd07a0bbc2e5497cbe1,609de4c650cf63734a8ccb67c98fa40688353e1313f897a4d0678a47f6e43558,18399aaf91c9453b8e543a03b6bb3f6c1a9775d3b8053fd07a0bbc2e5497cbe1
US_0b0596e3f457282cc2,FAM_c4d940267385d86e,US,Nevada,Nevada Supreme Court,supreme,2008-10-09,,other_civil_liability,"[""conversion"", ""punitive damages""]",accepted_primary,"[""In order to show conversion, Winchell must prove that Schiff “wrongfully exerted [dominion] over personal property in denial of, or inconsistent with, title or rights therein or in derogation, exclusion or defiance of such rights.”"", ""Therefore, we conclude that substantial evidence supports the jury’s finding that Schiff was liable for conversion.""]",8085947,False,en,944,1644,pass,pass,pass,pass,pass,pass,pass,replacement_generation_and_direct_qc_v3,replacement_v3,"The controlling opinion concerns expert-witness qualification and evidentiary gatekeeping under MCL 600.2169(1), and resolves the cases through dismissal and directed verdict for failure to present a qualified expert, without deciding substantive negligence, causation, or damages.",development,9de557d92ede3dd6fd30f6efb16e45cd26d9f37b6dcf2bf33c602d927036b5bf,673668b0dff92972ec3414d919eb378adb6662b2f9c2487e156528495a4d4a7e,5086030b69594ac3e63187a20785e5acda3f06e80c3b04998acd4b3302cb3620,673668b0dff92972ec3414d919eb378adb6662b2f9c2487e156528495a4d4a7e
US_0cb53a4c10c6b8a81c,FAM_25dfea94e6c454bb,US,Nevada,Nevada Supreme Court,supreme,2021-12-02,,other_civil_liability,"[""wrongful death"", ""negligence per se"", ""negligent entrustment"", ""statutory civil-liability immunity""]",adjudicated,"[""James and Ann-Marie Parsons sued the gun companies in Nevada state court, alleging (1) wrongful death caused by the companies' knowing violation of 18 U.S.C. § 922(b)(4) (2019)"", ""The answer to the limited dispositive question—does the plausible allegation of illegality take the causes of action asserted here outside the immunity NRS 41.131(1) declares?—lies somewhere in between."", ""In response to the questions certified to us by the federal district court, we hold that NRS 41.131 provides the gun companies immunity from the wrongful death and negligence per se claims asserted against them under Nevada law in this case.""]",5307799,False,en,511,802,pass,pass,pass,pass,pass,pass,pass,external_manual_review+v3_final_qc_direct_source_adjudication,retained,,development,8a48e5e1f8d58422adfd7062f06bc68937f2dd928db49d77d950a9851e078933,bde625f7e844e7c9430ba1936d3dc662c1c1083c684e8afb35d117cda208714b,ce0b13f1500ac3cba687bc8cc31009869fae1fa7537ee97cf51b6cf4937587d0,bde625f7e844e7c9430ba1936d3dc662c1c1083c684e8afb35d117cda208714b
US_0cdf24e76568435f05,FAM_d860879612c79aaf,US,Michigan,Michigan Supreme Court,supreme,2006-07-31,,medical_professional_liability,"[""negligent medical procedures"", ""failure to properly diagnose and treat prestroke symptoms"", ""medical malpractice""]",independent_agreement,"[""Plaintiffs sued Dr. Custer and the hospital, alleging that the fractures were the result of negligent medical procedures"", ""Plaintiff alleges that the defendant physician failed to properly diagnose and treat the decedent while she exhibited prestroke symptoms.""]",845582,False,en,454,902,pass,pass,pass,pass,pass,pass,pass,external_manual_review_182_authoritative,retained,,confirmatory,2ad6592d68bfbb671cdab06e898f78df58538b10c235aaa8ba53f2ff53d394c0,bd2a5efe06d29f37cce6a2763f3b5f83fe74928b1121481264aefc679f1f8dda,483f299123f7155bb31b81609545bf43f0b01e53ded910564e45ebd1267fece4,bd2a5efe06d29f37cce6a2763f3b5f83fe74928b1121481264aefc679f1f8dda
US_0eaf2fe14baa5be05e,FAM_44ceecdf79a9ffdd,US,Pennsylvania,Supreme Court of Pennsylvania,supreme,2000-05-18,,general_negligence_personal_injury,"[""negligent highway design, construction, and maintenance"", ""failure to install or maintain a guardrail"", ""dangerous condition of Commonwealth realty/highway"", ""concurrent causation of personal injuries""]",accepted_primary,"[""Appellee commenced an action against the Commonwealth of Pennsylvania, Department of Transportation (PennDOT), alleging that PennDOT was negligent in failing to properly shield the steep embankment with a guardrail on the portion of the highway where the accident occurred and for failing to properly design, construct and maintain a safe highway.""]",2196456,False,en,889,1570,pass,pass,pass,pass,pass,pass,pass,external_manual_review+v3_final_qc_direct_source_adjudication,retained,,confirmatory,e628a00f2f6785c20a1461476b43321377355851b2b0bf254e3d48dc6c33003f,c645dad5ca3c6ce31d540217715c745ce55dfab42350de2e2525a6151dfb8202,69580ec76a49a3e1dee83e66f0e582a18e5f92293833eae5f8c33a9665906c2b,c645dad5ca3c6ce31d540217715c745ce55dfab42350de2e2525a6151dfb8202
US_0ed0e9c92a0a12ceca,FAM_245a6f28179f40c3,US,West Virginia,West Virginia Supreme Court,supreme,2007-05-25,,other_civil_liability,"[""negligent spoliation of evidence""]",independent_agreement,"[""we are asked to review a summary judgment order dismissing a negligent spoliation lawsuit against an insurance company."", ""spoliation of evidence as a standalone tort when the spoliation is the result of the negligence of a third party, and the third party had a special duty to preserve the evidence.""]",1424178,False,en,1211,1803,pass,pass,pass,pass,pass,pass,pass,external_manual_review+v3_final_qc_direct_source_adjudication,retained,,confirmatory,18cc7e258643286dab0dcb4403c3540e4081094a75ed1df61cb42d7537458078,c7ef8ac1194491e8771f2e80c46ecb654904033244ba81441302cda83986cbe7,2cb660a014087a1aac47086760d686c4332904a0a03760a0c07656847b01fcf7,c7ef8ac1194491e8771f2e80c46ecb654904033244ba81441302cda83986cbe7
US_1042602a184dd1c50b,FAM_8bd7bbdf1d5378cb,US,Louisiana,Supreme Court of Louisiana,supreme,2003-10-21,,general_negligence_personal_injury,"[""ordinary negligence"", ""wrongful death"", ""duty-risk liability"", ""statutory duty and breach""]",accepted_primary,"[""Suit was filed against Sheriff Foti, as criminal sheriff of the Parish of Orleans, the City of New Orleans, and XYZ Insurance Company, alleging that Sheriff Foti was negligent in holding the juvenile at the Orleans Parish Prison and releasing him without notifying his parents."", ""This matter arises out of a wrongful death action filed by the parents of a sixteen year old juvenile, who was improperly incarcerated in the Orleans Parish Correctional Center for adults instead of the Orleans Juvenile Facility.""]",1696964,False,en,542,901,pass,pass,pass,pass,pass,pass,pass,external_manual_review+v3_final_qc_direct_source_adjudication,retained,,confirmatory,3e72fee0f1a47c15773a8e360a547e812c83374d89deee601f69a5cf7c4e6f66,02373a9364457811df0bd5a6578232cc79c2c55b1c908b949c7202291a2325cb,0cab8078a15c901c0da121363b12408bcadc301447331e40ea923698a97593ba,02373a9364457811df0bd5a6578232cc79c2c55b1c908b949c7202291a2325cb
US_143504a555ba2b1572,FAM_3470c1a0012ae8f1,US,Louisiana,Supreme Court of Louisiana,supreme,2004-12-01,,general_negligence_personal_injury,"[""ordinary negligence"", ""premises liability"", ""failure to properly maintain and repair a window screen"", ""property-owner/custodian liability under La. C.C. art. 2317.1""]",independent_agreement,"[""etermine whether the trial court committed manifest error in finding that the Housing Authority of New Orleans (\""HANO\"") negligently installed a window screen in plaintiff's apartment which caused her daughter to sustain injuries. After reviewing the facts and the applicable law, we reverse the judgments of the lower courts because their conclusion that HANO was negligent i"", ""In an action to recover damages for injuries allegedly caused by another's negligence, the plaintiff has the burden of proving negligence on the part of the defendant"", ""Negligence cases are resolved under the duty/risk analysis""]",1803024,False,en,1738,3199,pass,pass,pass,pass,pass,pass,pass,replacement_generation_and_direct_qc_v3,replacement_v3,"The opinion principally resolves prescription and does not adjudicate a substantive civil-liability merits issue; the discussion of negligence, product liability, Jones Act status, and maritime jurisdiction concerns alleged claims and vacated procedural findings.",confirmatory,74c710819e1cc60f9a00bde18520b55105f618c880d388d8ebd87c89cfb89457,f92b32b92f3f96750c42644bb3e557635f8d5f9025badfceffbfd99019cc0264,fd0a7237a110bdfbbdde43a29f9d487ea8837143d4aa11986d482ca764140dff,f92b32b92f3f96750c42644bb3e557635f8d5f9025badfceffbfd99019cc0264
US_157a99d9bc34ad07c0,FAM_c1920e20f8735f5d,US,Michigan,Michigan Supreme Court,supreme,2000-07-28,,general_negligence_personal_injury,"[""negligent failure to maintain and repair a highway"", ""negligent failure to install additional stop signs or traffic signals""]",accepted_primary,"[""Nawrocki allegedly stepped on cracked and broken pavement on the surface of Kelly Road and sustained serious injuries to her right ankle"", ""Nawrocki sued defendant Macomb County Road Commission,[6] arguing that it negligently failed to maintain Kelly Road in reasonable repair and in a condition safe and convenient for public travel."", ""Evens sued defendant Shiawassee County Road Commissioners, arguing that they negligently failed to maintain the intersection in reasonable repair and in a condition safe and convenient for public travel.""]",1830403,False,en,869,1582,pass,pass,pass,pass,pass,pass,pass,external_manual_review+v3_final_qc_direct_source_adjudication,retained,,confirmatory,975405de34cdf2d9f2757e81966d7045146866b7230c15bfa26565a9c23d5d60,d0ec86f47fac2aece971a4db9ec85f6d789c4c74acfffbf9ac32b6649b40b5c7,f322dbcf45d30b8b9ea2571ed692ce4e9db502e501661a1fda1d57d62cd61d8c,d0ec86f47fac2aece971a4db9ec85f6d789c4c74acfffbf9ac32b6649b40b5c7
US_15e86d45f19b975195,FAM_a6fd826d778ed891,US,West Virginia,West Virginia Supreme Court,supreme,2018-11-19,,other_civil_liability,"[""fraud"", ""constitutional tort and statutory violations"", ""child concealment"", ""outrage/intentional infliction of emotional distress"", ""governmental and qualified immunity""]",independent_agreement,"[""The complaint alleged the following causes of action: (1) fraud; (2) “constitutional tort and statutory violations”; (3) child concealment; and (4) outrage/intentional infliction of emotional distress."", ""petitioners filed a civil action against the DHHR and two of its employees."", ""We find, however, that petitioners are not entitled to any relief, as the circuit court correctly ruled that respondents in this matter are immune from liability.""]",4565559,False,en,1961,3091,pass,pass,pass,pass,pass,pass,pass,external_manual_review_182_authoritative,retained,,confirmatory,c98f58285e97b1c3f76658e8fa4516e635b56779e7f485c729b5da6d1d04897e,a60f963ad334ea278101add9cf7be21363675013bbcde8e18f4d541d02d040ee,6f3aade2ec6d511f5b8a8a1fc448d137b52ff9a01caeeceb5814dfde046d127c,a60f963ad334ea278101add9cf7be21363675013bbcde8e18f4d541d02d040ee
US_193c9ad26072b674b4,FAM_df8a2f43129a48bf,US,Nevada,Nevada Supreme Court,supreme,2003-03-21,,product_liability,"[""strict products liability"", ""failure to warn""]",independent_agreement,"[""Appellants' primary contention centers on the district court's failure to adopt appellants' proffered instructions on their theory of liability; that warnings concerning the risk of carbon monoxide migration secondary to use of the boat's air conditioning system were inadequate."", ""because the jury was left to guess \""from general `stock' instructions\"" discrete elements of proof \""in the rather unusual context of a gas explosion case.\""[10] However, in American Casualty Co., we also observed that \""[i]n some instances a requested instruction, although proper, will not be essential to the jury's understanding of the case.\""[11] Under Nevada law,[12] \""strict liability may be imposed even though the product is faultlessly made if it was unreasonably dangerous to place the product in the hands of the user without suitable and adequate warning concerning safe and proper use.\""[13] Inherent in this doctrine is that \""a product must include a warning that adequately communicates the dangers that may result from its use or foreseeable misuse.\""[14] More particularly, in Fyssakis v."", ""We therefore embrace the rule of law stated in the Pavlides instructions offered by appellants below, and hold that Nevada trial courts should advise juries that warnings in the context of products liability claims must be (1) designed to reasonably catch the consumer's attention, (2) that the language be comprehensible and give a fair indication of the specific risks attendant to use of the product, and (3) that warnings be of sufficient intensity justified by the magnitude of the risk.""]",2625884,False,en,1816,3107,pass,pass,pass,pass,pass,pass,pass,external_manual_review_182_authoritative,retained,,confirmatory,8b9b3ee87cfade88f95216103a396cb377613c03b2a63df93db7c8f738c7d0b5,ec137478d22e982e6c1ecfe5b00b5e244befd5ae74ba082cd7eef061a230dfd1,714be47b15c70ccc9431d19fe4eb247a7a784108f9eabc4c8d72344ed9b2d341,ec137478d22e982e6c1ecfe5b00b5e244befd5ae74ba082cd7eef061a230dfd1
US_193fdb5b19590cbcab,FAM_114fafdc93cf19f7,US,West Virginia,West Virginia Supreme Court,supreme,2003-12-03,,medical_professional_liability,"[""medical negligence"", ""negligent breach of the medical standard of care"", ""proximate cause of personal injury""]",independent_agreement,"[""During the trial of this case, Mrs. Arbogast contended that Mid-Ohio breached the medical standard of care in extracting blood from her left arm."", ""Mrs. Arbogast sought to establish the standard of care for extracting blood from a patient’s arm through the expert testimony of Dr. Beverly Kovanda.""]",1311076,False,en,1720,2852,pass,pass,pass,pass,pass,pass,pass,replacement_generation_and_direct_qc_v3,replacement_v3,confirmed replacement required by external review and source recheck,development,9ccb5963c9df43282f2ce50b791c99161468e992358eb31e00497282dc175926,95b3a0fd04894d275abf1381fca0dae956e9da4ad36d156d72287fb443b8ec33,e2836c1eae94660a9e8b657cbebe674132255da3ab9b21ac057241f0015fb7c4,95b3a0fd04894d275abf1381fca0dae956e9da4ad36d156d72287fb443b8ec33
US_1aba36d98e0653f066,FAM_2c92baef53d42773,US,Michigan,Michigan Supreme Court,supreme,2005-06-01,,other_civil_liability,"[""Michigan Civil Rights Act statutory discrimination liability"", ""Hostile work environment sexual harassment"", ""Employer respondeat superior liability based on notice and failure to take corrective action"", ""Individual agent liability""]",independent_agreement,"[""At issue in this case is (1) whether the Michigan Civil Rights Act (CRA)[1] provides a cause of action against an individual agent of an employer and (2) whether plaintiff's employer, Ford Motor Company, was entitled to a directed verdict in plaintiff's sexual harassment lawsuit against it."", ""The CRA prohibits an employer from discriminating on account of sex, which includes sexual harassment."", ""Because employers can be held liable under the CRA, and because agents are considered employers, agents can be held liable, as individuals, under the CRA.""]",848648,False,en,989,1577,pass,pass,pass,pass,pass,pass,pass,replacement_generation_and_direct_qc_v3,replacement_v3,confirmed replacement required by external review and source recheck,confirmatory,b2f2b542ad6ca328b9ee767c5ac28a9f51f959d2193ab89d30a122dc2aa56dd2,e5fda2a15c1b0fce0f1fcca7de5506ba6d383c39e545469468bfd35a82dd6d40,c523ffb840df539df650ed48727b9d119d5c6ef4c67970cf18de9db5a592812f,e5fda2a15c1b0fce0f1fcca7de5506ba6d383c39e545469468bfd35a82dd6d40
US_1cfe591dc59be857da,FAM_77a5d27bbac2f615,US,Michigan,Michigan Supreme Court,supreme,2020-12-11,,other_civil_liability,"[""defamation"", ""libel"", ""statutory fair-reporting privilege""]",accepted_primary,"[""This case involves claims of defamation by plaintiff Bryan Punturo against defendants, Brace Kern, Saburi Boyer, and Danielle Kort."", ""Thereafter, Punturo filed the present defamation action, arguing that the various statements to the news media that he had committed antitrust violations and extortion were defamatory and that he is entitled to damages.""]",4838644,False,en,776,1188,pass,pass,pass,pass,pass,pass,pass,replacement_generation_and_direct_qc_v3,replacement_v3,confirmed replacement required by external review and source recheck,confirmatory,8b070ab7ac1da1ccb9c6f55fbfdd810fcd02ba94a222377be3c485e1dca57ca6,a27234f76c4d032f6e14b733323b980fcb217f5152e89372b79c1fea26921a0c,4452cb10f13e547c1e8b64c2ad7f840f50071819cea898f0d1abc5b6150beefd,a27234f76c4d032f6e14b733323b980fcb217f5152e89372b79c1fea26921a0c
US_231c5e7fb867d9b8c2,FAM_f61781c71e4309a3,US,Nevada,Nevada Supreme Court,supreme,2011-06-02,,other_civil_liability,"[""contractual indemnity"", ""breach of contract for failure to defend"", ""negligence allocation for construction defects""]",independent_agreement,"["", for Respondent. Before DOUGLAS, C.J., PICKERING and HARDESTY, JJ. OPINION By the Court, HARDESTY, J.: In this appeal, we consider whether an indemnity clause in a construction contract between a general contractor and a subcontractor obligates the subcontractor to indemnify the general contractor for its partial negligence for constructional defects, regardless"", ""by Plaster in defending against those claims directly attributed to Reyburn's scope of work, if any.[11] CONCLUSION We conclude that the indemnity clause in this case does not unequivocally or explicitly state that Reyburn would be required to indemnify Plaster, even if Reyburn was not negligent, and does not clearly require indemnification for Plaster'""]",2461938,False,en,1277,2501,pass,pass,pass,pass,pass,pass,pass,replacement_generation_and_direct_qc_v3,replacement_v3,Limitations-only proceeding; the opinion does not decide a substantive civil-liability or damages merits issue.,confirmatory,54d12afadefb6be64594501b1e5e1f79a6e8609eaef2bd9fc42a68833f07bc27,a7a50ad30ec17bc31a2062deefe2abed1278bf6cd8327ed90efcf139fbbafe82,724570e649c97253adb2ffd4b1bfda7bd9b693d4bd79e3deceb88eac44909de1,a7a50ad30ec17bc31a2062deefe2abed1278bf6cd8327ed90efcf139fbbafe82
US_286292f7d56c91120b,FAM_5d64b88163d65cbe,US,Nevada,Nevada Supreme Court,supreme,2013-11-07,,general_negligence_personal_injury,"[""ordinary negligence"", ""comparative negligence"", ""wrongful death"", ""negligence resulting in death""]",accepted_primary,"[""Raymond’s wife Elizabeth, individually and as the representative of her husband’s estate, as well as her son and two daughters (collectively, the Yeghiazarian family), filed a complaint against LVMPD and Officer Wicks (collectively, LVMPD) alleging negligence resulting in Raymond’s death."", ""As a result of the accident, Raymond suffered multiple internal injuries and trauma to his brain stem. After spending three weeks in a coma, Raymond died.""]",8086072,False,en,1074,1699,pass,pass,pass,pass,pass,pass,pass,external_manual_review+v3_final_qc_direct_source_adjudication,retained,,confirmatory,2122729a832d5053bc1ba1314826faaf6f931e3e7e8eda1274cd72bdffc29017,358fa7ac2b768e9d147fc818181abe20160128e5bede73f75f147cccfea81b4a,2d6a58aac15f0fc8e7d82b745baa43e53532497928318110dc27b45f09069948,358fa7ac2b768e9d147fc818181abe20160128e5bede73f75f147cccfea81b4a
US_2ce3ed6c0e8a324589,FAM_1f496ceb80f76f66,US,Pennsylvania,Supreme Court of Pennsylvania,supreme,2014-02-07,,medical_professional_liability,"[""medical negligence"", ""failure to refer for further testing"", ""failure to meet the professional standard of care"", ""wrongful death""]",independent_agreement,"[""We granted review in this medical malpractice case"", ""At trial, Appellees presented expert testimony that Dr. Grumbine had deviated from the standard of care by failing to refer Anthony for further testing on August 2."", ""The standard of care for physicians in Pennsylvania is objective in nature""]",5147696,False,en,1303,2266,pass,pass,pass,pass,pass,pass,pass,external_manual_review+v3_final_qc_direct_source_adjudication,retained,,confirmatory,fc1a600ae4791ffa5b96551e7d80f7854f1ee0084d26fdefa0f5cdb97c5ee44c,319828bace8f8f0541a3ebf7ffaf642d8e189999a7c7f96d1f30d325875c60f3,1f3a33acdace4ee3e3ee3477965acc1c14c94c9daac12262c60447252417e31a,319828bace8f8f0541a3ebf7ffaf642d8e189999a7c7f96d1f30d325875c60f3
US_2dc42d5d55548348de,FAM_7ca7eab46aebf1de,US,Michigan,Michigan Supreme Court,supreme,2023-07-28,,general_negligence_personal_injury,"[""ordinary negligence"", ""premises liability"", ""comparative fault""]",accepted_primary,"[""Ahlam Kandil-Elsayed filed a negligence action based on premises liability"", ""after she slipped and fell at a gas station defendant operated"", ""Renee Pinsky and her husband, David Pinsky, brought a negligence action based on premises liability"", ""after Renee Pinsky tripped over a cable""]",9416822,False,en,431,768,pass,pass,pass,pass,pass,pass,pass,external_manual_review+v3_final_qc_direct_source_adjudication,retained,,confirmatory,99a025fdd72e8f52e346ce93dca4cc73753e187a8d12cd1d328a44db283d6ef6,9120692e8f411bcc6158dd5b2717f30d5cb945e1804ed36046c4f614984faf44,a087ebeb0fc04c5d2264226fd454d3c3035ee263dd1537af0ba4035b70f41aab,9120692e8f411bcc6158dd5b2717f30d5cb945e1804ed36046c4f614984faf44
US_32ce5cc46af8c47b58,FAM_cd1634c7b2500203,US,Louisiana,Supreme Court of Louisiana,supreme,2005-12-21,,general_negligence_personal_injury,"[""negligence"", ""wrongful death"", ""failure to erect adequate warning devices"", ""failure to adequately mark the crossing"", ""assumed duty to upgrade the crossing""]",accepted_primary,"[""Plaintiffs alleged that the DOTD was negligent in failing to erect adequate warning devices at the crossing and in failing to adequately mark the crossing."", ""As a result of Mrs. Long's death, her husband, their minor son and daughter (hereinafter referred to as \""plaintiffs\""), filed wrongful death and survival actions against the DOTD.""]",1620784,False,en,834,1369,pass,pass,pass,pass,pass,pass,pass,external_manual_review+v3_final_qc_direct_source_adjudication,retained,,confirmatory,6758cdbd923ac15a848b668c31812d4c77581bcb2e4a46173cdc49eaec8e86de,fb699709f8e75c0036f674ebbb6589ec41ae6b3d2db52f16bee5bf881bb83efa,cbafb9aca647a21e112c790c6095d4c81d449623337cd8508e0d950b10f4e737,fb699709f8e75c0036f674ebbb6589ec41ae6b3d2db52f16bee5bf881bb83efa
US_369a2f88efd4f55df4,FAM_7d215dbe5d0a78b9,US,Pennsylvania,Supreme Court of Pennsylvania,supreme,2019-10-31,,general_negligence_personal_injury,"[""ordinary negligence"", ""negligence per se"", ""comparative negligence""]",accepted_primary,"[""Appellant, Joan P. Grove, was awarded a jury verdict of $250,000.00 in the Court of Common Pleas of Allegheny County, in a personal injury action against Appellee, Port Authority of Allegheny County."", ""As Cunningham maneuvered the bus around the right side of the car stopped on Sixth Avenue, she struck Grove who was crossing Montour Way."", ""As a result of the accident, Grove underwent several surgeries, ultimately having her leg amputated from the knee down.""]",4674776,False,en,615,916,pass,pass,pass,pass,pass,pass,pass,external_manual_review+v3_final_qc_direct_source_adjudication,retained,,development,1588886978611207465d4cec23ac646b1bc46079bc231806c53139252cc007fe,cfc94267d432596c82e23d2150a5f158eff86a200039f494aa17935103e4de75,ed74b1280c4bda444e0b784c2dd1c9d3ea38729be4da35476dee84827457e393,cfc94267d432596c82e23d2150a5f158eff86a200039f494aa17935103e4de75
US_37fae4c5d51bff450a,FAM_a860d396b27acc45,US,West Virginia,West Virginia Supreme Court,supreme,2016-04-12,,product_liability,"[""product-defect strict liability"", ""property damage"", ""breach of implied warranty of merchantability"", ""deceptive trade practices""]",independent_agreement,"[""property damage due to product defect (i.e., strict liability)"", "". . .) 5 In count three of his amended complaint, petitioner alleged property damage due to product defect—that “[t]he failure of the middle drive shaft was the result of a product defect in the design and manufacture of the [intermediate drive shaft], as set forth [elsewhere in the amended complaint]. This Count seeks recovery for damages to prope"", ""amended complaint is dispositive of the issue, we need not address it in this appeal. 7 Under Star Furniture, “[s]trict liability in tort may be used to recover for property damage when the defective product damages property only[,]” 171 W.Va. at 80, 297 S.E.2d at 855, syl. pt. 1, including for “damage to property other than the defective product.” Id""]",3193310,False,en,723,1274,pass,pass,pass,pass,pass,pass,pass,replacement_generation_and_direct_qc_v3,replacement_v3,"The supplied opinion is expressly from the Nevada Court of Appeals rather than the state-highest court, making it an unusable controlling opinion under the eligibility requirement. In addition, the appellate decision resolves only attorney-misconduct/new-trial findings and remands for further findings, rather than deciding a civil-liability substantive merits issue.",confirmatory,936f6426da3ccc208d3b734262e5519a71a540c97f4f21b1e17eeda360cc2ed5,f23e78f7f0f7619c203c547a0ca1228d184300840be257ba023393456e2aab6f,a50a777ca2abe612054467664c116273fe9946d35c4fe6cc6c66d08306140353,f23e78f7f0f7619c203c547a0ca1228d184300840be257ba023393456e2aab6f
US_38d924f1ad3609200a,FAM_62a890cecb80b6a0,US,Pennsylvania,Supreme Court of Pennsylvania,supreme,2002-05-31,,general_negligence_personal_injury,"[""ordinary negligence"", ""wrongful death and survival"", ""governmental immunity and vehicle-liability exception"", ""statutory emergency-medical-services immunity""]",independent_agreement,"[""the Regesters commenced a wrongful death and survival action against Longwood, SCCMC, and others."", ""the Regesters alleged, inter alia, that the emergency services dispatchers and providers negligently failed to familiarize themselves with the geographic area which they served, resulting in the unavailability of prompt and essential medical attention to Mr. Regester."", ""such allegations of negligence on the part of Longwood and its agents in failing to maintain adequate familiarity with the emergency service area and follow provided directions is more closely associated with the public service involved (ambulance service) than it is with the physical operation of the vehicle as such.""]",1537419,False,en,798,1611,pass,pass,pass,pass,pass,pass,pass,external_manual_review+v3_final_qc_direct_source_adjudication,retained,,confirmatory,8fb97c5c3a8a706e83f0efc705851b0e6b6f64e04785028cfbd0fc62d0767fc8,9a063b4bb54263fecf550b9ad7fc53ce3c83cd67f86aa4af764f1ae4db348bbc,7da26ab8726d66742356a70533c7818db30e043a8667c3a870ff44830a3c0835,9a063b4bb54263fecf550b9ad7fc53ce3c83cd67f86aa4af764f1ae4db348bbc
US_3a3052ef67238d90fa,FAM_7fa63aed93a25737,US,Pennsylvania,Supreme Court of Pennsylvania,supreme,2014-11-19,,general_negligence_personal_injury,"[""negligence"", ""negligent operation of a motor vehicle"", ""employee/vicarious liability""]",accepted_primary,"[""Appellant filed this negligence action against Pennsbury and other defendants"", ""the negligent operation of a motor vehicle"", ""school bus owned by, and operated by an employee of, appellee Pennsbury School District""]",2753360,False,en,294,456,pass,pass,pass,pass,pass,pass,pass,external_manual_review+v3_final_qc_direct_source_adjudication,retained,,development,808651a0cbbc3f2a719951d7b62e5e2ea4cb3020d04159dae10d0e9bc9f07505,290faf11c5037ac530c8d50014d148adae53ff2cafe9ec24244434aeb029d6b0,3be186b11eacc8a7ef0a7094dc823ab96ac1aafe8bda46e857db89e7f3174be1,290faf11c5037ac530c8d50014d148adae53ff2cafe9ec24244434aeb029d6b0
US_3f0101285fcc76e2b1,FAM_92e0644cfa630556,US,Pennsylvania,Supreme Court of Pennsylvania,supreme,2004-02-20,,other_civil_liability,"[""successor liability"", ""tort liability"", ""asbestos-related personal injury""]",independent_agreement,"[""Appellants asserted several causes of action against Crown Cork sounding in tort or contract."", ""Crown Cork was sued in asbestos-related cases solely as a successor to Mundet Cork""]",1896620,False,en,656,968,pass,pass,pass,pass,pass,pass,pass,external_manual_review+v3_final_qc_direct_source_adjudication,retained,,confirmatory,cfbc1a591f6f9fd778b03b590e673ce742d997365b47c865f9e03103636524b2,227acee6f8b4640ab5c041e2aa61476f760a66bdad93ffe867f46310a30a13b3,b5a03b556e78e1bfe74a92653e04c77f07f9ddef69cbe4e4b9bb7b7e33c5c3b5,227acee6f8b4640ab5c041e2aa61476f760a66bdad93ffe867f46310a30a13b3
US_43352148b1cf063f58,FAM_8284833c2c1b1843,US,West Virginia,West Virginia Supreme Court,supreme,2005-06-30,,medical_professional_liability,"[""medical negligence"", ""intervening cause"", ""proximate cause"", ""contribution""]",independent_agreement,"[""This proceeding addresses two appeals from a medical malpractice action involving the same parties"", ""the evidence established that Dr. Mohan's treatment of Michael fell below the standard of care when he failed to order both bacterial and viral cultures on March 12, 1998.""]",1288656,False,en,1247,1832,pass,pass,pass,pass,pass,pass,pass,replacement_generation_and_direct_qc_v3,replacement_v3,confirmed replacement required by external review and source recheck,confirmatory,ccbe80f272920ea7b5934da97535b12f9cf8ac3d2b329929c999b0fe88e2efb0,fdc0d5255cbfe36cefde67d0210fde727fa1cc27fdd5c6aac49e01945f192bba,23a6836cc41d9d2818e4a9db02184c10527eeabb24a4a5c4125f4e00619d7763,fdc0d5255cbfe36cefde67d0210fde727fa1cc27fdd5c6aac49e01945f192bba
US_45c1de8fa5ac8eefab,FAM_d99f8a1dc6324663,US,West Virginia,West Virginia Supreme Court,supreme,2003-07-07,,medical_professional_liability,"[""medical negligence"", ""wrongful death"", ""premortem pain and suffering damages""]",independent_agreement,"[""United States of America, pursuant to the Federal Tort Claims Act, 28 U.S.C. § 2671, et seq., in the district court.[1] The plaintiff alleged that the defendant, acting through its employees, the physicians at the VA hospital, \""failed to exercise that degree of care, skill and learning required or expected of a reasonable, prudent physician[s] and/or medical facility"", ""this negligent treatment caused her husband's death""]",1376114,False,en,501,787,pass,pass,pass,pass,pass,pass,pass,replacement_generation_and_direct_qc_v3,replacement_v3,confirmed replacement required by external review and source recheck,confirmatory,b6f7727ed960fc68ab5ad2bb5240310f4786edd4a4adb7f88e7142a9d87e5f7e,f2223c20562bbe4cd5cd09f27cad4c99e8c9a6763adf7f2373a5ba64db9717dd,db27d914cbe63b5c043c21ee7b9c3b3ac442ad70231e85eb96c3b4603fd8689d,f2223c20562bbe4cd5cd09f27cad4c99e8c9a6763adf7f2373a5ba64db9717dd
US_46a80b1c5e06a72d45,FAM_13ba5ae2d9575c6b,US,Pennsylvania,Supreme Court of Pennsylvania,supreme,2009-12-29,,other_civil_liability,"[""negligent misrepresentation under § 552 of the Restatement (Second) of Torts"", ""statutory duty under the One Call Act"", ""economic loss doctrine""]",independent_agreement,"[""Appellant sued appellee on a theory of negligent misrepresentation under § 552 of the Restatement (Second) of Torts,[2] claiming appellee failed to comply with its statutory duties under the Act."", ""We granted allowance of appeal to determine whether § 552 of the Restatement (Second) of Torts imposes liability for economic losses to a contractor caused when a gas utility company fails to mark or improperly marks the location of gas lines.""]",2056571,False,en,316,430,pass,pass,pass,pass,pass,pass,pass,external_manual_review+v3_final_qc_direct_source_adjudication,retained,,development,f582b72635b3b293bce84332231ded148a3e3f6c139d6e6453b9859450d2e521,3d5c0abf0976b2bb51c77f1eb3fb7a42f1c785254894020135e496507a339272,b4d7745d26fe29042a294b6c9e347df84bc5532b88a76a58f43c32e4c0fe55fe,3d5c0abf0976b2bb51c77f1eb3fb7a42f1c785254894020135e496507a339272
US_47210f2421779c756f,FAM_7c1f6ce65b9cf7df,US,Pennsylvania,Supreme Court of Pennsylvania,supreme,2009-06-15,,medical_professional_liability,"[""medical negligence"", ""medical malpractice"", ""negligent nursing care"", ""failure to meet the nursing standard of care"", ""medical causation""]",independent_agreement,"[""1999, Freed was discharged to home. On December 21, 2000, Freed filed a complaint against Geisinger and HealthSouth,[2] alleging that the nursing staff of both institutions failed to meet the nursing standard of care with regard to the treatment and prevention of pressure wounds on an immobilized patient. At a jury trial over which the Honorable Charles C. Bro"", ""ding is in conflict with this Court's holding in Flanagan, and, therefore, must be vacated. Preliminarily, we note that in order to establish a cause of action for medical malpractice, a plaintiff must demonstrate (1) a duty owed by the physician to the patient; (2) a breach of that duty by the physician; (3) that the breach was the proximate cause""]",2294157,False,en,570,1047,pass,pass,pass,pass,pass,pass,pass,external_manual_review_182_authoritative,retained,,confirmatory,25f17cdaf476803218e1be340acc9dda1430612c554b14bc4f6f2dc43652d635,dcd9f1e00b0d063a84c50e14d690feca3aec7d0e43d650b203b67aad560d7373,ab69db02eb845533921104cfe1e20fd62d7bf0e64cc658e156276e0242c818b8,dcd9f1e00b0d063a84c50e14d690feca3aec7d0e43d650b203b67aad560d7373
US_4bf2e6511806b25f10,FAM_189df990687ef09a,US,West Virginia,West Virginia Supreme Court,supreme,2022-08-30,,other_civil_liability,"[""legal malpractice"", ""attorney negligence"", ""breach of the attorney’s professional duty"", ""breach of representation agreement""]",independent_agreement,"[""the present appeal is one of three related cases that have been considered by this Court"", ""petitioner filed a civil complaint against respondent, which was docketed as civil action no. 19-C-128"", ""petitioner claimed that respondent had, while representing petitioner, “recklessly failed to raise the issue of the civil action being time barred by the applicable statute of limitations.”"", ""We have held that “[g]enerally, in a suit against an attorney for negligence, the plaintiff must prove three things in order to recover: (1) the attorney’s employment; (2) his/her neglect of a reasonable duty; and (3) that such negligence resulted in and was the proximate cause of loss to the plaintiff.”""]",7861092,False,en,1156,1903,pass,pass,pass,pass,pass,pass,pass,replacement_generation_and_direct_qc_v3,replacement_v3,"The controlling issue is statute of limitations accrual and the discovery rule, without adjudication of the underlying negligence liability merits.",confirmatory,69a655c112426ec42d86c63b1c1eeab68249f9aa07dd87a0e07b4df359e62bf1,caa4f4abcc74d2340dbb4720409793d83be36544ce2fa0f05a749c03a92cce81,6ef195822c009ffab2529f5de8506516962dd8e00e3a5765c78f780bbd767cbb,caa4f4abcc74d2340dbb4720409793d83be36544ce2fa0f05a749c03a92cce81
US_512d2cb96959fe1764,FAM_d3621c020477abd8,US,Nevada,Nevada Supreme Court,supreme,2010-03-11,,general_negligence_personal_injury,"[""negligence"", ""comparative negligence"", ""civil liability based on criminal conviction""]",accepted_primary,"[""This case arises from a single-car accident that occurred on July 21, 2002. Wilson was driving while intoxicated and speeding, causing him to veer off the road."", ""On May 5, 2003, the Cromers filed a complaint against Wilson alleging negligence."", ""Aaron, who was a passenger in Wilson's vehicle, suffered two spinal vertebrae fractures, four broken ribs, a broken wrist, and a broken collarbone.""]",2538873,False,en,438,758,pass,pass,pass,pass,pass,pass,pass,replacement_generation_and_direct_qc_v3,replacement_v3,Contract-only dispute concerning the applicable limitations period; the opinion expressly characterizes the claim as breach of contract rather than a civil-liability tort merits issue.,confirmatory,243b35f7144ad2ad95c2c546dd5b6a1973b481baaec26c2fb0c5f4eb8c482c6d,72297bedf64b57e3056f99c35e339dd9ce38100d834023fbc0802674a067918f,92d96d6dd8ed7e8dab3d5cb0a96c487937be5d56f81bf4e067e700e550a1fd51,72297bedf64b57e3056f99c35e339dd9ce38100d834023fbc0802674a067918f
US_5334a4131f192eab74,FAM_f773ec6cb929d475,US,West Virginia,West Virginia Supreme Court,supreme,2001-07-11,,other_civil_liability,"[""retaliatory discharge"", ""wrongful discharge"", ""punitive damages""]",accepted_primary,"[""PER CURIAM. The Circuit Court of Pendleton County, in this retaliatory discharge action, reduced a jury verdict in favor of the appellant, Barbara L. Seymour, from $526,000 to $172,235.92. In reducing the verdict, the circuit court concluded that the evidence failed"", ""leton Community Care’s office manager, for *470insubordinate behavior and for refusal to adhere to management policies. Following the discharge, Ms. Seymour brought the present retaliatory discharge action against Mr. Judy and Pendleton Community Care. Among other things, she claimed that her termination was in retaliation for her complaining about the falsification and lack""]",1287917,False,en,732,1283,pass,pass,pass,pass,pass,pass,pass,replacement_generation_and_direct_qc_v3,replacement_v3,"The opinion resolves a procedural discontinuance and judgment-of-non-pros issue, not a civil-liability or damages substantive-merits issue.",confirmatory,61bcd332154b0aa85620c6c6ee38331c0c8b8a42c0e22ad0d2ec47ca6b88e729,a5bd6cb959b2aeaed72c6b583b4cb8f44e40eae90cb01a2be66bf5ac329bca7f,cbd1690f16056a1f37cc9bc12c551cad9063a5d45743afeca0e4cdf8118b4509,a5bd6cb959b2aeaed72c6b583b4cb8f44e40eae90cb01a2be66bf5ac329bca7f
US_545cf69d7c7286aae7,FAM_d5f8b54b4fd91df2,US,Michigan,Michigan Supreme Court,supreme,2000-04-25,,general_negligence_personal_injury,"[""negligent instruction"", ""educational malpractice"", ""products liability"", ""breach of implied warranty""]",independent_agreement,"[""He later was injured when he fell from a utility pole on which he was working."", ""851 (1999).[4] Accordingly, the only issue that is now before us involves plaintiff's alternate claim that, by offering the three-week course that plaintiff attended, ALBAT assumed a duty to teach him the fundamentals of pole climbing and that it was negligent in failing to instruct him about how to do so safely.[5] A."", ""A prima facie claim of negligence contains a sufficient allegation that (1) the defendant was negligent, (2) the defendant owed a legal duty to the plaintiff, (3) the defendant breached that duty, (4) the plaintiff suffered harm, and (5) the defendant's breach was the proximate cause of the plaintiff's harm.""]",1758520,False,en,1011,1873,pass,pass,pass,pass,pass,pass,pass,external_manual_review+v3_final_qc_direct_source_adjudication,retained,,confirmatory,c3a62ec39701a9845706d04b1533e065dc20883f23fef3b20f44650759810b41,5d34e406231363d11f1c19b46ae538ad51666f5ba21525b1f471e6f884f4a6b6,4ff95d57f5a37b7d5bb9cdf0cdc13198edc02b6752bf442f120fae1bd547b07d,5d34e406231363d11f1c19b46ae538ad51666f5ba21525b1f471e6f884f4a6b6
US_5786f3c28c6014a17f,FAM_4ed95a08a4c503ba,US,West Virginia,West Virginia Supreme Court,supreme,2015-05-21,,general_negligence_personal_injury,"[""negligence"", ""comparative fault"", ""contribution"", ""indemnification""]",accepted_primary,"[""Smith”) was injured when his vehicle collided with a truck owned by Modular, operated by Billy Joe McLaughlin (hereinafter “Mr."", ""Mr. Smith filed suit against Modular, alleging negligence."", ""The jury found that Poerio did not breach the lease agreement, but found that Poerio was twenty percent at fault for the accident.""]",2802761,False,en,754,1339,pass,pass,pass,pass,pass,pass,pass,external_manual_review+v3_final_qc_direct_source_adjudication,retained,,confirmatory,d6190d6b460f9cc97f96f1a9acf607fc54eeac81175e058df39058850ac90ec9,a491cc71a12d25a85470017d0612c4a36e6aad715de44e80a92475c3d4b100c7,fb172e7af9821939af552476acb41e1f7ba00d7adb0ffab3bae90e3e05dfb1f2,a491cc71a12d25a85470017d0612c4a36e6aad715de44e80a92475c3d4b100c7
US_5905b849c15a6fb3d6,FAM_1684ec63d6934bdf,US,Pennsylvania,Supreme Court of Pennsylvania,supreme,2019-10-31,,general_negligence_personal_injury,"[""ordinary negligence"", ""negligence per se"", ""comparative negligence""]",accepted_primary,"[""First, in Learn, a case involving a pedestrian struck by a vehicle turning left at an intersection"", ""Grove’s stepping on Sixth Avenue when she moved outside of the crosswalk on Montour Way was the conduct that contributed to the injuries""]",4674774,False,en,570,820,pass,pass,pass,pass,pass,pass,pass,external_manual_review+v3_final_qc_direct_source_adjudication,retained,,confirmatory,886f17837728b1be303ab6bd57441aeceaf710be1c23989b66df6b88fc808f60,3081a0e2942096180e8f0285071e24278d76daac5d8cc257a3ff870da3ca7a69,2e3999e6b3bd324cffa7b610927229181dd39eeccc20b6767b89f2b59c4cdc60,3081a0e2942096180e8f0285071e24278d76daac5d8cc257a3ff870da3ca7a69
US_5d2b0b2b4752431c53,FAM_2cdcf1bb66778115,US,Pennsylvania,Supreme Court of Pennsylvania,supreme,2006-12-28,,general_negligence_personal_injury,"[""ordinary negligence"", ""wrongful death and survival"", ""premises liability"", ""negligent performance of a contractual safety undertaking""]",accepted_primary,"[""We conclude that under the facts presented here, there was no peculiar risk or special danger involved in the task of driving an off-highway dump truck on a highway construction site."", ""Plaintiff filed a complaint against PTC and Trumbull asserting claims pursuant to Pennsylvania's Wrongful Death and Survival Acts"", ""§§ 8301, 8302, alleging that Trumbull and PTC's negligence was a proximate cause of Decedent's death.""]",2334707,False,en,1342,2510,pass,pass,pass,pass,pass,pass,pass,external_manual_review+v3_final_qc_direct_source_adjudication,retained,,confirmatory,874aa607caafca335ff2e311193387838d6ca44d8d335bae9e597728a847c601,a35f941cf0aa5ca2a73921d862985a8ab18de9c07426e6741971b72a5550d62d,4d5998b7a9919c093094178220abbcfdf3f47fd1104a6e401b53a7d10564bdf6,a35f941cf0aa5ca2a73921d862985a8ab18de9c07426e6741971b72a5550d62d
US_5e6f9cfe4d6f03fb7f,FAM_8bded1dd4aeaccf3,US,Michigan,Michigan Supreme Court,supreme,2000-07-26,,general_negligence_personal_injury,"[""negligence"", ""negligent inspection and repair"", ""failure to exercise reasonable care""]",accepted_primary,"[""Analysis To establish a prima facie case of negligence, a plaintiff must prove four elements: (1) a duty owed by the defendant to the plaintiff, (2) a breach of that duty, (3) causation,[6] and (4) damages."", ""The disputed instruction in this case was intended to aid the jury in determining whether defendant breached its duty to plaintiffs to exercise \""reasonable care.\"" [7] This is the so-called \""general standard of care\"" applicable in negligence cases.""]",1830736,False,en,422,812,pass,pass,pass,pass,pass,pass,pass,external_manual_review+v3_final_qc_direct_source_adjudication,retained,,development,fc85820822a6eee935f05905d23c61e98dd8914022c3aedc04456cb93ee9be3d,d4726db503b457bb76421fcde451859ce91df31db681a1dde746a6d5c1dd6dc0,ee222e2c1352b66d0ccc3b0156ea5f7505e0b1fd00f3cfa428b076a867ed2400,d4726db503b457bb76421fcde451859ce91df31db681a1dde746a6d5c1dd6dc0
US_60f81ce937468b4218,FAM_c0182db09ea00c62,US,Michigan,Michigan Supreme Court,supreme,2002-04-02,,other_civil_liability,"[""trespass"", ""nuisance"", ""trespass-nuisance"", ""negligence"", ""unconstitutional taking"", ""governmental tort liability""]",accepted_primary,"[""Plaintiffs filed a class action against the city of Allen Park for trespass, nuisance, trespass-nuisance, negligence, and unconstitutional taking"", ""raw sewage from the city's sewer system backed up through plaintiffs' floor drains and into their basements"", ""v. Dep't of State Hwy., 403 Mich. 149, 170, 268 N.W.2d 525 (1978). III. APPLICATION OF THE TRESPASS NUISANSE EXCEPTION Trespass-nuisance refers to a \""trespass or interference with the use or enjoyment of land caused by a physical intrusion that is set in motion by the government or its agents and result[s] in personal or property. *240 damage.\"" Continental Paper &a""]",849007,False,en,287,430,pass,pass,pass,pass,pass,pass,pass,replacement_generation_and_direct_qc_v3,replacement_v3,confirmed replacement required by external review and source recheck,confirmatory,bec0c2c9b231c48fce5727930636d722976b8284f9e196b37688c65c72ed825c,ab2a24798ebe60352400203d2b1b8e9709944ee4f362376134a5d1163e4b1672,e5339ac33c583019ce57e467d99b297658956c2e39943ce99260fbcf743aa5f5,ab2a24798ebe60352400203d2b1b8e9709944ee4f362376134a5d1163e4b1672
US_63ffb974f8488a5664,FAM_56ebcdb98aef4e17,US,Pennsylvania,Supreme Court of Pennsylvania,supreme,2004-04-29,,other_civil_liability,"[""defamation"", ""actual malice"", ""false or reckless publication causing reputational harm""]",independent_agreement,"[""The case before us arose because the Tuckers claim to have been defamed by the way in which several newspapers reported on Tucker II."", ""34a-38a.) Actual Malice To prevail on their defamation claim, the Tuckers, as public figures, must prove, by clear and convincing evidence that the allegedly defamatory statements *128 were false and that Appellant-newspapers either knew they were false or recklessly disregarded their falsity.[16]Milkovich, 497 U.S.""]",2195379,False,en,1142,1953,pass,pass,pass,pass,pass,pass,pass,external_manual_review+v3_final_qc_direct_source_adjudication,retained,,confirmatory,3dec1cbc74ebb6baf11efe9c65fe904f0cdcf6b25270492f99641289d65dd4d5,f55576dd39061b00a8477051d527f425ea6fe942b3e51a16052153fbd98999a9,909408c27ab64e7dc1f59ccebf3dd4063551817ff582ffd6e25c7a64d6fc0819,f55576dd39061b00a8477051d527f425ea6fe942b3e51a16052153fbd98999a9
US_667a9b663657012cdc,FAM_3ecf5f04fde89705,US,West Virginia,West Virginia Supreme Court,supreme,2022-04-26,,general_negligence_personal_injury,"[""ordinary negligence"", ""negligence per se"", ""negligent entrustment"", ""direct negligence""]",accepted_primary,"[""The Explorer collided into a Ford Escape driven by Lisa McCormick, who died in the collision."", ""The amended complaint includes the following claims: I.""]",6463077,False,en,1609,2454,pass,pass,pass,pass,pass,pass,pass,external_manual_review+v3_final_qc_direct_source_adjudication,retained,,confirmatory,cf7c475be880d1b40b3925f9d10f223f67fa65f31d6b00a0ab27a71b0df78245,75c247d3b65c6f82a18a3be81fb3f617f7cf519731c9bc2f7705d202b724650d,f9ff7a01b9a7fddc6e4def8f70f50f37563976a2ffdb4ff9da81d94b992a9884,75c247d3b65c6f82a18a3be81fb3f617f7cf519731c9bc2f7705d202b724650d
US_67cc0f02a85dfe7f69,FAM_3a4d85b8aa55e8f3,US,Pennsylvania,Supreme Court of Pennsylvania,supreme,2023-07-28,,medical_professional_liability,"[""medical negligence"", ""vicarious liability"", ""ostensible agency"", ""corporate negligence"", ""contribution"", ""indemnification""]",independent_agreement,"[""(“DCI”) is a healthcare organization that employs nephrologists who provide dialysis and kidney care to patients."", ""In 2013, Alyssa McLaughlin was admitted to the Hospital, where she received substandard care from Dr. Ganjoo and Dr. Nahata."", ""the negligent physicians were obligated to indemnify the Hospital""]",9416728,False,en,710,1045,pass,pass,pass,pass,pass,pass,pass,external_manual_review_182_authoritative,retained,,development,25ef587b8634890c96bf23692981b82ac7369f97d28f988501d1654d620f42f2,32729319fd1c6e6e522332c84da46ccbd223e87f13064e31dab9a5674ab4b04c,dad3b9e2262e2b5a93a6f41b442202ed30b236069a0aa868d0dccee661ca8d8d,32729319fd1c6e6e522332c84da46ccbd223e87f13064e31dab9a5674ab4b04c
US_6ba935b9156e1996aa,FAM_2caf7ed1b93396ed,US,West Virginia,West Virginia Supreme Court,supreme,2014-03-27,,other_civil_liability,"[""vicarious liability"", ""negligent supervision"", ""negligent training"", ""negligent retention"", ""intentional sexual assault""]",independent_agreement,"[""respondent’s claims of negligent supervision, training, and retention"", ""the WVRJCFA is vicariously liable for the alleged sexual assaults committed by its employee"", ""the doctrine of qualified or official immunity bars a claim of mere negligence against a State agency""]",2658263,False,en,530,898,pass,pass,pass,pass,pass,pass,pass,replacement_generation_and_direct_qc_v3,replacement_v3,"The controlling opinion resolves statutory interpretation of DPW's Medicaid reimbursement lien and the effect of the statute of limitations, rather than a substantive merits determination of medical liability or damages.",confirmatory,af3537fb8b94594cd5d9a89a985ff267ceba8d4860284722548eca299ffa7769,f0821c0965c526ecba4975508d71135cd7694cb36c56dd91e9db85a506394746,4a2ed55b4abfcf161dab2eb860d33e0ab621e4a8240538e0ef98077d30221f90,f0821c0965c526ecba4975508d71135cd7694cb36c56dd91e9db85a506394746
US_6d3421be0f42fb2f6b,FAM_dad6af3dcb32226b,US,Michigan,Michigan Supreme Court,supreme,2006-07-19,,product_liability,"[""failure to warn"", ""breach of implied warranty"", ""breach of implied warranty of merchantability""]",independent_agreement,"[""In this case we consider the scope of a manufacturer’s or seller’s duty to warn of product risks under MCL 600.2948(2)."", ""Plaintiff filed this product-liability action, alleging that defendants breached their duty to warn that the product could be harmful if ingested and that it should be kept out of reach of small children.""]",845773,False,en,692,1246,pass,pass,pass,pass,pass,pass,pass,external_manual_review_182_authoritative,retained,,confirmatory,201bae34878d10712ace097e713f2e62ebf6a84cc8c70e71f5b44a2a600c0c73,481876dafbb138ba366a181ff605442d66ba7d72389875dec5b7190d4f8380b4,c39b1ab9bd78d8940ba51f73b82333350832613ef04bbe2333fc115790b48865,481876dafbb138ba366a181ff605442d66ba7d72389875dec5b7190d4f8380b4
US_6dff55c6853f31d0a6,FAM_02a2c1162c8c9e2d,US,Michigan,Michigan Supreme Court,supreme,2022-07-07,,medical_professional_liability,"[""medical malpractice"", ""ordinary negligence"", ""wrongful death""]",independent_agreement,"[""Lesley Meyers brings this action on behalf of the estate of Samuel Corrado, claiming that defendants were negligent and committed medical malpractice in their treatment of Corrado, who died while a resident at defendant Shelby Nursing Center."", ""7 The present claim, that Gerbi violated the standing order, does not simply allege that Gerbi failed to take any action in light of a known risk."", ""That assessment necessarily implicates medical judgment beyond common knowledge and experience.""]",7854597,False,en,1025,1721,pass,pass,pass,pass,pass,pass,pass,external_manual_review+v3_final_qc_direct_source_adjudication,retained,,confirmatory,b5d537147f816a9ab8a8699d254f8127f380fbfc0f4288310d077f3d64daa016,b21411730589a1ee86ba6ad95ce4636d3929b98755efb6e9ccba60d8628117b1,8e81ae9ad9d745c4706cd04a268204caf7b29a39e2c828643c6398453ede4a19,b21411730589a1ee86ba6ad95ce4636d3929b98755efb6e9ccba60d8628117b1
US_6e861d05305c993ccb,FAM_683c0be61fbaa9f3,US,Louisiana,Supreme Court of Louisiana,supreme,2012-03-13,,general_negligence_personal_injury,"[""ordinary negligence"", ""negligent operation of a school bus"", ""negligent failure to supervise"", ""wrongful death"", ""survival damages""]",accepted_primary,"[""plaintiffs claim, the two began fighting on the sidewalk in the rear of the school"", ""was struck by an oncoming Richland Parish school bus driven by Samuel G. Hesser. Breana died as a result of her injuries."", ""plaintiffs' petition alleges defendants were negligent in a variety of ways by failing to supervise the children, failing to timely respond to the fight, and failing to adequately staff the bus area with teachers or school employees.""]",2548537,False,en,1230,2009,pass,pass,pass,pass,pass,pass,pass,external_manual_review_182_authoritative,retained,,confirmatory,7132335a450bf7f6b8fac038c2d5f7c84b8f27e0106da0e464bfbfddac877777,76809999761f67042bd941521c2a6fab35e588702577e0bf251bc294947daf61,637ff000671dcac828624135a649ae52342fcd50765bd984e57a899687103d32,76809999761f67042bd941521c2a6fab35e588702577e0bf251bc294947daf61
US_6e94c6d394acfdcdc7,FAM_52cc0a2a936b3d3c,US,Pennsylvania,Supreme Court of Pennsylvania,supreme,2007-07-18,,other_civil_liability,"[""common law fraud"", ""negligent misrepresentation"", ""Consumer Protection Law violations"", ""statutory insurance bad faith""]",accepted_primary,"[""Toy alleged that Defendants undertook a marketing scheme to disguise the true nature of the Policy and misrepresent it to be a savings or investment vehicle"", ""Toy also asserted claims for common law fraud and negligent misrepresentation against Defendants""]",1536518,False,en,1125,1913,pass,pass,pass,pass,pass,pass,pass,external_manual_review+v3_final_qc_direct_source_adjudication,retained,,confirmatory,4733273db8138194136fed3f0ca5ce258448bc2a6b6c81838a29b1e6f17a86e6,ce1adfc8c49d4782cdf4b1acba6f73694ac49b17c0cc582472e72a50ef4119d1,b392cbcbd1702ca8c6f953984bbd30b3181e42976be41e3d8dec92c720c22341,ce1adfc8c49d4782cdf4b1acba6f73694ac49b17c0cc582472e72a50ef4119d1
US_71162df598a424d867,FAM_3abe5261ce4947d2,US,Michigan,Michigan Supreme Court,supreme,2008-06-11,,general_negligence_personal_injury,"[""ordinary negligence"", ""vicarious liability"", ""negligence based on violation of a safety statute"", ""negligent dispensing of medication""]",adjudicated,"[""Plaintiffs Judith and Joseph Kuznar sued Raksha Corporation, doing business as Crown Pharmacy (hereafter Crown Pharmacy), and its nonpharmacist employee Valerie Randall for negligence in refilling a prescription that resulted in injury to Judith."", ""Accordingly, plaintiffs' claims of direct liability against Randall and Crown Pharmacy and their claims for vicarious liability against Crown Pharmacy sound in ordinary negligence.""]",839447,False,en,539,990,pass,pass,pass,pass,pass,pass,pass,external_manual_review+v3_final_qc_direct_source_adjudication,retained,,confirmatory,e3c5025190324869014183abd818e905524050f8b7d6bf00fe586d61a5f459a2,adbbddadc6d521f0244cfa69954d0aad77357f073ab87572776a989af03e28ac,b02b7f29e944f76ead0b43abf669c4890edb11dbfdeeb4cbdb097654b7f79f61,adbbddadc6d521f0244cfa69954d0aad77357f073ab87572776a989af03e28ac
US_73b5710930ed47d628,FAM_21c99f798db61a2e,US,West Virginia,West Virginia Supreme Court,supreme,2010-07-26,,other_civil_liability,"[""statutory deliberate-intention employer liability"", ""unsafe working condition"", ""inadequate training and supervision""]",independent_agreement,"[""The Plaintiffs have asserted a “deliberate intention” cause of action under the West Virginia Workers’ Compensation Act."", ""The plaintiffs in this action have alleged that the unsafe working conditions to which Mr. Coleman was intentionally exposed were a lack of training and supervision."", ""Because genuine questions of material fact existed with respect to R.M. Logging’s subjective knowledge of a specific unsafe working condition and intentional exposure of Mr. Coleman thereto, we find that the circuit court erred in granting summary judgement in favor of R.M. Logging on those issues.""]",2110753,False,en,1216,1943,pass,pass,pass,pass,pass,pass,pass,replacement_generation_and_direct_qc_v3,replacement_v3,confirmed replacement required by external review and source recheck,confirmatory,11e477d868928f31419e951bb93a5aee43226b533b003afac864d687579d9c15,98976821992ba871f313b25dea04dead8878c1ddd335fafdbef8ed9fce54eb84,4f1cd39498434fec92412d3caade6862eea6eb1a2d6ad9cfce48d0b51c61431e,98976821992ba871f313b25dea04dead8878c1ddd335fafdbef8ed9fce54eb84
US_74c861440b330e42dc,FAM_e8a1d79ade6bfa82,US,Nevada,Nevada Supreme Court,supreme,2007-10-04,,other_civil_liability,"[""wrongful interference with a prospective business advantage"", ""contribution"", ""indemnity"", ""equitable indemnity"", ""breach of contract""]",independent_agreement,"[""Richardson, in turn, brought a third-party complaint against CCSD for, among other things, indemnity, contribution, and wrongful interference with a prospective business advantage."", ""Richardson, in turn, brought a third-party complaint against CCSD for, among other things, indemnity, contribution, and wrongful interference with a prospective business advantage.""]",2582378,False,en,1221,2008,pass,pass,pass,pass,pass,pass,pass,external_manual_review_182_authoritative,retained,,confirmatory,792f5e0ee30d7f9056fb96c19e9cf70da020f545b64b60f9fe97458d2483997e,c66e30dc25390b97a6d229f1b30ae97443b793156f7598c2f6bea7fc7aa84265,3b44d99a8a68d0660ff98cf4dd968c73a01b9f8619674c1fc5bbdc484c5fe365,c66e30dc25390b97a6d229f1b30ae97443b793156f7598c2f6bea7fc7aa84265
US_77921eca4293bb5c27,FAM_51c4094a063762b7,US,Pennsylvania,Supreme Court of Pennsylvania,supreme,2003-12-31,,product_liability,"[""negligence"", ""strict liability"", ""breach of warranty"", ""design defect"", ""manufacturing defect"", ""failure to warn""]",independent_agreement,"[""Alleging further *1040 that Frito-Lay's Doritos are unsafe and defective because they fracture into hard, sharp fragments that are capable of lacerating the esophagus when eaten, Appellees set forth claims in negligence, strict liability, and breach of warranty."", ""Based on his tests, Dr. Beroes concluded that the Doritos were dangerous and defective because they broke into smaller triangular chips that were too sharp, too thick, and too hard for safe passage in the esophagus."", ""that their uneven and dangerous characteristics caused Mr. Grady's esophageal tear and *1041 resulting injuries.""]",1533680,False,en,935,1474,pass,pass,pass,pass,pass,pass,pass,external_manual_review+v3_final_qc_direct_source_adjudication,retained,,confirmatory,ba797402c4dcc87cc8e93dd9b437f529d14fd9c1dbbc4b631b24ce972964d734,bdc665a2fef3fad16afff4a0a80d0128693930e13aa88ca33a156cc921242e91,62bfbcd97dac5f3be16740ebd7f9bfdadb2a1b7c09f0702bf4d5b76f5bd3991c,bdc665a2fef3fad16afff4a0a80d0128693930e13aa88ca33a156cc921242e91
US_78f2e4c0127c877a51,FAM_1bdce1476429d387,US,Michigan,Michigan Supreme Court,supreme,2010-06-18,,general_negligence_personal_injury,"[""negligence"", ""gross negligence"", ""Michigan Consumer Protection Act""]",accepted_primary,"[""During the party, Trent jumped off a slide and broke his leg."", ""Trent, by his mother, Sheila Woodman, as next friend, filed suit against defendant, alleging negligence, gross negligence, and violation of the Michigan Consumer Protection Act (MCPA).""]",831187,False,en,471,778,pass,pass,pass,pass,pass,pass,pass,external_manual_review_182_authoritative,retained,,confirmatory,b48b43181f7e90f8509ea25d109bf011d06f2f0a72e9565fd510bc42225b1952,049be3243a4a8f2959d67056c7d3f1036233c7b49e9a63f5c820b4662de76825,23f726d873d194d5013fc78ea74932a3173ed52d78944a1d0c797d74ced538a5,049be3243a4a8f2959d67056c7d3f1036233c7b49e9a63f5c820b4662de76825
US_7cae584411e6f22f4b,FAM_63daa57cb598869a,US,Michigan,Michigan Supreme Court,supreme,2004-07-23,,medical_professional_liability,"[""medical malpractice"", ""negligent administration of Pitocin"", ""failure to appropriately monitor fetal distress"", ""vicarious liability""]",independent_agreement,"[""He argues, through his mother as next friend, that these conditions are the proximate results of defendants’ negligence in treating his mother during her labor leading to his delivery."", ""Plaintiff initiated the present lawsuit in 1994 through his mother, Kimberly Craig, as next friend. He alleged that Drs. Gennaoui and Kittur committed medical malpractice in failing to monitor plaintiff’s heartbeat with an internal uterine catheter until 2:30 P .M . on July 16, 1980."", ""STATUTORY AND COMMON LAW BACKGROUND In order to establish a cause of action for medical malpractice, a plaintiff must establish four elements: (1) the appropriate standard of care governing the defendant’s 43 MCR 2.613(A).""]",848697,False,en,960,1597,pass,pass,pass,pass,pass,pass,pass,external_manual_review+v3_final_qc_direct_source_adjudication,retained,,confirmatory,a563b214dedf76572b6efd4c22a9cb404cb3a08946437d4df062f6efd118ac90,76eaea689978d63bd3512e8475888932aaac4949ea06202fa82cab96cd768f22,02106be5d436fa87c06e0386e527bfcde007446544942cce263cfd12f31bcf38,76eaea689978d63bd3512e8475888932aaac4949ea06202fa82cab96cd768f22
US_7f556627654c5d3f9a,FAM_a2b0f477295f2dc9,US,Louisiana,Supreme Court of Louisiana,supreme,2014-03-25,,medical_professional_liability,"[""medical malpractice"", ""future medical care and related benefits"", ""custodial/attendant care expenses""]",independent_agreement,"[""At issue in this medical malpractice action is the extent to which the Louisiana Patient’s Compensation Fund (“PCF”) continues to be obligated to make advance payments for custodial/attendant care for a medical malpractice victim"", ""Dustin P. Watkins suffered an in útero stroke approximately two days before his December 20, 1990 birth, allegedly arising out of the medical malpractice of the treating obstetrician, Dr. Richard J. Barry, which resulted in a brain injury.""]",5002037,False,en,1149,1905,pass,pass,pass,pass,pass,pass,pass,replacement_generation_and_direct_qc_v3,replacement_v3,confirmed replacement required by external review and source recheck,confirmatory,038146b66d90f3ff66cabef5bf3af518c3ee6337bc7f683bc55e693f6fe9a6eb,52ade7c5827bceb3f1263afbb028aa0cdb224299a8e18b4256c28009118dd152,af75424fcb2ec95588f2f9ce2661dd8a5d51c1b446f80330416142d68dfd99ed,52ade7c5827bceb3f1263afbb028aa0cdb224299a8e18b4256c28009118dd152
US_8026310f8d6a3819bd,FAM_9b717b5d9c1055c7,US,West Virginia,West Virginia Supreme Court,supreme,2000-03-01,,other_civil_liability,"[""negligence"", ""breach of fiduciary duty"", ""fraud""]",independent_agreement,"[""the bank negligently breached its fiduciary duty to the appellants, the public and people who might be defrauded by Herman Poling, Jr."", ""the appellees' conduct was fraudulent in the re-issuance and in the purchase of the stock"", ""The circuit court determined as a matter of law that Belington Bank, Inc. breached no duty to the appellants.""]",1401930,False,en,989,1672,pass,pass,pass,pass,pass,pass,pass,replacement_generation_and_direct_qc_v3,replacement_v3,"The opinion addresses insurance coverage, duty to defend, and the procedural standard for reconsidering interlocutory orders, rather than a substantive civil-liability merits issue.",confirmatory,13ff6850d2477ae05893163c4e9f5857920ba8dece4e70a5c3ae78ef9af9c2ad,d29b9f6be0ef855d2cddae6b5c999d8e926b6fb3d613e1935f4c5a9d5f932118,233b9beb791e31e8413a3907ecad3ba4d48b0a618f170ee6e0156c2c8c74aa63,d29b9f6be0ef855d2cddae6b5c999d8e926b6fb3d613e1935f4c5a9d5f932118
US_8273a9a891358bad5d,FAM_0f85f9d550ad7c96,US,Louisiana,Supreme Court of Louisiana,supreme,2011-04-01,,other_civil_liability,"[""negligence"", ""negligent misrepresentation"", ""fraud"", ""conspiracy"", ""breach of fiduciary duty"", ""unfair or deceptive acts or practices"", ""gross negligence"", ""malice""]",independent_agreement,"[""The three lawsuits — which alleged causes of action in negligence, negligent misrepresentation, conspiracy, fraud, breach of fiduciary duty, unfair or deceptive acts or practices, and contractual liability — were consolidated."", ""the Receivers asserted the sale of the HMOs was accomplished through tortious means of conspiracy, fraud, unfair practices, and breaches of fiduciary duty."", ""The tortious conduct of the defendant had""]",5050599,False,en,759,1348,pass,pass,pass,pass,pass,pass,pass,external_manual_review_182_authoritative,retained,,confirmatory,45140a7b1e7e8952c6939bf2527dbc10349bdb94ccc1ad127a7390a392990b36,efc176adc6435b41b8d738febf967169fbedade51f8fb648d7d111c6446bf6f0,aead2cc6c25afae97585ef99ba55c2ea1baaa420a6f1de5d61b95d4569c96bc8,efc176adc6435b41b8d738febf967169fbedade51f8fb648d7d111c6446bf6f0
US_8636c5a0c5ede55860,FAM_1ae710b375e91547,US,Michigan,Michigan Supreme Court,supreme,2018-06-01,,product_liability,"[""product liability"", ""failure to warn"", ""seller negligence""]",independent_agreement,"[""This products-liability action arises out of injuries sustained by plaintiff when his hunting tree stand collapsed, resulting in an approximately 18- to 20-foot fall."", ""the missing instruction manual warned against leaving the tree stand up for more than one season"", ""plaintiff alleged that defendant owed him a duty to exercise reasonable care""]",4503466,False,en,862,1496,pass,pass,pass,pass,pass,pass,pass,replacement_generation_and_direct_qc_v3,replacement_v3,confirmed replacement required by external review and source recheck,confirmatory,acb612b5a3fddf2bc9a1e99e3fa08f28358fbbc9763e36bde3adbd7284d06630,0762f83bb317bc9af6aeee2f43812f6f5e484800679b3e55b34e9813a3d7a00b,f67b1b63abf1092ce93f2654a14fea3fb5a753ebdc1f31cdeb7d18356264d8e1,0762f83bb317bc9af6aeee2f43812f6f5e484800679b3e55b34e9813a3d7a00b
US_89752cdd8fe08c1031,FAM_11e8058247368589,US,Pennsylvania,Supreme Court of Pennsylvania,supreme,2018-12-28,,general_negligence_personal_injury,"[""premises negligence"", ""negligent failure to maintain safe real property"", ""negligent failure to provide safety padding""]",accepted_primary,"[""Mother alleged that Jarrett’s injuries occurred because of a defective and dangerous condition of the premises — namely, the concrete gym wall — and that the School was negligent in failing to install padded safety mats to cushion the wall."", ""we hold that, pursuant to the plain language of the Act, a claim that a local agency failed to pad a gym wall constitutes an assertion of an act of negligence by a local agency concerning the care, custody, and control of real property, and, thus, falls under the real property exception to governmental immunity.""]",4577672,False,en,740,1292,pass,pass,pass,pass,pass,pass,pass,external_manual_review+v3_final_qc_direct_source_adjudication,retained,,confirmatory,c70fe732a71c71ca164f6d437212fc15d0be469b3ecc320cc2fa327db253a025,ca0106c927a538ca80b63649594b9d7f443b96487f2bd7f50502cbda144cb8cf,2b6930eadbd90b3d9cb37ebbad05389ef0ec741c1c056297ab51202310de9438,ca0106c927a538ca80b63649594b9d7f443b96487f2bd7f50502cbda144cb8cf
US_8b84f7c77a2cc4823f,FAM_4ef1822767e08a03,US,Pennsylvania,Supreme Court of Pennsylvania,supreme,2005-03-22,,general_negligence_personal_injury,"[""negligent retention"", ""negligent supervision"", ""punitive damages""]",accepted_primary,"[""The complaint against the Diocesan Parties sounded in negligent retention and supervision."", ""the cause of action governed by Section 317 is based upon ordinary negligence."", ""the jury awarded appellants a total of $519,000.00 in compensatory damages.""]",2156340,False,en,541,912,pass,pass,pass,pass,pass,pass,pass,external_manual_review+v3_final_qc_direct_source_adjudication,retained,,confirmatory,39460b432f663b92b130bced746be61c576a9b6e8804f14e31dd67431172837a,b2975f34e4a62eb101ff33de0949cb1ef3bcf261c49339ff0045a2db795a33d3,ec2238e052845cf7d1b0d9fd7623f47df0804cfdeb7d267d9c4a5f6b369924e8,b2975f34e4a62eb101ff33de0949cb1ef3bcf261c49339ff0045a2db795a33d3
US_8e816087051c99374d,FAM_a31b11fe4d08536d,US,Pennsylvania,Supreme Court of Pennsylvania,supreme,2017-06-20,,other_civil_liability,"[""breach of fiduciary duty"", ""negligence"", ""negligent misrepresentation"", ""fraudulent misrepresentation"", ""violation of the Uniform Trade Practices and Consumer Protection Law"", ""negligent supervision""]",independent_agreement,"[""The Yenchis' complaint, filed in November 2003, asserted claims of negligence/willful disregard,3 fraudulent misrepresentation, violation of the Uniform Trade Practices and Consumer Protection Law (\""UTPCPL\""), 73 P.S. §§ 201-1-201-9.3, bad faith, negligent supervision, and breach of fiduciary duty."", ""A fiduciary duty may arise in the context of consumer transactions only if one party cedes decision -making control to the other party."", ""The case at bar presents an arm's -length consumer transaction in which the Yenchis accepted Holland's advice with respect to the purchase of the 1996 whole life insurance policy.""]",4401848,False,en,2225,3737,pass,pass,pass,pass,pass,pass,pass,external_manual_review+v3_final_qc_direct_source_adjudication,retained,,confirmatory,4dd16cfe6f0d68c065f4f870a472d31614efea3011e1a45c54d86392da597518,f41a88d2b9a773457cf2e5c99e493537af7e1a21a60cf402c2df06d2c11f84bd,3366bbd0f4e4ed858d7a9824a266ff03179af0ca18cf2d4706cd82e46f2ef027,f41a88d2b9a773457cf2e5c99e493537af7e1a21a60cf402c2df06d2c11f84bd
US_8f953fe2f1a7911efc,FAM_1ed603fb79f766de,US,Nevada,Nevada Supreme Court,supreme,2005-08-11,,other_civil_liability,"[""legal malpractice"", ""breach of fiduciary duty"", ""intentional infliction of emotional distress"", ""negligent infliction of emotional distress""]",independent_agreement,"[""ara I. Johnston and James R. Olson, Las Vegas, for Respondents. Before ROSE, GIBBONS and HARDESTY, JJ. OPINION ROSE, J. Appellants, William (now deceased) and Christine Kahn and the Kahn Family Trust (the Kahns), sued their prior attorney, Christopher Byrd and his firm, Morse &amp; Mowbray, for legal malpractice. Byrd and Morse &amp; Mowbray filed a motion for sum"", ""Under Nevada law, to establish a claim of legal malpractice, a plaintiff must demonstrate the following: \""[1] the existence of `an attorney-client relationship, [2] a duty owed to the client by the attorney, [3] breach of that duty, and [4] the breach [is the actual and] proximate cause of the client's damages.'\""""]",2629990,False,en,979,1608,pass,pass,pass,pass,pass,pass,pass,replacement_generation_and_direct_qc_v3,replacement_v3,confirmed replacement required by external review and source recheck,confirmatory,c12aa7018175d54f6e78785d73aadaab839d193824d1b5b09b0a3043f6a17e46,8f8cf6ee55a56fc08c53e11a8582d8f707fc61f65b65f2e60a968aed9f21db0c,7bde41b127a5f035e596351c5eb34ddb60b1c75db56c8dee5fe712e336942f25,8f8cf6ee55a56fc08c53e11a8582d8f707fc61f65b65f2e60a968aed9f21db0c
US_94f469d91f6b1c555d,FAM_91d53d0683c6cdfd,US,West Virginia,West Virginia Supreme Court,supreme,2013-06-28,,general_negligence_personal_injury,"[""ordinary negligence"", ""negligent use of force"", ""failure to use appropriate caution and care"", ""public duty doctrine and special-duty exception""]",accepted_primary,"[""Petitioner alleged that respondents were negligent when the Deputy Martin attempted to calm and/or apprehend James G. Wilburn during a Greenbrier East High School basketball game"", ""The cause of action also alleged that respondents were negligent in the use of force and failure to use appropriate caution and care with regard to petitioner."", ""Petitioner claims that, as a result of the respondents’ actions, she suffered physical injury""]",948433,False,en,512,746,pass,pass,pass,pass,pass,pass,pass,replacement_generation_and_direct_qc_v3,replacement_v3,confirmed replacement required by external review and source recheck,confirmatory,89af3bbe9c425678b702bc43497b3da83e752043fc5de591c49646f69194860b,2d8b8a9e24060790c40a1fc109ced5ff33f295a48d8fbac1a5c1ad3ce2358e12,a58b891791976884d8710a725585a359fad9887e132c663ed2b094ed24272423,2d8b8a9e24060790c40a1fc109ced5ff33f295a48d8fbac1a5c1ad3ce2358e12
US_98be2374bed153f34a,FAM_5a379498204de5b1,US,Nevada,Nevada Supreme Court,supreme,2011-05-26,,general_negligence_personal_injury,"[""negligence"", ""intentional tort liability"", ""duty of care""]",accepted_primary,"[""Roy Sparks and Jeffrey Clack engaged in a fight during a college football tailgate event that resulted in an injury to Roy."", ""during a college football tailgate event that resulted in an injury to Roy. Roy and his wife, appellant Andrea Sparks, filed suit against Clack and a number of other entities allegedly involved with the tailgate event, asserting several causes of action, including negligence and intentional torts. The Sparkses also named fictitious Doe and Roe defendan"", ""A plaintiff alleging negligence must demonstrate \""(1) the existence of a duty of care, (2) breach of that duty, (3) legal causation, and (4) damages.\""""]",2449904,False,en,1129,1731,pass,pass,pass,pass,pass,pass,pass,replacement_generation_and_direct_qc_v3,replacement_v3,"Ineligible because the opinion resolves only a statutory notice/service requirement and does not decide a civil-liability substantive-merits issue; additionally, the source identifies a Court of Appeals panel rather than a controlling Michigan Supreme Court merits opinion.",confirmatory,cfbaca189802cdfa89f7cce39b420424365223c96350449c91427a3e1842bd1d,24ca1f465094857915c76ba74e37265dee772c47071c62e074bfacc7511168b8,38f4660adf163a756636e5b6c06d27c695f5c4a7525ab537a2afe0dc94f0ef89,24ca1f465094857915c76ba74e37265dee772c47071c62e074bfacc7511168b8
US_99f0f4ac29a4da2463,FAM_264de20f8c94f9a3,US,Michigan,Michigan Supreme Court,supreme,2002-07-31,,other_civil_liability,"[""employment discrimination"", ""sexual orientation discrimination"", ""sex discrimination""]",accepted_primary,"[""Plaintiff alleges in this action that she was discriminated against in her employment as a Detroit police officer on the basis of her sex and sexual orientation"", ""the charter creates a private cause of action allowing recovery for violation of the rights set forth in it"", ""I would hold that the charter does, in fact, create a damages action for discrimination based on sexual orientation""]",848846,False,en,752,1164,pass,pass,pass,pass,pass,pass,pass,replacement_generation_and_direct_qc_v3,replacement_v3,confirmed replacement required by external review and source recheck,development,16b9c0c7c12c20bf49f783ace14713991ee25c9b00deb385e9c7cb605439366c,801d015be2c4fffd06c1af7f4f73721f757c95534ab3ff95dc5f49aaaf6b766d,d05670d4fa10e73a2309f0bcf9f6a99f833f29eb30f86f5b770d5310485c6aaa,801d015be2c4fffd06c1af7f4f73721f757c95534ab3ff95dc5f49aaaf6b766d
US_9acb209b5020b6dec4,FAM_3a5ffdc011cd1608,US,Louisiana,Supreme Court of Louisiana,supreme,2001-10-16,,product_liability,"[""strict products liability"", ""medical negligence""]",independent_agreement,"[""We hold that plaintiff's action in strict products liability arising out of a defective blood transfusion is not within the scope of § 5628 and therefore has not prescribed."", ""roviders' exposure to strict products liability claims arising out of defective blood transfusions, reasoning that \""[a] distributor of blood is strictly liable in tort when blood he places on the market creates an unreasonable risk of harm to others and, in fact, results in injury or disease to a human being.\"" 403 So.2d at 32. With that decision, Louisiana""]",1649604,False,en,520,918,pass,pass,pass,pass,pass,pass,pass,replacement_generation_and_direct_qc_v3,replacement_v3,confirmed replacement required by external review and source recheck,development,aca25e11e9559c1ce7c4cb597102e97e228fb9daaaab0ef73af51b7a1960180f,f91248873762636993fd367d12da7fe2a06afc1e6ac20c98ed6706f79d01d39f,661d3c1201ffd29f91ea35934992df05df63ad4c74ebe75d68c0ff37eb508576,f91248873762636993fd367d12da7fe2a06afc1e6ac20c98ed6706f79d01d39f
US_9b0dcb923fdb190dd3,FAM_5d19f40e8d58e65d,US,Michigan,Michigan Supreme Court,supreme,2017-05-19,,general_negligence_personal_injury,"[""common work area doctrine"", ""general contractor negligence"", ""comparative negligence""]",accepted_primary,"[""The “common work area” doctrine constitutes an exception to the common-law rule that a general contractor is not liable for the negligence of its subcontractors."", ""plaintiff fell 35-40 feet off of a scaffold that was made with unsecured planks lacking supporting bridges and outriggers."", ""whether the general contractor was negligent in constructing the scaffold in that manner""]",4393333,False,en,420,700,pass,pass,pass,pass,pass,pass,pass,replacement_generation_and_direct_qc_v3,replacement_v3,The controlling opinion resolves a statutory notice and filing issue rather than a civil-liability substantive-merits issue.,confirmatory,701189af9ba5228657b9eb9897c83727f1cf0d461be4016dc53a137c4548aa2c,9bddc0f3945c12df0d7442133884fe9394f0631b6e092130b67f45dafe03907e,094c3108f329249fb5a74538a459f6681d1d09e80310293fd36051c57b95e8ef,9bddc0f3945c12df0d7442133884fe9394f0631b6e092130b67f45dafe03907e
US_9c0d0f392a9c3505c1,FAM_231d88cb8212ab4d,US,Michigan,Michigan Supreme Court,supreme,2000-09-19,,general_negligence_personal_injury,"[""premises liability"", ""negligent placement of concrete tire stops"", ""failure to provide adequate lighting""]",accepted_primary,"[""In this premises liability case the plaintiff, Violet Moeller, was injured when she tripped over a concrete tire stop in defendant church's parking lot."", ""Plaintiff sued the church, alleging that the defendant negligently placed the tire stops and failed to provide adequate lighting in the parking lot.""]",2211476,False,en,537,730,pass,pass,pass,pass,pass,pass,pass,external_manual_review_182_authoritative,retained,,development,5419a6edbde4fc00fae01d607429a58ee589ad3c1fe26ba410f51c9228c2b931,9deb73a8cb21ad3c33e87ea74ed24e11cf9e9cf3eba1bc1db562e96b6b7fe31e,43bc3dd832b32d9f9f9cd5e49ea0dc96f6afdde5fbc99f54ac71e433361c4ebd,9deb73a8cb21ad3c33e87ea74ed24e11cf9e9cf3eba1bc1db562e96b6b7fe31e
US_9cac14d9a55b155cd4,FAM_a00be724f84549a3,US,Michigan,Michigan Supreme Court,supreme,2004-07-23,,medical_professional_liability,"[""medical malpractice"", ""negligent administration of Pitocin"", ""failure to monitor fetal distress"", ""vicarious liability"", ""successor liability""]",independent_agreement,"[""He argues, through his mother as next friend, that these conditions are the proximate results of defendants' negligence in treating his mother during her labor leading to his delivery."", ""Specifically, plaintiff maintains that defendants administered an excessive amount of a contraction-inducing medication to his mother and were unable to detect signs of fetal distress because they failed to make appropriate use of fetal monitoring devices."", ""He alleged that Drs. Gennaoui and Kittur committed medical malpractice in failing to monitor plaintiff's heartbeat with an internal uterine catheter until 2:30 P.M. on July 16, 1980."", ""Further, he alleged that Dr. Gennaoui and his colleagues negligently administered Pitocin to Ms. Craig despite the fact that she presented physical symptoms indicating that Pitocin was unnecessary and potentially harmful.""]",2108736,False,en,2096,3584,pass,pass,pass,pass,pass,pass,pass,external_manual_review+v3_final_qc_direct_source_adjudication,retained,,development,35c4823971e8bc12dc5908069916397e416bab778f9db5e9c713c367bba42170,ca954cb7406b936213290764d299b5ac4b801f11c8b94cb76a0f7f5a39355aae,ba1bb5658b80850415f66049fcb65893e7f08fa26dd7940cfdb47133c511b2ab,ca954cb7406b936213290764d299b5ac4b801f11c8b94cb76a0f7f5a39355aae
US_9dc742b4409b555931,FAM_a8f9616b58c5ff0e,US,Nevada,Nevada Supreme Court,supreme,2009-11-19,,medical_professional_liability,"[""medical malpractice"", ""professional negligence"", ""res ipsa loquitur"", ""negligent training and supervision"", ""loss of consortium""]",independent_agreement,"[""The complaint stemmed from an incident where Patricia suffered severe burns from chemotherapy treatment that Dr. Perez's staff administered."", ""The Fierles allege that on Patricia's third visit to Dr. Perez's office, Mitchell's administration of the chemotherapy medications did not infuse into the catheter but instead infused into her tissue, causing a subcutaneous burn called an \""extravasation.\""""]",2629643,False,en,1187,1966,pass,pass,pass,pass,pass,pass,pass,replacement_generation_and_direct_qc_v3,replacement_v3,"The opinion resolves the sufficiency of a medical-malpractice notice of intent and its tolling effect, not a civil-liability substantive-merits issue.",confirmatory,e8bdc463a6b1f8f1a0a40625a125f47a3f5d932c9244e9afa19a8e9d3c83da2d,fd9ec61042696272ab07fd6ca64943ee11d10bf6e0cc8fbdd30d794eb84ebde0,e4ef203ffad9a7cf802129c16b0593e59fd94c29b4050c2218217ae384607fe4,fd9ec61042696272ab07fd6ca64943ee11d10bf6e0cc8fbdd30d794eb84ebde0
US_a0047ad180b5e21d95,FAM_e3ac1be0b5d37994,US,Louisiana,Supreme Court of Louisiana,supreme,2011-07-01,,general_negligence_personal_injury,"[""ordinary negligence"", ""wrongful death"", ""negligent roadway maintenance"", ""premises/unsafe-condition liability""]",accepted_primary,"[""DISCUSSION The plaintiffs' theory of the case is that the shoulder had a 2-4 inch depression in the asphalt which Brooks drove over while turning and which caused the backhoe to tip over."", ""The plaintiffs, Brooks' wife and children, filed a wrongful death suit against DOTD, alleging that a 2-4 inch depression in the asphalt on the shoulder where the highway met the 70-foot wide driveway caused the backhoe to flip over.""]",2491924,False,en,889,1588,pass,pass,pass,pass,pass,pass,pass,external_manual_review+v3_final_qc_direct_source_adjudication,retained,,development,af84eecdf5dfab2c38f6688c5b15cd31659952a91070625e35a88dab133abbeb,fe9a95b238cf3eba9e410c72fd10b9df95ef2a2fd6264f720a49b3ce4e3a8d3f,8ba3512576e0a30d18adf092904384bffc764a7b45d92a80f5786fd60eb2ccba,fe9a95b238cf3eba9e410c72fd10b9df95ef2a2fd6264f720a49b3ce4e3a8d3f
US_a07db3e0a97840c5b1,FAM_088a772db63286a2,US,Nevada,Nevada Supreme Court,supreme,2022-07-28,,other_civil_liability,"[""Nevada Deceptive Trade Practices Act violation"", ""consumer fraud"", ""knowing misrepresentation and false advertising"", ""civil conspiracy""]",independent_agreement,"[""e overall purpose of the statutes). SUPREME COURT OF NEVADA 14 10) 19.1,A .6W1, acknowledge the harm caused by smoking, those claims are based on Reynolds' alleged knowing misrepresentation of the dangers of smoking, which is distinct from a products-liability claim, despite relying on similar facts. Compare NRS 598.0915 (explaining that a deceptive trade practice occur"", ""ch is distinct from a products-liability claim, despite relying on similar facts. Compare NRS 598.0915 (explaining that a deceptive trade practice occurs when a person engaged in the course of his or her business \""knowingly\"" engages in several enumerated false advertising behaviors), with Fyssakis v. Knight Equip. Corp., 108 Nev. 212, 214, 826 P.2d 570, 57""]",7855043,False,en,842,1444,pass,pass,pass,pass,pass,pass,pass,replacement_generation_and_direct_qc_v3,replacement_v3,confirmed replacement required by external review and source recheck,confirmatory,062745ff38e3d8b7e4a56d89d5e7631bd7410df7db505c01288d8d80acb85692,3f6451a3b4e97d2b094911a905b4943559c484fa71a10cc7c664c0719c6932ca,592869bc7175342caf9440dbb915fe1026184ef7cbd48b0ec182529728488f86,3f6451a3b4e97d2b094911a905b4943559c484fa71a10cc7c664c0719c6932ca
US_acb942a605c65e06f0,FAM_5aaf413e43000e79,US,Pennsylvania,Supreme Court of Pennsylvania,supreme,2023-07-19,,other_civil_liability,"[""breach of contract"", ""breach of fiduciary duty"", ""theft of trade secrets"", ""unfair competition"", ""misappropriation of trade secrets"", ""tortious interference with contract"", ""civil conspiracy"", ""punitive damages""]",accepted_primary,"[""In addition, Northwest asserted: (1) breach of contract and fiduciary duties and theft of trade secrets against its ex-employees; (2) unfair competition against First National; and (3) misappropriation of trade secrets, tortious interference with contract, and civil conspiracy against Turk and First National."", ""The jury found Turk liable for breach of contract, breach of fiduciary duty, [J-59A-2022 and J-59B-2022] - 6 and civil conspiracy; it found First National liable for civil conspiracy and unfair competition.""]",9414285,False,en,1809,2813,pass,pass,pass,pass,pass,pass,pass,external_manual_review+v3_final_qc_direct_source_adjudication,retained,,confirmatory,8f7d19c87919d11d82ac89e804ebd2d2e0820f1a21b73cb28faa1b0be13bd49a,8d41cd18e3a31c4fe4efd4998f34d1a08265743e42ac290e77ce6b5177bc9e0d,3c0286b2e65f9b4a4201bc4aee7c51142711005253fb9550b3a1d58975ddb83e,8d41cd18e3a31c4fe4efd4998f34d1a08265743e42ac290e77ce6b5177bc9e0d
US_afc0614636d20e04b8,FAM_9749241a20322f6f,US,Nevada,Nevada Supreme Court,supreme,2000-08-18,,other_civil_liability,"[""conversion"", ""civil conspiracy to commit conversion"", ""punitive damages""]",accepted_primary,"[""The estate of Elfreda Gardner (\""the Estate\"") obtained a favorable jury verdict against Dean Witter Reynolds, Inc. and Warren House, a stockbroker and senior vice president of Dean Witter, based upon a theory of conspiracy to commit conversion of securities."", ""Conversion is \""a distinct act of dominion wrongfully exerted over another's personal property in denial of, or inconsistent with his title or rights therein or in derogation, exclusion, or defiance of such title or rights.\""""]",2589857,False,en,1543,2673,pass,pass,pass,pass,pass,pass,pass,external_manual_review+v3_final_qc_direct_source_adjudication,retained,,confirmatory,5b7cf7276c5bddeaadd80d69ae7f090cb2146daac7fe4eba86d40f72045a48de,7eb5094cf2bc18aa675d63212df06ddd4404ae25e674e852b65a0cf5998a4fbc,56838c5ce4acd4fea47fe2265d74c4e1050ad5aeae5bdf0c2444fd04fe6948f8,7eb5094cf2bc18aa675d63212df06ddd4404ae25e674e852b65a0cf5998a4fbc
US_b160a9deca3c2a648b,FAM_b0925461b197b37d,US,Nevada,Nevada Supreme Court,supreme,2006-05-25,,general_negligence_personal_injury,"[""negligent maintenance of premises"", ""failure to warn"", ""failure to maintain adequate safeguards"", ""premises liability""]",independent_agreement,"[""Seput sued Dr. Lacayo for negligent maintenance of the premises and failure to warn or maintain adequate safeguards."", ""The services consisted of \""monthly spraying with chemicals for the purpose of controlling insects.\"""", ""Seput fell through a hole from the second floor to the first floor of Dr. Lacayo's residence and sustained serious injuries.""]",2629308,False,en,348,557,pass,pass,pass,pass,pass,pass,pass,external_manual_review+v3_final_qc_direct_source_adjudication,retained,,development,aa6594cf93d55fb872fd14c042804ff661504ac11ae3401fec055d537610c08e,79ae3a27064f295fb211f1de9d856e1fb81a6aea5b7f4cf4ef85be839d47e5cb,c45cec4975444e807d1f273a2d170f2f251fc8dd85c6e52ef13674eae406ae7c,79ae3a27064f295fb211f1de9d856e1fb81a6aea5b7f4cf4ef85be839d47e5cb
US_b24ef2018816af9946,FAM_11242fff9738c959,US,Louisiana,Supreme Court of Louisiana,supreme,2015-06-30,,other_civil_liability,"[""negligent spoliation of evidence"", ""general negligence under La.Civ.Code art. 2315"", ""breach of contract""]",independent_agreement,"[""We granted certiorari to determine whether Louisiana recognizes the tort of negligent spoliation."", ""we decline to do so and expressly refuse to recognize the existence of the tort."", ""the plaintiff also could have retained control of his vehicle and not released it to the insurer, thereby guaranteeing its availability for inspection.""]",2813281,False,en,896,1579,pass,pass,pass,pass,pass,pass,pass,replacement_generation_and_direct_qc_v3,replacement_v3,"The controlling opinion resolves a nullity action concerning validity of service of process and appellate review, not a civil-liability or damages substantive-merits issue. The personal-injury action and damages award are only underlying procedural context.",development,f864243705b0576a61ea46529afb79ccb2ccd096a8cc0f194fb007cc7f6a9ba7,ff3dd79f6fb97979852007bb03be3451bf615f12161078f0b64051af7388de94,bf0b341e29ceb7cd1030647a0d2ddc67d245162e1e60d1a4439a0202765f1a70,ff3dd79f6fb97979852007bb03be3451bf615f12161078f0b64051af7388de94
US_b2c7f8c81dc1b0c361,FAM_b75af9048fd7ba0c,US,Louisiana,Supreme Court of Louisiana,supreme,2016-01-27,,other_civil_liability,"[""statutory insurance fraud liability"", ""civil damages, fines, and penalties"", ""unfair trade practices and consumer protection violations"", ""restitution and forfeiture""]",independent_agreement,"[""The Sledge Jeansonne Act created the statutory right and authority of the Louisiana Attorney General to bring a civil action to collect damages and penalties against individuals who commit insurance fraud"", ""The Act not only grants the State Attorney General a cause of action to seek redress for a party's fraudulent conduct, it also sets forth the burden of proof, and provides for damages and penalties that are the direct consequences of such fraudulent conduct."", ""the State’s claims under the Louisiana Unfair Trade Practices Act""]",3174131,False,en,292,484,pass,pass,pass,pass,pass,pass,pass,replacement_generation_and_direct_qc_v3,replacement_v3,confirmed replacement required by external review and source recheck,confirmatory,437436004fc42681cacf349bac99cc49628f9fdb345f08374388db24b45b66e9,0d49f7123a521a52f8c6f31d67a61e382847c1135c11f7081f82624c52fd1d94,41fb8a067150b74b36a8c720feacad76cf99f369ed4fba1cde4f37c6e202d954,0d49f7123a521a52f8c6f31d67a61e382847c1135c11f7081f82624c52fd1d94
US_b362543043cab0106c,FAM_9989fc56264107c3,US,Pennsylvania,Supreme Court of Pennsylvania,supreme,2014-12-15,,general_negligence_personal_injury,"[""ordinary negligence"", ""professional negligence"", ""negligent misrepresentation"", ""negligent performance of an undertaking""]",independent_agreement,"[""Consequently, these allegations of negligence facially concern Erie’s alleged breach of a general social duty, not a breach of any duty created by the insurance policy itself."", ""Specifically, as recounted supra, the Brunos asserted in their complaint that Erie’s agents, while conducting the claim investigation, were negligent for: rendering unfounded advice to the Brunos that the mold was “harmless,” denying the potential for adverse human health consequences posed by the Brunos’ exposure to the mold; and telling them that they “should continue tearing out the existing paneling.” Complaint, 8/30/10, at 6.""]",2760986,False,en,1753,2955,pass,pass,pass,pass,pass,pass,pass,external_manual_review+v3_final_qc_direct_source_adjudication,retained,,confirmatory,e8f09de4c64f4c26c74d78cbe6e62a6a7a37021346e43f24eafb6c20ec3d274f,e71eab53cdd9865463a16851e738dc30f86cbcb5d0e9b61c1e0e9f164d3b92ae,d6b6ae9a99d74e816deb9587bc2a1bdaab24ebf6692255def2b254d463456e94,e71eab53cdd9865463a16851e738dc30f86cbcb5d0e9b61c1e0e9f164d3b92ae
US_b473e7585c6e5638dd,FAM_dd7de666997dd1c6,US,Michigan,Michigan Supreme Court,supreme,2017-12-06,,medical_professional_liability,"[""ordinary negligence"", ""medical malpractice"", ""failure to properly assist"", ""inadequate staffing"", ""failure to properly supervise"", ""failure to properly train""]",independent_agreement,"[""As for plaintiff's remaining claims, however, each sounds in medical malpractice."", ""the claim that the aide failed to properly assist plaintiff while she was in the ICU implicates medical judgment because it requires consideration of plaintiff's individualized medical needs."", ""To determine whether the hospital provided proper supervision in the ICU for a patient such as plaintiff, a jury would need to hear expert testimony regarding proper methods of moving a patient, as well as the patient's individualized needs.""]",8285290,False,en,852,1268,pass,pass,pass,pass,pass,pass,pass,external_manual_review_182_authoritative,retained,,confirmatory,dedf5d0218bdeef401e8bb2bcf9108091139187a89c80da62310ac43d23800b9,1a821b7ce1c15810e8a6038b0cdfdf38502054f9329ca416d0d34dcb22617bf6,4a7db602e39504b714acd5e81b12803b4a38cfb439ccb7b739b358f073984727,1a821b7ce1c15810e8a6038b0cdfdf38502054f9329ca416d0d34dcb22617bf6
US_b732d6870be7eac6fb,FAM_59c8fce58731d57c,US,Michigan,Michigan Supreme Court,supreme,2020-07-29,,other_civil_liability,"[""inverse condemnation"", ""constitutional tort for violation of bodily integrity"", ""property damage"", ""personal injury""]",accepted_primary,"[""onstitution prohibit the taking of private property without just compensation. US Const, Am V; Const 1963, art 10, § 2. A claim of inverse condemnation is “a cause of action against a governmental defendant to recover the value of property which has been taken . . . even though no formal exercise of the power of eminent domain has been attempted by th"", ""plaintiffs alleged that their pipes, service lines, and water heaters were damaged"", ""plaintiffs alleged that they sustained personal injury from using and ingesting the Flint water as a result of defendants’ actions""]",4771595,False,en,2399,4622,pass,pass,pass,pass,pass,pass,pass,replacement_generation_and_direct_qc_v3,replacement_v3,The opinion addresses only the timeliness of a medical-malpractice claim under the statutory discovery rule and does not decide a civil-liability substantive merits issue.,confirmatory,23a31f802c1248a7394b9e0d89212e1578a089f791fc7b019301b07af7bedc92,a64ea6cc0230147ad7cfc466ba697b5e77afeaa514183dd59bedf57d2a0206cb,246b545b7fc1bff7f1585faa4408dd260d44589aba99da31d6cf29e24cce5ddd,a64ea6cc0230147ad7cfc466ba697b5e77afeaa514183dd59bedf57d2a0206cb
US_bb44001945931d8610,FAM_0b542bc1dcea0ea1,US,Nevada,Nevada Supreme Court,supreme,2001-01-30,,other_civil_liability,"[""medical monitoring"", ""strict liability"", ""negligence"", ""fraud"", ""misrepresentation"", ""failure to warn""]",independent_agreement,"[""Medical monitoring is a novel, non-traditional tort and remedy."", ""Appellants assert various claims against the defendant tobacco companies, including strict liability, negligence, fraud, and misrepresentation."", ""A claim for medical monitoring seeks to recover the anticipated costs of long-term diagnostic testing necessary to detect latent diseases that may develop as a result of tortious exposure to toxic substances.""]",8085765,False,en,508,983,pass,pass,pass,pass,pass,pass,pass,external_manual_review+v3_final_qc_direct_source_adjudication,retained,,confirmatory,aeca098f3650be1caa9bcc6286adf81252587d1ea13eed38b1480ff3b4b385fd,2f6f80aaa6303f57afa97376cc8aadd59053326f8983f56469101c6ee07ad24e,7a18204b5dad417480e2599c721c3d45ea0ecf0dc8db64b24e528cc9bce578d8,2f6f80aaa6303f57afa97376cc8aadd59053326f8983f56469101c6ee07ad24e
US_c387cc2f242da3c0dc,FAM_0089b6f66fe629e6,US,Pennsylvania,Supreme Court of Pennsylvania,supreme,2019-11-20,,other_civil_liability,"[""conversion"", ""intentional tort""]",independent_agreement,"[""He additionally included a claim sounding in tort, namely, the intentional tort of conversion."", ""The tort of conversion of property does not sound in negligence; it embodies a claim of intentional wrongdoing.""]",4679953,False,en,710,1194,pass,pass,pass,pass,pass,pass,pass,replacement_generation_and_direct_qc_v3,replacement_v3,"The opinion addresses only the procedural effect of an erroneous ex parte jury instruction and the scope of retrial, not a substantive civil-liability merits issue.",development,4c3140a2357cca42492d8071d00552aec296691c8d43ac1b3da4657b9a442b31,ff4300d959aadc239898925b730a7e70ea95364fedb08af8574d91ac1cf59570,6a3a9db6bef0ad0855a7180500fffb9f4f897fae04580fbd3766189a3bf419a2,ff4300d959aadc239898925b730a7e70ea95364fedb08af8574d91ac1cf59570
US_ca3855b0593ebfc33e,FAM_7ab294d79fa27ef6,US,West Virginia,West Virginia Supreme Court,supreme,2017-11-01,,product_liability,"[""strict liability"", ""failure to warn"", ""negligence""]",independent_agreement,"[""law doctrine of lex loci delicti.” Syllabus point 1, Paul v. National Life, 177 W. Va. 427, 352 S.E.2d 550 (1986). 4. “Product liability actions may be premised on three independent theories–strict liability, negligence, and warranty. Each theory contains different elements which plaintiffs must prove in order to recover. No rational reason exists to require plaintiffs in pr"", ""st’ for purposes of forum non conveniens, and dismissal in favor of that forum would constitute error.”). 9 sub judice, M.M. alleges all three of these theories of product liability: strict liability, negligence, and failure to warn. As noted above, M.M.’s failure to warn claim is governed by the law of the place of injury, i.e., Michigan, and is foreclosed t""]",4439736,False,en,1165,1954,pass,pass,pass,pass,pass,pass,pass,replacement_generation_and_direct_qc_v3,replacement_v3,Insurance-coverage-only declaratory judgment concerning policy exclusions and duties to defend or indemnify; the underlying wrongful-death facts are not decided as a substantive civil-liability merits issue.,development,a716317b0e3c83d819e7ecbf333262ff93e87efb35de4cba833428a70c4a2b50,26711fcc73a54fa0122739ac2b603d1936ff216c1eb91b814d5976823644d133,6e9ae6ec006e821820e795628c1023b22d2eb19a1cf34bd3b58c567e12533998,26711fcc73a54fa0122739ac2b603d1936ff216c1eb91b814d5976823644d133
US_cc8f60960ef40a7434,FAM_00724b8655fabcd6,US,Pennsylvania,Supreme Court of Pennsylvania,supreme,2000-01-20,,general_negligence_personal_injury,"[""negligent failure to provide adequate highway warning signs"", ""negligence"", ""negligence per se""]",accepted_primary,"[""Charles Young applied his brakes in an effort to avoid the stopped traffic, but lost control of his vehicle and struck the center median of the interstate."", ""Plaintiff must prove by a fair preponderance of the evidence that the defendant was negligent and that his negligence was the proximate cause of the accident."", ""Appellees are unable to show that Appellants owed a per se duty to warn of standing traffic miles in advance of the construction zone.""]",2264827,False,en,308,508,pass,pass,pass,pass,pass,pass,pass,external_manual_review+v3_final_qc_direct_source_adjudication,retained,,confirmatory,cec680d2be1c8f1d705f12dfa509cbbeb772e7705b34719a4f139b0c622b912e,6387ee76ac745bec43c28d4e34758250a5b71f12e3c9b5904b04d6a04dd8f0b1,77c1b1bc272b50337556f7e772f15a436693c61bfe0d95825d81a3389c752468,6387ee76ac745bec43c28d4e34758250a5b71f12e3c9b5904b04d6a04dd8f0b1
US_cd09a42ab8bc802821,FAM_26bf4a2a13fee73d,US,Pennsylvania,Supreme Court of Pennsylvania,supreme,2020-07-21,,product_liability,"[""strict products liability"", ""negligence"", ""breach of warranty"", ""wrongful death"", ""survival action""]",independent_agreement,"[""Walsh’s executor commenced this wrongful death and survival action against the manufacturers of various pesticides that he had applied during his career, asserting claims in strict products liability, negligence, and breach of warranty."", ""Appellants, the manufacturers of various pesticides, appeal from the decision of the Superior Court reversing the trial court’s grant of summary judgment in their favor""]",4769426,False,en,1046,2042,pass,pass,pass,pass,pass,pass,pass,external_manual_review+v3_final_qc_direct_source_adjudication,retained,,confirmatory,c7f5b7692406b9464bb14b1816364d6e1147b1194f7d3b25b9a3db5b649cfdb2,808be988eae6de2ba6bd390b9ff23ff8e1186752eb29bd67c66679eaef46cdaf,6f3e57000bdf7d4f158feaa5ab213e7eb32be8727888e3b5bc29515846ae9b11,808be988eae6de2ba6bd390b9ff23ff8e1186752eb29bd67c66679eaef46cdaf
US_d15af88bf67507bd93,FAM_bf53aca8d34ccc4f,US,West Virginia,West Virginia Supreme Court,supreme,2002-02-08,,other_civil_liability,"[""implied indemnity"", ""equitable indemnification"", ""reimbursement of attorneys' fees and expenses""]",independent_agreement,"[""nditures properly made in the discharge of such liability.\"" We ultimately held in syllabus point two of Hill that: *513 The general principle of implied indemnity arises from equitable considerations. At the heart of the doctrine is the premise that the person seeking to assert implied indemnitythe indemniteehas been required to pay damages caused by a third partythe indemn"", ""of this determination, we find that the principles enunciated in Hill and Sydenstricker, compel the conclusion that the requisite elements of an implied indemnity claim in West Virginia are a showing that: (1) an injury was sustained by a third party; (2) for which a putative indemnitee has become subject to liability because of a positive duty created by statute"", ""do not agree. In light of the foregoing discussion, we find that the lower court erred as a matter of law and hold that a putative indemnitee is not entitled to reimbursement of attorneys' fees and expenses under the theory of implied indemnification when it has not been established that an injury has been sustained by a third party for which a putative indemnitor""]",1261893,False,en,249,473,pass,pass,pass,pass,pass,pass,pass,replacement_generation_and_direct_qc_v3,replacement_v3,"The controlling opinion resolves only a statute-of-limitations and pleading/amendment issue, expressly stating that the motion does not require resolution of the negligence claim on the merits.",development,68be3ebdc45dae8afb67cd04fc9c84e410088cbf6003faedc5617b19bbd7223c,92c35c6e9585717e1999666c936bfe7806452657cbfadca88b760ef8a8938a60,58ee8add647085641e4007404dcdb87fceacc77dd498195e7cb3becfae1a6071,92c35c6e9585717e1999666c936bfe7806452657cbfadca88b760ef8a8938a60
US_d367706577b84edea9,FAM_98b9dd428ec69843,US,West Virginia,West Virginia Supreme Court,supreme,2013-06-28,,other_civil_liability,"[""legal malpractice"", ""attorney negligence"", ""breach of fiduciary duty"", ""breach of contract""]",independent_agreement,"[""petitioner filed a complaint asserting claims for legal malpractice, breach of contract, and breach of fiduciary duty"", ""the requirements for a suit against an attorney for negligence are satisfied"", ""in a suit against an attorney for negligence, the plaintiff must prove three things in order to recover""]",948420,False,en,782,1155,pass,pass,pass,pass,pass,pass,pass,replacement_generation_and_direct_qc_v3,replacement_v3,confirmed replacement required by external review and source recheck,confirmatory,41137116f1e5f690bf4aa9d1fc943f54bcf429908eb0037cb892467a696a3819,8bc373eb6d66fbfd32108a6e6ee4ceb9aaf2dfa19cf23eb18442075215c044e6,394f9717d69c95dd8d8958be101e67dc61f7aa1bf1dad1b617429136b9953578,8bc373eb6d66fbfd32108a6e6ee4ceb9aaf2dfa19cf23eb18442075215c044e6
US_e05b7f2567e5800f56,FAM_d1d6b41d935ca139,US,Louisiana,Supreme Court of Louisiana,supreme,2002-09-04,,other_civil_liability,"[""intentional tort"", ""battery"", ""loss of consortium""]",independent_agreement,"[""hrough the Department *1137 of Public Safety and Corrections, 802 So. 2d 638 (La. 2001). For the reasons stated herein, we conclude that the evidence supports the lower courts' findings that plaintiff was the subject of the intentional tort of battery, but the lower courts erred in awarding damages for the closed head injury. FACTS AND PROCEDURAL HISTORY Plaintif"", ""tional torts, then surely the actions of the officers in the instant case meet the requirements of an intentional tort. Striking someone at full force with an unpadded baton is indeed a harmful or offensive contact intending that person to suffer such a contact. Accordingly, we find that the elements of the intentional tort of battery are met in this cas""]",1714110,False,en,1065,2030,pass,pass,pass,pass,pass,pass,pass,replacement_generation_and_direct_qc_v3,replacement_v3,"The controlling opinion resolves a nullity action concerning alleged fraud, ill practice, spoliation, diligence, and summary judgment—not a substantive civil-liability or damages merits issue.",confirmatory,8aaf3233d98e0a388660dae5bc8e05997a9f959d67894810bc95c070682ed5db,5106b7355827f36d0b11cc8ab210cdf8c86ceec1b9bc7a73bc064c1ffeabd3ce,4636e2c2bf67d7dae2b93de4e9fa74875b5820bc86eb55d2c16c363048bf31c9,5106b7355827f36d0b11cc8ab210cdf8c86ceec1b9bc7a73bc064c1ffeabd3ce
US_e0f4e43491c639af90,FAM_437e985d78fe0374,US,West Virginia,West Virginia Supreme Court,supreme,2014-06-18,,general_negligence_personal_injury,"[""negligence"", ""wrongful death"", ""punitive damages""]",accepted_primary,"[""the viable wrongful death/negligence theory"", ""The jury was instructed on four theories of recovery: violation of the Nursing Home Act, breach of fiduciary duty, non-medical negligence, and medical negligence."", ""Mrs. Douglas’s death was the culmination of a single injury event""]",2679085,False,en,358,592,pass,pass,pass,pass,pass,pass,pass,external_manual_review_182_authoritative,retained,,confirmatory,b87c3f2613ad9c7c490cc9192898409cba92f8103d143be490b1bbec576a0761,50500195ad6291ab4153f0942f779ce096bffe0465dcce8cfe0f80e9b9adf2b1,6db69d8a5750605441a23622d0bf165a0151db15bb1c5ff2ea232cb08cfb8ed6,50500195ad6291ab4153f0942f779ce096bffe0465dcce8cfe0f80e9b9adf2b1
US_e1738150309971f404,FAM_5613ff938f0cc3fe,US,Michigan,Michigan Supreme Court,supreme,2004-07-23,,general_negligence_personal_injury,"[""negligence"", ""inherently dangerous activity doctrine"", ""retained control doctrine""]",accepted_primary,"[""In this case, we consider whether the inherently dangerous activity doctrine has been properly extended to impose liability on landowners for injuries to employees of independent contractors performing dangerous work."", ""Plaintiff filed a negligence action against defendants and Anderson""]",848693,False,en,626,951,pass,pass,pass,pass,pass,pass,pass,replacement_generation_and_direct_qc_v3,replacement_v3,"The supplied opinion is an order denying reconsideration and addresses collateral attack and collateral estoppel, not a substantive civil-liability merits determination.",confirmatory,ffb8fe5bda11e387c51843942a889bd56eef5bf9e3d7e4f5ac29cfa79532d86f,8dccf20d7c21b1c7e9b07eca3354b7c600e539bf2d34da6099fc8efd11a8c860,9f5e117f4249c3c15a5f267df691dfee7730f9050c110ab238ceefbe9d529970,8dccf20d7c21b1c7e9b07eca3354b7c600e539bf2d34da6099fc8efd11a8c860
US_e2121974270074f961,FAM_53ee216b1bf75d0c,US,West Virginia,West Virginia Supreme Court,supreme,2017-04-07,,other_civil_liability,"[""forgery"", ""negligence"", ""breach of fiduciary duty"", ""breach of contract"", ""estoppel""]",independent_agreement,"[""Petitioner filed suit alleging that these transactions were unauthorized, asserting claims for forgery, breach of contract, breach of fiduciary duty, negligence, and estoppel."", ""we find that the circuit court did not err in granting respondent’s motion for summary judgment as to forgery.""]",4381543,False,en,802,1291,pass,pass,pass,pass,pass,pass,pass,replacement_generation_and_direct_qc_v3,replacement_v3,"The appeal concerns dismissal based on qualified immunity and pleading requirements, not a substantive civil-liability merits determination.",development,e86fc1ba1d22a509c7c0b46d498eecf619793fdbb25b113c5ca17b06fd87004b,347faa88ef074024a98e34b8070ef07052c09e14f342c9e1a55d1a50db88d2cf,6f96d76159b24edf545da31b02b62c47d73173c4f9587e3088654fe3e3258303,347faa88ef074024a98e34b8070ef07052c09e14f342c9e1a55d1a50db88d2cf
US_e7bd006a7ac2277175,FAM_654ad6053d54db6c,US,West Virginia,West Virginia Supreme Court,supreme,2012-02-24,,general_negligence_personal_injury,"[""negligence"", ""vicarious liability"", ""actual agency"", ""apparent agency"", ""breach of contract""]",adjudicated,"[""asserting causes of action for negligence and breach of contract based on Mr. Hayes’ alleged negligence in completing the elevation certificate."", ""Mr. Hayes recorded “593” feet rather than “693” feet, an error which Mr. Saber alleges caused the elevation certificates to incorrectly reflect that the Danville property was outside the 100-year flood plain.""]",8219242,False,en,1741,2774,pass,pass,pass,pass,pass,pass,pass,external_manual_review+v3_final_qc_direct_source_adjudication,retained,,development,bbb18be6f142e827ffdf576d88c4b623097c1b43057be5fa721fe2c3a675c368,7f37f559e551380b6c73bfda4c2434e9aa405ff73f88cf487a72bfbb526a1fa1,82e8f1402506a45e898f2467079e044afe515011edd9447acf88a1420598d46e,7f37f559e551380b6c73bfda4c2434e9aa405ff73f88cf487a72bfbb526a1fa1
US_eafeabebaffbba2c82,FAM_9ae65c96468e8dd2,US,Louisiana,Supreme Court of Louisiana,supreme,2004-07-02,,general_negligence_personal_injury,"[""wrongful death"", ""survival damages"", ""comparative fault"", ""occupational asbestos-exposure tort""]",accepted_primary,"[""We granted certiorari to resolve the narrow issue of whether the provisions of the Louisiana Comparative Fault Law, enacted by Act 431 of 1979 and effective August 1, 1980, apply to a wrongful death action commenced after the decedent's demise in November 2002, from mesothelioma allegedly contracted as a result of exposure to asbestos at various time periods from 1959 to 1974."", ""On the other hand, the wrongful death action does not arise until the victim dies and it compensates the beneficiaries for their own injuries which they suffer from the moment of the victim's death and thereafter.""]",1697414,False,en,425,724,pass,pass,pass,pass,pass,pass,pass,external_manual_review_182_authoritative,retained,,confirmatory,e208607d859b505de3df45689c974f46d751aca33267c939deeccc2331ec5eb0,cee443d6215cc3e2cbc4d33150644b8fb333baf5bd62f5d33bb6ebf902398572,92c8c37c2072060e2cc6e66715e966a32b7f731c5e86eb744ac630fe503a097d,cee443d6215cc3e2cbc4d33150644b8fb333baf5bd62f5d33bb6ebf902398572
US_ecb5bb62f940e7f86f,FAM_20aa1babb3faae7e,US,West Virginia,West Virginia Supreme Court,supreme,2005-07-14,,product_liability,"[""negligence"", ""failure to warn"", ""breach of warranty"", ""strict liability""]",independent_agreement,"[""The claim filed against the Appellees was premised upon the theories of negligence, failure to warn, breach of warranty, and strict liability."", ""Those paints were manufactured by the Appellees.""]",1366761,False,en,1252,2022,pass,pass,pass,pass,pass,pass,pass,external_manual_review+v3_final_qc_direct_source_adjudication,retained,,confirmatory,7d2832943220d5be4acab99c5cd1872780d8ebca77fd5cb107e563b3a60e5b37,647c564d0230dc3119c8c870e00ccb1917237dfec17910e8d10513eefe62235a,7de870510eb2a689bdb884b0bb35237fed9de093d36576adaf876eaad225f06c,647c564d0230dc3119c8c870e00ccb1917237dfec17910e8d10513eefe62235a
US_f2201634a8e19da0c7,FAM_faa27864d9ab88c1,US,Nevada,Nevada Supreme Court,supreme,2020-07-30,,other_civil_liability,"[""breach of contract"", ""breach of fiduciary duty"", ""fraud"", ""negligence"", ""conversion"", ""securities fraud"", ""intentional interference with contractual relations""]",accepted_primary,"[""Yount sued Criswell, Radovan, CR Cal Neva, Criswell Radovan, LLC, the Cal Neva Lodge, LLC, Marriner and his real estate company, and others for breach of contract, breach of fiduciary duty, fraud, negligence, conversion, and securities fraud."", ""Yount alleged that his purchase of a founder's share from Criswell and Radovan, rather than through the same process as the other investors, damaged him in excess of $1 million.""]",5304785,False,en,1577,2427,pass,pass,pass,pass,pass,pass,pass,external_manual_review+v3_final_qc_direct_source_adjudication,retained,,confirmatory,a60d5eed38ce1249702f2ede419492a0818a479a59963a8e2fe37364c2bd20a5,2742061172102539a4788561a21e42065572333d16a89b25506ac507a2d3e1d0,8e6c7251f1e602755b05115f1e7c5dee1d68505242ca7d4ef11ae6d3b71caab7,2742061172102539a4788561a21e42065572333d16a89b25506ac507a2d3e1d0
US_f52ee52e184d02cd06,FAM_5c70e7f5b872cb32,US,West Virginia,West Virginia Supreme Court,supreme,2002-10-11,,other_civil_liability,"[""invasion of privacy"", ""disability discrimination"", ""workers' compensation discrimination""]",independent_agreement,"[""\""Mr. Rohrbaugh\""), appeals an order entered by the Circuit Court of Harrison County denying his motion for a new trial. Mr. Rohrbaugh filed an action against Wal-Mart Stores, Inc., appellee/defendant below (hereinafter referred to as \""Wal-Mart\""),[1] alleging invasion of privacy, disability discrimination and workers' compensation discrimination. The jury returned a verdict in"", ""n law that for every wrong there should be a remedy.\"" Lambert v. Brewster, 97 W.Va. 124, 138, 125 S.E. 244, 249 (1924). Thus, we hold that when a plaintiff has established liability for invasion of privacy, the plaintiff is entitled to recover damages for (1) the harm to his/her interest in privacy resulting from the invasion; (2) his/her mental distress prov""]",1389473,False,en,748,1184,pass,pass,pass,pass,pass,pass,pass,replacement_generation_and_direct_qc_v3,replacement_v3,confirmed replacement required by external review and source recheck,confirmatory,f79042479175317226ad36348a85f0ff7c95906b7230c39434eb04cd4fcf982b,34db1a7eb08dfbfd6156eb61f4a3e1702340e7d97ddc1a73a35f8bca04c0d5cc,6b94c16e2824c0adf54df4d19b0515929b3656a9d3944d46321c47a0b738f779,34db1a7eb08dfbfd6156eb61f4a3e1702340e7d97ddc1a73a35f8bca04c0d5cc
US_f5ad9cb96e57eb50d6,FAM_b4823bd0b433fb2c,US,Michigan,Michigan Supreme Court,supreme,2010-04-08,,general_negligence_personal_injury,"[""negligent failure to maintain sidewalk in reasonable repair"", ""statutory highway exception to governmental immunity""]",accepted_primary,"[""Plaintiff sued defendant under the highway exception to governmental immunity, alleging that defendant had breached its duty under MCL 691.1402(1) to maintain the sidewalk in reasonable repair."", ""She stepped into a depressed area of the sidewalk, lost her balance, tripped on a raised and uneven area of bricks next to the depression, and fell forward. As a result, she fractured her wrist, necessitating two surgeries.""]",831621,False,en,287,465,pass,pass,pass,pass,pass,pass,pass,replacement_generation_and_direct_qc_v3,replacement_v3,The controlling opinion resolves only statute-of-limitations and notice-tolling issues and does not adjudicate the substantive medical-malpractice liability merits.,confirmatory,959ae021db192128d451651e4a55f43bc07b2b6a296eb6c2912d69ce03f5ca7c,b8c305233325646ba6cbf730f1583346da80e3aaa9655bc43b3f4006af42f3e1,2cf801a3aeff1f748ff1a71b87cfb12ebfdb1e1807b7bdcc350a73ebaa9eefab,b8c305233325646ba6cbf730f1583346da80e3aaa9655bc43b3f4006af42f3e1
US_f9417e4d262285b1c6,FAM_a2ed7e746f44f029,US,Louisiana,Supreme Court of Louisiana,supreme,2013-09-27,,product_liability,"[""product defect"", ""inadequate warning"", ""non-manufacturing seller liability""]",independent_agreement,"[""the plaintiff alleged that Lakeside Toyota failed to attach a revised airbag warning label to her vehicle which would have prevented her injuries."", ""To find liability in this context, three requirements must be met: First, the product sold by Lakeside Toyota must be defective."", ""A product is “unreasonably dangerous” by virtue of an inadequate warning""]",4994712,False,en,652,1125,pass,pass,pass,pass,pass,pass,pass,external_manual_review_182_authoritative,retained,,confirmatory,d468737f8592750b58d562a38b0aa537267e5f9efca1694070ccb1711c9f0bba,28f7f1dfa28a9d709ad33c0a0ef158e116d676b0249fab66c9d2011260feec6c,661472cca08a33edfa7b5f7d0f9574142be3fd1362ef8783d0dffb34e1feeda2,28f7f1dfa28a9d709ad33c0a0ef158e116d676b0249fab66c9d2011260feec6c
US_fa07baffd06e422309,FAM_8aa63a83595c9cc2,US,Pennsylvania,Supreme Court of Pennsylvania,supreme,2019-06-18,,medical_professional_liability,"[""medical negligence/malpractice"", ""breach of the medical standard of care"", ""negligent performance of a laparoscopic hysterectomy""]",independent_agreement,"[""This case involved a routine medical malpractice case."", ""the procedure that resulted in Lanette Mitchell’s injury."", ""the conduct of the doctor in performing the medical procedure.""]",4630381,False,en,849,1704,pass,pass,pass,pass,pass,pass,pass,external_manual_review_182_authoritative,retained,,confirmatory,50ab54a56758f4d1d6a484a8017e6ec9cb3328e0cb88236e288ca9865da8a0be,2c01308099fb6549ecc68db5bf53fe78b69e0a6d867e514b20c03a8aeff56497,cabd01146e22bb47dd3943693980b26608da0b8100e07ec8ce567ef4d985907e,2c01308099fb6549ecc68db5bf53fe78b69e0a6d867e514b20c03a8aeff56497
