case_id,case_family_id,origin_country,origin_state,court_name,court_level,court_level_confidence,decision_date,case_number_or_citation,primary_domain,case_domain,liability_theories,secondary_tags,analysis_split,main_source_case_id,lower_court_supplemented,lower_court_case_ids,fact_sufficiency_score,neutral_fact_source_language,neutral_fact_source_chars,neutral_fact_ko_chars,neutral_fact_en_chars,jurisdiction_salience_level,jurisdiction_salience_tags,remedy_salience_level,legal_leakage_status,jurisdiction_leakage_status,translation_equivalence_status,source_grounding_status,final_eligible,raw_text_sha256,neutral_fact_source_sha256,neutral_fact_ko_sha256,neutral_fact_en_sha256
KR_15f616454feb5baced,FAM_527615ccdf0ad19e,KR,,대법원,supreme,high,2018-12-28,2016다33196,general_negligence_personal_injury,general_negligence_personal_injury,"[""comparative_fault""]","[""comparative_fault""]",development,KR_15f616454feb5baced,False,[],7,ko,694,694,1590,low,[],low,pass,pass,pass,pass,True,f0cecc8b7c050327ac0ba9531b992d12b57e323b5b147d425c87fd22e79f84d7,35e007938cfb6ee518e31a577baa675e41e043d5f8c6f27b063a7f5cd11e25c5,35e007938cfb6ee518e31a577baa675e41e043d5f8c6f27b063a7f5cd11e25c5,d507de6a0cf6a3f50eb9071b37c58880419f2f49651be0a8fd0ed386e9a6fbc0
KR_2938a7d8dec5b2a57e,FAM_dc72f7ef5a1066f1,KR,,대법원,supreme,high,2022-09-29,2022다238657,general_negligence_personal_injury,general_negligence_personal_injury,"[""vicarious_liability"",""negligent_supervision"",""comparative_fault""]","[""vicarious_liability"",""negligent_supervision"",""comparative_fault""]",confirmatory,KR_2938a7d8dec5b2a57e,False,[],7,ko,1217,1217,2835,low,[],low,pass,pass,pass,pass,True,8e5d63f655ca6932db84995c948d11ac7dabd84074f9ff4c07aa36994a08ae53,7731f9718d33d189efbc76deb1d717d348410ae119b34ab69ee58609ff6ad7e9,7731f9718d33d189efbc76deb1d717d348410ae119b34ab69ee58609ff6ad7e9,c0fde72104f4c5a938bb51d5266cf5ed96b983707dbb614f99aa49dda4f0a140
KR_92b1ce3452f5861ba4,FAM_95099ba70273effb,KR,,대법원,supreme,high,2010-04-29,2009다99105,general_negligence_personal_injury,general_negligence_personal_injury,[],[],confirmatory,KR_92b1ce3452f5861ba4,False,[],6,ko,356,356,670,low,[],low,pass,pass,pass,pass,True,c4c595ccc9f1787cfeb5abea954f30bcd320c363506069c78efbad3a1bc60d02,505c3586d09400b82fc8fc315b4401a7b8bbf42a9f9471b087f6164566e0734c,505c3586d09400b82fc8fc315b4401a7b8bbf42a9f9471b087f6164566e0734c,73862f49f3594cc95c1011e332af21c6df97fe0ab1c5fcf2c393ee434c2db54e
KR_c6d493a48f0b6b6912,FAM_f45dc37277812f49,KR,,대법원,supreme,high,2002-05-28,2002다5019,general_negligence_personal_injury,general_negligence_personal_injury,"[""wrongful_death""]","[""wrongful_death""]",confirmatory,KR_c6d493a48f0b6b6912,False,[],6,ko,478,478,1062,low,[],low,pass,pass,pass,pass,True,0572ae441f5ddfe90d93db7e280c26c80e522a8d50f5bc9f05f2f9b7a2098ab6,cc0fe5e98b31faf347a899d67145bf69d71223a3d5b1392d5b3694451017b9ba,cc0fe5e98b31faf347a899d67145bf69d71223a3d5b1392d5b3694451017b9ba,a8a64918443ac20235b1652ca847bfc3c71f66181d70246bedc028fa547ce1c1
KR_f92051e8c5598d8ccc,FAM_c3b5fe6a78f98fda,KR,,대법원,supreme,high,2007-11-15,2004다2786,general_negligence_personal_injury,general_negligence_personal_injury,[],[],confirmatory,KR_f92051e8c5598d8ccc,False,[],7,ko,944,944,2027,low,[],low,pass,pass,pass,pass,True,f825c0e5cd3df6d1199f127bfa39ea81a24304ed7458de941c873d645ec22977,1e83771168243a6ba1d0afd36c939e2d4ec0ac8eaf1938510b7112b0b6b6c25e,1e83771168243a6ba1d0afd36c939e2d4ec0ac8eaf1938510b7112b0b6b6c25e,bf76b2ace689eb1c4d161cb72956c26a0034fd32044a2084590e8363738de3dc
KR_16747477bbb419c699,FAM_6f4c78847bfa7e14,KR,,대법원,supreme,high,2002-05-24,2000다42540,general_negligence_personal_injury,general_negligence_personal_injury,[],[],confirmatory,KR_16747477bbb419c699,False,[],6,ko,1141,1141,2164,low,[],low,pass,pass,pass,pass,True,a72a444518989b32d16f4771b37cde0308abc362c3323fb601f3fb934a368ee3,37c894c3c1a11004cfbc97afd579512e762ec5a6589eb0e69f84ffdc47d5b79c,37c894c3c1a11004cfbc97afd579512e762ec5a6589eb0e69f84ffdc47d5b79c,717977e10f1779428aaee26de8f13f4a8d896c810f9748c97a3e8182c82a3338
KR_94e863154231995db3,FAM_c03d012d536e2ffa,KR,,대법원,supreme,high,2001-03-23,99다33397,general_negligence_personal_injury,general_negligence_personal_injury,"[""comparative_fault""]","[""comparative_fault""]",confirmatory,KR_94e863154231995db3,False,[],7,ko,903,903,2161,low,[],low,pass,pass,pass,pass,True,e4fed387282fd8ce7e9f91e4479b56449ee0c1594d9f904b693b7e769d92207b,f8daae71cbe5e5f7c0230ac9908cf14cca6ff4a800270368041f4b81371c1dca,f8daae71cbe5e5f7c0230ac9908cf14cca6ff4a800270368041f4b81371c1dca,03174f81d460355a5e0b124eccf5a76ad2bd158ed3b4d1356b430c11cab110ac
KR_c9b0b61cc030200a6a,FAM_291d40d6419fc9c5,KR,,대법원,supreme,high,2008-05-15,2006다46094,general_negligence_personal_injury,general_negligence_personal_injury,[],[],development,KR_c9b0b61cc030200a6a,False,[],7,ko,1384,1384,2604,low,[],low,pass,pass,pass,pass,True,b60428544a9ad2e973df7d7cf03859b9318c5c1f8ad3665001b511bb1a01dd86,6883169914282869aa6d6123f05dfbfebb2f5e3fa24ab95f7326857d32c98ff3,6883169914282869aa6d6123f05dfbfebb2f5e3fa24ab95f7326857d32c98ff3,9f9e8d4f7400e6f1d2b51d82d651bea460b136521d6ac986f1f1570fa58d2a43
KR_d0cfadb984b62f020b,FAM_fa2ff8c750e4f451,KR,,대법원,supreme,high,2009-12-24,2007다77149,general_negligence_personal_injury,general_negligence_personal_injury,"[""wrongful_death"",""intentional_misconduct""]","[""wrongful_death"",""intentional_misconduct""]",confirmatory,KR_d0cfadb984b62f020b,False,[],7,ko,504,504,1104,low,[],low,pass,pass,pass,pass,True,b6abc63ad7adacfde17012a78d2dd98fe9a27b7eb704b98de17211b7b0eb7f64,475aa290197ad21a5d31a668f8dfe871ca80c0ad0b73c9bdb2114111a001bfc6,475aa290197ad21a5d31a668f8dfe871ca80c0ad0b73c9bdb2114111a001bfc6,019e58796904c9c9ea981c38bf7f9ac856e7cc6f329fad17e2f893714a780149
KR_0dcfdd46d74a8951e1,FAM_ea55f8dbe250db29,KR,,대법원,supreme,high,2007-05-31,2007다248,general_negligence_personal_injury,general_negligence_personal_injury,[],[],confirmatory,KR_0dcfdd46d74a8951e1,False,[],7,ko,1066,1066,2108,low,[],low,pass,pass,pass,pass,True,9fc1a9ca17256ea00e0fefe3d8cff0a192133cb356619e7fa514f961b674649d,ea737ab7e26aa51a82910a78d49fd6914a1b1d3d0417861a36a2602a8c090a62,ea737ab7e26aa51a82910a78d49fd6914a1b1d3d0417861a36a2602a8c090a62,558f1e09825d7f4e4a6b8c1abd7ee223b9ae4a144b0da98f4f54b6b187f162a5
KR_655f2386b561c2a84a,FAM_4322813672e76d27,KR,,대법원,supreme,high,2009-05-28,2006다32354,general_negligence_personal_injury,general_negligence_personal_injury,[],[],confirmatory,KR_655f2386b561c2a84a,False,[],7,ko,912,912,1896,low,[],low,pass,pass,pass,pass,True,c41b0f97feaf22750696f63baa42d45acf7e2eab7269bbe9417f1260cb82d750,5b48feb30cebe6e6bc0ee29f09dece5e34e68506e7e7994f394a1ca28e28eabc,5b48feb30cebe6e6bc0ee29f09dece5e34e68506e7e7994f394a1ca28e28eabc,6a6324e0ad8a9b6c4b2fdb310693e462dc464dd2cdcf44d7bdc79f1ae6f6d9a5
KR_d5131e7c37df509266,FAM_eefc8d67ddcf6a45,KR,,대법원,supreme,high,2006-11-10,2005다35516,general_negligence_personal_injury,general_negligence_personal_injury,[],[],confirmatory,KR_d5131e7c37df509266,False,[],6,ko,306,306,563,low,[],low,pass,pass,pass,pass,True,822976260d559d8d5287c341e212417d0bea59f1d08a7d60f05d058e7ba9739e,91a40cd1abca67f1d0aed8ac735d8ae31fa8489cd19230505272dc16ede244b1,91a40cd1abca67f1d0aed8ac735d8ae31fa8489cd19230505272dc16ede244b1,0aa6885de02d12d060b0f968f806129a3f5259da45bdd95048c27ad0326a35e1
KR_29de6fa2d32993658e,FAM_952d449dd2084f16,KR,,대법원,supreme,high,2023-08-18,2022다291009,general_negligence_personal_injury,general_negligence_personal_injury,[],[],confirmatory,KR_29de6fa2d32993658e,False,[],7,ko,578,578,578,low,[],low,pass,pass,pass,pass,True,db86501d8b792dd5adce32ee8a2576cd7235f5d81d051a9b426ae6a6efd441f8,5e819fb13da1cb1ed4983ca156ef1a0a2685035b3f0ad96656b448e409deebdc,5e819fb13da1cb1ed4983ca156ef1a0a2685035b3f0ad96656b448e409deebdc,5e819fb13da1cb1ed4983ca156ef1a0a2685035b3f0ad96656b448e409deebdc
KR_61112d3135e80de786,FAM_06d2f57a39a9d993,KR,,대법원,supreme,high,2009-12-24,2008다3640,general_negligence_personal_injury,general_negligence_personal_injury,[],[],confirmatory,KR_61112d3135e80de786,False,[],6,ko,464,464,941,low,[],low,pass,pass,pass,pass,True,07b85eabf1591fbbe729627c93bef4390ea3012f586fb745126675842055f2a2,a28b748a9f2a9856fc4650e8ada2f879a2a9d5e11cd6355fd8c2de8aa0121dd1,a28b748a9f2a9856fc4650e8ada2f879a2a9d5e11cd6355fd8c2de8aa0121dd1,9964fe9332a6f6b409bb53b28e4d81945e49bd98dfb5b24697af2ddaf6ce3f31
KR_ce03d7157e09c4d242,FAM_d736712655c12360,KR,,대법원,supreme,high,2008-07-24,2007다37530,general_negligence_personal_injury,general_negligence_personal_injury,[],[],development,KR_ce03d7157e09c4d242,False,[],7,ko,644,644,1144,low,[],low,pass,pass,pass,pass,True,5fc1abb01a1a3c57a4e561ad086a998bae796f218cc8da0ae3b10340a2083762,72c115e5ac09fb42e2c3915277c07730ea1705ffe60f1fab4e9a8dadb5a54e1f,72c115e5ac09fb42e2c3915277c07730ea1705ffe60f1fab4e9a8dadb5a54e1f,9872a3738b9057307ab122089a04cdca8a46f2d5c0f73cec323a0070091f6b34
KR_bd5712bcc29293f8e7,FAM_0920c99356ecabe3,KR,,대법원,supreme,high,2023-03-30,2019다280481,general_negligence_personal_injury,general_negligence_personal_injury,[],[],development,KR_bd5712bcc29293f8e7,False,[],6,ko,1952,1952,4472,low,[],low,pass,pass,pass,pass,True,5fe5106f9ca233fac6cb43c7659c8ea126e8b487b5f56caecd89941cda98c220,bf2acc00b0a9d11b4b6c67e656f7a591c901556ba37688b87557dd2ecb3bca67,bf2acc00b0a9d11b4b6c67e656f7a591c901556ba37688b87557dd2ecb3bca67,ad961424e0fe08d7132cd725bc3f02b79daba7e98edd74815f000eb84ce9555f
KR_934df9d2f48650c256,FAM_84a3aa6428b408d4,KR,,대법원,supreme,high,2010-01-28,"2008다65686, 65693",general_negligence_personal_injury,general_negligence_personal_injury,[],[],confirmatory,KR_934df9d2f48650c256,False,[],7,ko,1538,1538,2998,low,[],low,pass,pass,pass,pass,True,f8c28113ba3c3dcc4a5330042fbf86f804eb0fd12a52dca5bd1588242ac78836,8981b7500653535fdf9a9df2d7e2f6dfaf8f42dda5d5229d6e5fc041a07d5f0a,8981b7500653535fdf9a9df2d7e2f6dfaf8f42dda5d5229d6e5fc041a07d5f0a,ece342de4fee1330448161ec7367f6b0b88778eeb4518450b8eea3d98730921c
KR_c7ec53e12d00dabce6,FAM_988fe08c072fd095,KR,,대법원,supreme,high,2008-04-17,2006다35865,general_negligence_personal_injury,general_negligence_personal_injury,"[""intentional_misconduct""]","[""intentional_misconduct""]",confirmatory,KR_c7ec53e12d00dabce6,False,[],7,ko,547,547,547,low,[],low,pass,pass,pass,pass,True,84d01d1b13df282ec743f431e081e6c3f50567b32710c91d22df43c700badd1a,478f5677d912960e93135cac8929a48bc2cf00a874a8adf04725f538cafd0876,478f5677d912960e93135cac8929a48bc2cf00a874a8adf04725f538cafd0876,478f5677d912960e93135cac8929a48bc2cf00a874a8adf04725f538cafd0876
KR_d9b3ee3b261df8b463,FAM_2f38cc9ccef6932c,KR,,대법원,supreme,high,2022-08-31,2018다212740,general_negligence_personal_injury,general_negligence_personal_injury,[],[],confirmatory,KR_d9b3ee3b261df8b463,False,[],7,ko,691,691,1519,low,[],low,pass,pass,pass,pass,True,0c4d0abce1ce4bf290275564b2da8b96cccc7b73b44b2f115df43f6470764682,772a4fc0a07c6e04c7a4b00948de07c126ec6d0fdc22b8b141ec15ee66fbb5f4,772a4fc0a07c6e04c7a4b00948de07c126ec6d0fdc22b8b141ec15ee66fbb5f4,b100f4929c9aa63796857d95e01212c6dac397554874446f3f60fd181285f8f5
KR_7be1ae9174eea5f5f2,FAM_42ee09027c7d93e8,KR,,대법원,supreme,high,2005-09-29,2005다25755,general_negligence_personal_injury,general_negligence_personal_injury,"[""comparative_fault""]","[""comparative_fault""]",confirmatory,KR_7be1ae9174eea5f5f2,False,[],7,ko,510,510,922,low,[],low,pass,pass,pass,pass,True,091d04a8e49600da05baae8917d918682f93185e6513ec747fbea63fa11b8caf,ee07bfbfa2e42c4b77fff5263209001de15c13dfedaa0e99e9dee665733bc84b,ee07bfbfa2e42c4b77fff5263209001de15c13dfedaa0e99e9dee665733bc84b,634be174f8ece77d02ad046363913873ed413d6c82a96653655c0828c6babdf0
KR_ac6643f28f1a875a1b,FAM_54ea6fd1250341ef,KR,,대법원,supreme,high,2007-10-25,2005다23438,general_negligence_personal_injury,general_negligence_personal_injury,[],[],confirmatory,KR_ac6643f28f1a875a1b,False,[],7,ko,684,684,1238,low,[],low,pass,pass,pass,pass,True,73520932b4b2626d1076574ca000e4787b6351cc3b11655a4ab507488fb6d0e4,d3e46c30e7e78b1fb5854e076589b679c245c7c1aab943560ce7da7c2579b57b,d3e46c30e7e78b1fb5854e076589b679c245c7c1aab943560ce7da7c2579b57b,74bf2b1a5168fe8efa38b83091cdc6a46342cb4e3f463d8609d2565e3de94bad
KR_21e5cc81eee32db79e,FAM_8583e7ba0ffcaaa5,KR,,대법원,supreme,high,2002-12-26,2002다50149,general_negligence_personal_injury,general_negligence_personal_injury,"[""comparative_fault""]","[""comparative_fault""]",development,KR_21e5cc81eee32db79e,False,[],6,ko,1047,1047,1084,low,[],low,pass,pass,pass,pass,True,f3f28fbf687aa40f256e1b3c64bc10b1a853772694a3bfdaf6b358901fac103f,a6c3fa80d190de1910261b4605c83e74954e7bc6f4543adbac7c28c447896977,a6c3fa80d190de1910261b4605c83e74954e7bc6f4543adbac7c28c447896977,750618cc5ea2f348b5501617d1dec14e2aee755728e491846f7fb9823edec109
KR_b24448d722a0190549,FAM_07aec9f1fad84959,KR,,대법원,supreme,high,2015-09-10,2013다73957,general_negligence_personal_injury,general_negligence_personal_injury,"[""wrongful_death""]","[""wrongful_death""]",confirmatory,KR_b24448d722a0190549,False,[],7,ko,1546,1546,3502,low,[],low,pass,pass,pass,pass,True,d428ff170724278199fd952119d27a2ceb2b781615aa786bcd0009bfc27e4c9f,b02446ca415e36fb766f29bce2d46b2d671c468329de212b72fd68c63aba836b,b02446ca415e36fb766f29bce2d46b2d671c468329de212b72fd68c63aba836b,b16cd86ad97fb7c68199bee2ef0fca5b1faa3cfbfc30309a29f1946b78cc3df3
KR_b7d634c2e03993e164,FAM_e1c83b3f584bff50,KR,,대법원,supreme,high,2007-06-15,2004다48775,general_negligence_personal_injury,general_negligence_personal_injury,"[""negligent_supervision"",""comparative_fault""]","[""negligent_supervision"",""comparative_fault""]",confirmatory,KR_b7d634c2e03993e164,False,[],7,ko,638,638,1389,low,[],low,pass,pass,pass,pass,True,50916ae5706c94bbabb632c1e168805ac4c8299f5a6ccec3130b31a6d74e72dd,fc9b2f9a81c1255aea352f548e5af4aa4ecb513d74248fe63337304e54116da4,fc9b2f9a81c1255aea352f548e5af4aa4ecb513d74248fe63337304e54116da4,9a4da515802ac9b4ea4452f61fef68916e945d019c3a5483eb2cebde5e34649b
KR_68e0deec401c3edd58,FAM_d327d178f6ed4a38,KR,,대법원,supreme,high,2007-09-06,2005다25021,general_negligence_personal_injury,general_negligence_personal_injury,"[""intentional_misconduct""]","[""intentional_misconduct""]",confirmatory,KR_68e0deec401c3edd58,False,[],7,ko,1085,1085,2178,low,[],low,pass,pass,pass,pass,True,be2aadfe98279f5ce0f3d5be55192e6cca2f3222f3d39d5add086ae011d08187,7d71fd03682c9258360db304c6931e5394c67282344215abbeabf97d35ee9605,7d71fd03682c9258360db304c6931e5394c67282344215abbeabf97d35ee9605,009a6b2e44a4a0daf98d3f15f9d85d87c1762a6ebd674e61c9529f0b37af4c7d
KR_7f8df551c38264fcbe,FAM_a03ea37d2b54b91f,KR,,대법원,supreme,high,2020-04-29,2015다224797,general_negligence_personal_injury,general_negligence_personal_injury,[],[],confirmatory,KR_7f8df551c38264fcbe,False,[],7,ko,623,623,1207,low,[],low,pass,pass,pass,pass,True,b843e1620d665363f7774402dc0ea79fc909819d13af7d936fb1f9024303758b,0f0145425dc996598f993bd9816e8abf6d11e3b10cf02b354b72b45ae2d02dfd,0f0145425dc996598f993bd9816e8abf6d11e3b10cf02b354b72b45ae2d02dfd,c6e0f3abe82ecaac447b50ea9f2ae47e6be72457956abc0d5166ae547499790f
KR_4e2107bebbe71bff1d,FAM_45b68ecafbdf25b9,KR,,대법원,supreme,high,2014-04-24,2014다201087,general_negligence_personal_injury,general_negligence_personal_injury,"[""premises_liability""]","[""premises_liability""]",confirmatory,KR_4e2107bebbe71bff1d,False,[],7,ko,1187,1187,1350,low,[],low,pass,pass,pass,pass,True,866f52a78bd50a7ea18d7f50e13caf45bc8d87afd0a825b98961ef84afc07323,48bfd3b7e910c7e2012e4121e89af4eb7151cb9bd808456b433ede28ebd01634,48bfd3b7e910c7e2012e4121e89af4eb7151cb9bd808456b433ede28ebd01634,6ef5e1cd823b2fecc2d124facd5e6deb08acde9337f02ef4e92ec45a39afc396
KR_9ff8adb69f213e129e,FAM_5e9acaaa84c0cfa6,KR,,대법원,supreme,high,2004-05-14,2003다38207,general_negligence_personal_injury,general_negligence_personal_injury,[],[],development,KR_9ff8adb69f213e129e,False,[],7,ko,944,944,2221,low,[],low,pass,pass,pass,pass,True,b33c8bedde64cc5ddc2d41360b3d9eadb8b3c258eb786ab1f54d3da708dd8506,11e5c42d2133c823b533fa73e999e29bc233e85ee737de2a4e030c5dab70c677,11e5c42d2133c823b533fa73e999e29bc233e85ee737de2a4e030c5dab70c677,c851ae19a49e53af81a43238795ec40153cbb3dcdb2c4ba445160d66c0a01030
KR_55074ea924a215c67b,FAM_f0817529191c261f,KR,,대법원,supreme,high,2020-07-23,2018다276799,general_negligence_personal_injury,general_negligence_personal_injury,"[""intentional_misconduct""]","[""intentional_misconduct""]",confirmatory,KR_55074ea924a215c67b,False,[],7,ko,2193,2193,2200,low,[],low,pass,pass,pass,pass,True,70e6427475069355ea37fdd09dcb99dbfd50a3211adc5eeddc3820ea1ff2093a,ff4ab8c229b1b9415fcfe20fb65dfa8948f95fd44754c21372ca5f52851b20cc,ff4ab8c229b1b9415fcfe20fb65dfa8948f95fd44754c21372ca5f52851b20cc,40aa40e61b24dac3b679082b53bcc805560998f4915f84e44a333749d28200ea
KR_12b9dc4aa1ee6e184c,FAM_e22080c9f3dbef0d,KR,,대법원,supreme,high,2007-04-26,2005다24318,general_negligence_personal_injury,general_negligence_personal_injury,"[""negligent_supervision"",""comparative_fault""]","[""negligent_supervision"",""comparative_fault""]",confirmatory,KR_12b9dc4aa1ee6e184c,False,[],7,ko,1933,1933,1933,low,[],low,pass,pass,pass,pass,True,7aaa724e8f9016b591b49caa2ca4504f4bcde6ac0bc0d04b8b5bbd8d5891d8d7,51777e2e42f7a1ca687a966b35e65a72ab6dc7126b9662778078e66ad8e949f8,51777e2e42f7a1ca687a966b35e65a72ab6dc7126b9662778078e66ad8e949f8,51777e2e42f7a1ca687a966b35e65a72ab6dc7126b9662778078e66ad8e949f8
KR_13b881769bf8928779,FAM_a0d82c4a2db7ec56,KR,,대법원,supreme,high,2013-09-13,2013다37722,general_negligence_personal_injury,general_negligence_personal_injury,"[""negligent_supervision"",""comparative_fault""]","[""negligent_supervision"",""comparative_fault""]",development,KR_13b881769bf8928779,False,[],6,ko,1657,1657,1657,low,[],low,pass,pass,pass,pass,True,376ec68c236a7c85efb6541cb482cc7682004744660244b4977ce617a3797f33,59fa6dbf474e533ea5e70435d08029fbb85687c8067d80832b58f637be2892e5,59fa6dbf474e533ea5e70435d08029fbb85687c8067d80832b58f637be2892e5,59fa6dbf474e533ea5e70435d08029fbb85687c8067d80832b58f637be2892e5
KR_60ac72230335410754,FAM_35ef3c0d9a4c9778,KR,,대법원,supreme,high,2001-09-04,2001다9496,general_negligence_personal_injury,general_negligence_personal_injury,"[""comparative_fault""]","[""comparative_fault""]",confirmatory,KR_60ac72230335410754,False,[],6,ko,961,961,2361,low,[],low,pass,pass,pass,pass,True,9a12eebef4190f0ad998eddde87561c12c5019db1664cf6759ad8e8f6d0a1fe8,84ca32559801b9b5ab297e761884e0723de5833309a99183b8cc4206dae055f8,84ca32559801b9b5ab297e761884e0723de5833309a99183b8cc4206dae055f8,a98241c60b24ed399a9f9a17ef54eeab968de073c5a340bf551e710ee2321c24
KR_d4a866bf8f86262c7f,FAM_3184787821a30a91,KR,,대법원,supreme,high,2010-02-11,2008다61615,general_negligence_personal_injury,general_negligence_personal_injury,"[""premises_liability""]","[""premises_liability""]",confirmatory,KR_d4a866bf8f86262c7f,False,[],7,ko,1041,1041,1969,low,[],low,pass,pass,pass,pass,True,92ea33de10e0c119b6297131bdca4efc079d5b16f3ec774c4cd42199b8af30d9,057e4b5b3333778a2ad2e518d037ef9163437c05837bf734e4f23da96973c802,057e4b5b3333778a2ad2e518d037ef9163437c05837bf734e4f23da96973c802,0ac602a6057ec559653d639a7ddcbc50194b49f932c6171395df4c332d490858
KR_b9478acaee2bfa081a,FAM_8aa18531cef873cd,KR,,대법원,supreme,high,2017-03-15,2013다209695,general_negligence_personal_injury,general_negligence_personal_injury,[],[],confirmatory,KR_b9478acaee2bfa081a,False,[],6,ko,832,832,1741,low,[],low,pass,pass,pass,pass,True,10fadf10f91a94290cb810a432de78978150e9a73aad45928b54392354ec9d5f,979850c43fdb7526e0357a9be398c564d7435be254e8acc3a8438f833d47b614,979850c43fdb7526e0357a9be398c564d7435be254e8acc3a8438f833d47b614,b0393f70bd3cc43a3212c48661455919f7d18a01064908216b482642a499936b
KR_a3d84a1ae8d86e74c5,FAM_082c8d1f07b833fe,KR,,대법원,supreme,high,2002-11-26,2002다47181,general_negligence_personal_injury,general_negligence_personal_injury,[],[],confirmatory,KR_a3d84a1ae8d86e74c5,False,[],6,ko,1268,1268,2133,low,[],low,pass,pass,pass,pass,True,d8826639789d578336748a7d6f74ea0982cb7b7452395f2df854b3d0f10db2a5,a44ef8cb95658e5d945b92928320bec08711644eeb6fda1fb8b0f9c5c46499d9,a44ef8cb95658e5d945b92928320bec08711644eeb6fda1fb8b0f9c5c46499d9,094cc5a120b8124ef90c6c7d0fb1017fd1c46c64d8ec102a27eb9beed9742b0b
KR_86fdfbe3f16878dfcf,FAM_c334110d70e49142,KR,,대법원,supreme,high,2017-12-28,2017다37096,general_negligence_personal_injury,general_negligence_personal_injury,"[""comparative_fault""]","[""comparative_fault""]",confirmatory,KR_86fdfbe3f16878dfcf,False,[],6,ko,1641,1641,1641,low,[],low,pass,pass,pass,pass,True,62b02ef6cf30ba2389d133ad2e9318f78161b6fa8c13f27ff7e7588a2a5f99be,075e3dbc4294fc244285e94ad991488a03fc62aa9eba940a7e6aa0766906235e,075e3dbc4294fc244285e94ad991488a03fc62aa9eba940a7e6aa0766906235e,075e3dbc4294fc244285e94ad991488a03fc62aa9eba940a7e6aa0766906235e
KR_26b3a33d5ab3eb8be8,FAM_3fcd6f21eec76f25,KR,,대법원,supreme,high,2006-07-06,2004다8272,general_negligence_personal_injury,general_negligence_personal_injury,[],[],confirmatory,KR_26b3a33d5ab3eb8be8,False,[],7,ko,1736,1736,3560,low,[],low,pass,pass,pass,pass,True,55477d60855b08ebd9dc40727e33d2222554066a9fce9f3c3afa366671681cb3,f433e4212be79ba679d2be3ee829880444c86e401cd8f72e23858e30cea0581a,f433e4212be79ba679d2be3ee829880444c86e401cd8f72e23858e30cea0581a,df5014ba23a3c572d63a0991b0b2135ca76119ba3d67cbb8dda823ea4bcf5068
KR_80cd6399334ab774b2,FAM_1dff28ee1e2b15b8,KR,,대법원,supreme,high,2010-04-29,2009다98928,general_negligence_personal_injury,general_negligence_personal_injury,"[""comparative_fault""]","[""comparative_fault""]",confirmatory,KR_80cd6399334ab774b2,False,[],7,ko,609,609,1033,low,[],low,pass,pass,pass,pass,True,9f9f6a341b252848b17f9f5473d38a170430593f09cf7267226f2546d7aa1f0b,629775ef450d5ea648bd34947a5a27187c9e756d27e10932e2e522ad0f6357f9,629775ef450d5ea648bd34947a5a27187c9e756d27e10932e2e522ad0f6357f9,ba2853f184bbb38b050a3d98a4ce95eeed5d1b68bf26aba0279212bf00f8f9be
KR_df9ae8ebb4355cf9ab,FAM_9ca85e3e943cc194,KR,,대법원,supreme,high,2022-02-17,2019다217421,general_negligence_personal_injury,general_negligence_personal_injury,[],[],development,KR_df9ae8ebb4355cf9ab,False,[],6,ko,1116,1116,2296,low,[],low,pass,pass,pass,pass,True,4aac695b6cb4feb0db9ed1864ccc3a8f569dd84240bf2f98f6eca0621297b340,502352e5e45dbad4e8aef83f06301c1502309d26c5265f5de107aac2b8afa399,502352e5e45dbad4e8aef83f06301c1502309d26c5265f5de107aac2b8afa399,d29eb05838491751c885ae10bdbc00cb5d477a88a724f7ca6b19a81ad56540ce
KR_c9a36c832dbc482f8f,FAM_2a2fc11b652355ec,KR,,대법원,supreme,high,2008-09-11,2006다50338,general_negligence_personal_injury,general_negligence_personal_injury,"[""negligent_supervision"",""comparative_fault""]","[""negligent_supervision"",""comparative_fault""]",development,KR_c9a36c832dbc482f8f,False,[],7,ko,1228,1228,2500,low,[],low,pass,pass,pass,pass,True,20bcd1bf350f3f604ce93339536d410ee04365bf7dabe2997682b3df5daa81a9,501160447a748555743f7deb8380255886962ba4c97b63ed2adad4bce0c500c6,501160447a748555743f7deb8380255886962ba4c97b63ed2adad4bce0c500c6,d948b54bb8fab2e26cb5519ae704e6f618165ff462fc1e290bffa7481477b4e0
KR_f358ab674e5ded71f1,FAM_ebbc98c43822e262,KR,,대법원,supreme,high,2007-07-13,2005다21821,general_negligence_personal_injury,general_negligence_personal_injury,[],[],confirmatory,KR_f358ab674e5ded71f1,False,[],6,ko,944,944,1797,low,[],low,pass,pass,pass,pass,True,9e88e48c009f9662e81a79ebd73954c3e4e3485a0b0ba62e00805dac5840859a,58b075cfe4e04136919b27f7afc5cf3a62f17713dfef56b9ec3d1a642b830c4c,58b075cfe4e04136919b27f7afc5cf3a62f17713dfef56b9ec3d1a642b830c4c,e638612ab73ec37b760c9feb428c357184efb65674176f07801876474baa7782
KR_3d251e8be01dc48a0b,FAM_e1d990864fb24279,KR,,대법원,supreme,high,2013-06-28,2013다14903,general_negligence_personal_injury,general_negligence_personal_injury,[],[],confirmatory,KR_3d251e8be01dc48a0b,False,[],6,ko,1232,1232,2509,low,[],low,pass,pass,pass,pass,True,a023cd5b920108b91aa434a829a15d899a54b76932b2fb95736dec1f5c56937d,63d0fd6c8f43f03f62ed0e00340d620541cd895ec77cf4812aa9a3f0e0cef0d0,63d0fd6c8f43f03f62ed0e00340d620541cd895ec77cf4812aa9a3f0e0cef0d0,9fb82591c481fad246817fd8d675efbcaccd623d4ac3a9944b7e55afb1363b38
KR_f8eefffc009c58124b,FAM_ba5ef367c9089ebf,KR,,대법원,supreme,high,2023-06-29,2022다309474,general_negligence_personal_injury,general_negligence_personal_injury,"[""comparative_fault""]","[""comparative_fault""]",confirmatory,KR_f8eefffc009c58124b,False,[],6,ko,1421,1421,1421,low,[],low,pass,pass,pass,pass,True,1b0299f7eae9e05ece1f4184842754c50c65dca7f5549b7de972ab59d4f5b94d,3165880e1ecea98e0ae96c687ded1e9ed0e9c41b23cd568d5696aef4e8ebc3cc,3165880e1ecea98e0ae96c687ded1e9ed0e9c41b23cd568d5696aef4e8ebc3cc,3165880e1ecea98e0ae96c687ded1e9ed0e9c41b23cd568d5696aef4e8ebc3cc
KR_c6a564478fdecad238,FAM_046244c5a510db51,KR,,대법원,supreme,high,2024-09-12,2024다239364,general_negligence_personal_injury,general_negligence_personal_injury,[],[],confirmatory,KR_c6a564478fdecad238,False,[],6,ko,974,974,1791,low,[],low,pass,pass,pass,pass,True,22bf9fe6f4910a69e11a49a8c982b00c7037f2ebeeca2a54b36395bd39e0f02a,160642a501dcef8fb4fbdbc27aeeac97517f1ae3592d1e5fede20924b2dec13f,160642a501dcef8fb4fbdbc27aeeac97517f1ae3592d1e5fede20924b2dec13f,617231e8428bae6f378fdd808cc858dd2f95c367c173829bf2afa9b9b1a8cc0d
KR_29dbd6f831cc47236c,FAM_d160f11e8fcec53e,KR,,대법원,supreme,high,2016-11-10,2014다229009,general_negligence_personal_injury,general_negligence_personal_injury,"[""comparative_fault""]","[""comparative_fault""]",confirmatory,KR_29dbd6f831cc47236c,False,[],6,ko,652,652,1129,low,[],low,pass,pass,pass,pass,True,8053f4ee20ba8ec455377f9073570342baa6f747cb31066dd510f137a56e5556,f69bfd85d3080ee649341926d66b7b46733678b6ba60d3a09bd2ce2df3c89c05,f69bfd85d3080ee649341926d66b7b46733678b6ba60d3a09bd2ce2df3c89c05,8f47562c9f17e3a9b31943e33f1f3542ac58856b52d1543ceaacd7057e59d738
KR_6c7baac3a6e3991c4e,FAM_6406f9bddbaec695,KR,,대법원,supreme,high,2000-04-25,99다54998,general_negligence_personal_injury,general_negligence_personal_injury,"[""premises_liability""]","[""premises_liability""]",development,KR_6c7baac3a6e3991c4e,False,[],7,ko,936,936,2207,low,[],low,pass,pass,pass,pass,True,b9ab288d3e5f8191f2086ef6ceed40157017156141722d14fa7fd68139526da8,b6a588ca8709a063713e945c2937d7ac52735b75cd7fd47d181c8f1eb6bc8908,b6a588ca8709a063713e945c2937d7ac52735b75cd7fd47d181c8f1eb6bc8908,6c09e75a55ece7090465ddd8309d55c316911d630bc951578a866ba3062b1287
KR_908095abe4f0d6d327,FAM_7d0c4a6847d42aa9,KR,,대법원,supreme,high,2007-07-13,2005다23599,general_negligence_personal_injury,general_negligence_personal_injury,"[""vicarious_liability"",""comparative_fault""]","[""vicarious_liability"",""comparative_fault""]",confirmatory,KR_908095abe4f0d6d327,False,[],6,ko,1456,1456,1456,low,[],low,pass,pass,pass,pass,True,64cef7623f3a7cb769e4928fdb7ba7bce615d86337d2089f514e30f2593f7a16,91d5add30adbc84207dd82fae0a4c986704f8086d1a402acebc622e578612fdc,91d5add30adbc84207dd82fae0a4c986704f8086d1a402acebc622e578612fdc,91d5add30adbc84207dd82fae0a4c986704f8086d1a402acebc622e578612fdc
KR_9d2e86f030a6ea99c5,FAM_7ca308bf0bbfbe75,KR,,대법원,supreme,high,2015-12-10,2015다230228,general_negligence_personal_injury,general_negligence_personal_injury,[],[],confirmatory,KR_9d2e86f030a6ea99c5,False,[],6,ko,1425,1425,1425,low,[],low,pass,pass,pass,pass,True,1f94c64b434b37b4090cc3388ae862734904691245d649bc4dd9c08902b9c55d,6261be68327ae8b74818eee6f362534dd1f2293493482361dfce4b1db5ecc068,6261be68327ae8b74818eee6f362534dd1f2293493482361dfce4b1db5ecc068,6261be68327ae8b74818eee6f362534dd1f2293493482361dfce4b1db5ecc068
KR_cd0b887a7a431369b9,FAM_3ad20c5f988b1573,KR,,대법원,supreme,high,2006-09-28,2004다48768,general_negligence_personal_injury,general_negligence_personal_injury,"[""comparative_fault""]","[""comparative_fault""]",development,KR_cd0b887a7a431369b9,False,[],7,ko,1085,1085,1880,low,[],low,pass,pass,pass,pass,True,14ff87fb5f4cf319515233325eec2d65949de681c3906e4a0f2c27c450db36e0,f07daa0611f7bb5788da8b8752499cc6cd01801e959ded09ea4c96dbb6ddf725,f07daa0611f7bb5788da8b8752499cc6cd01801e959ded09ea4c96dbb6ddf725,36e6d76fddfd07349f299874658f1f06353b12e6f8e7ead58f02491aa9030cb3
KR_196d874266db86b00d,FAM_d8af1f8e98e9ccd6,KR,,대법원,supreme,high,2021-01-14,2020다261776,general_negligence_personal_injury,general_negligence_personal_injury,"[""comparative_fault""]","[""comparative_fault""]",confirmatory,KR_196d874266db86b00d,False,[],6,ko,896,896,1539,low,[],low,pass,pass,pass,pass,True,0fb5a5ee7f4690eb43bdc928f5a44f9cbe1676cf3faff219ab087a6259efa413,33be933c8579716bc263654b1548c31ba8ba5be9f1367b66326960c5fbfb43cc,33be933c8579716bc263654b1548c31ba8ba5be9f1367b66326960c5fbfb43cc,f05037a8b85e298a13fe0432559307413a24850c9025d58651661ac55a820ccd
KR_251ece560a954ca2fc,FAM_54b3081ba209650e,KR,,대법원,supreme,high,2016-12-15,2015다241228,general_negligence_personal_injury,general_negligence_personal_injury,"[""comparative_fault""]","[""comparative_fault""]",confirmatory,KR_251ece560a954ca2fc,False,[],6,ko,543,543,1156,low,[],low,pass,pass,pass,pass,True,367bf03ccc47e90a0854fa7cb906843108e2c8792abdf68dce47494ab951dde7,adc9a8f2738e299a8504b9f2a54544a3f4058d50158732d8565c986ba7430341,adc9a8f2738e299a8504b9f2a54544a3f4058d50158732d8565c986ba7430341,420670523a83385214e7f20fa6956219a46182794b43fa3ac09afdb0e9284684
KR_820a517fce55c93a84,FAM_992c17ceec0654ea,KR,,대법원,supreme,high,2006-03-09,2005다16904,general_negligence_personal_injury,general_negligence_personal_injury,[],[],confirmatory,KR_820a517fce55c93a84,False,[],7,ko,446,446,835,low,[],low,pass,pass,pass,pass,True,c469edb31351307db1082d42a637f945f6a7d481f4c4c803af6004ad04e7e213,cb63e27c84deed50d3f8a193db9dde446dd49f807e380a92f8e91c34601568a5,cb63e27c84deed50d3f8a193db9dde446dd49f807e380a92f8e91c34601568a5,c6bc54de9cde50a28ef7f09e7c031e3ec0b0797547d95d2b2ed1b3040b2bca47
KR_b8c149d3a7eebfddda,FAM_fe0d59a1289306a0,KR,,대법원,supreme,high,2009-11-12,2007다53785,general_negligence_personal_injury,general_negligence_personal_injury,[],[],confirmatory,KR_b8c149d3a7eebfddda,False,[],7,ko,893,893,1972,low,[],low,pass,pass,pass,pass,True,c0c6e43917ccbfd4f37c4d2aee693a7e24a263032498f13a0bf3dfcca299e911,b9dc246cd06b1f2f1ae6bfbb5a291b82f56c8a79ae84bb331e1fa16769747357,b9dc246cd06b1f2f1ae6bfbb5a291b82f56c8a79ae84bb331e1fa16769747357,5ee84daa0c4b49afc048157cffbb5c03750560da75197589c4e0649dc3b568e4
KR_5ebeddec620aad3412,FAM_85ab51cc25d15425,KR,,대법원,supreme,high,2010-02-11,2009다94278,general_negligence_personal_injury,general_negligence_personal_injury,[],[],confirmatory,KR_5ebeddec620aad3412,False,[],6,ko,691,691,1314,low,[],low,pass,pass,pass,pass,True,6fdc03ca7207c6bd620311c0c9c928010bcab7701421ab6a35b81f3d4b2c708a,52f8ff080f63579dac02b3e1cd3997863a351ae8fdf656a3259771943fb6fdb8,52f8ff080f63579dac02b3e1cd3997863a351ae8fdf656a3259771943fb6fdb8,a3644173fb3648fbb26c914b598dc5cfb668b4e0acba8cd101ff32e72bf2ed7b
KR_166fe3c2ec192a031c,FAM_b2f487aabdbe5764,KR,,대법원,supreme,high,2006-01-12,2003다28880,general_negligence_personal_injury,general_negligence_personal_injury,[],[],confirmatory,KR_166fe3c2ec192a031c,False,[],6,ko,802,802,1449,low,[],low,pass,pass,pass,pass,True,fab3462a495b3c63d6ec55c09fa78c8eeb4a9b2d784a1201e87fee8892615eb1,bf6df358d2fd0d0744005c2cad9bdea778b63eff1e252eefd1880859e17f5f7c,bf6df358d2fd0d0744005c2cad9bdea778b63eff1e252eefd1880859e17f5f7c,31f4c2b751b8023d0b9086cd8876a2c54c551a89dc6442103b25bd9bc3f809f3
KR_d614974ea605954ae6,FAM_985eb79cad20ed62,KR,,대법원,supreme,high,2019-07-10,2018다273417,medical_professional_liability,medical_professional_liability,[],[],confirmatory,KR_d614974ea605954ae6,False,[],7,ko,485,485,934,low,[],low,pass,pass,pass,pass,True,bf1faee3a6a2f842a1ac9606b475179333f097068910ae5350effc910cbb88bd,bd7735a4578c0ccdb5d2f0d25e233e8abed6a60fa52b885419fe8c6b24b52eb1,bd7735a4578c0ccdb5d2f0d25e233e8abed6a60fa52b885419fe8c6b24b52eb1,703f448567daed2acfa77f9577e7e4ead7373dd84df789464d1d59c1005ab0d8
KR_3bdfa18ada600372f2,FAM_55a862ee47e56585,KR,,대법원,supreme,high,2020-04-09,2018다246767,medical_professional_liability,medical_professional_liability,"[""comparative_fault""]","[""comparative_fault""]",confirmatory,KR_3bdfa18ada600372f2,False,[],7,ko,2326,2326,2326,low,[],low,pass,pass,pass,pass,True,6ba688aab97a98f5f972178b1c142230da4c94df403e7cc869397fb8421f4fc4,c1304b5d5f42085c5935444b26eb14bad786ab8d3ab7c8a32778ee36606478e2,c1304b5d5f42085c5935444b26eb14bad786ab8d3ab7c8a32778ee36606478e2,c1304b5d5f42085c5935444b26eb14bad786ab8d3ab7c8a32778ee36606478e2
KR_d35502ba94fbfc6c92,FAM_839b378502b90596,KR,,대법원,supreme,high,2022-09-07,2019다241455,medical_professional_liability,medical_professional_liability,"[""intentional_misconduct""]","[""intentional_misconduct""]",confirmatory,KR_d35502ba94fbfc6c92,False,[],6,ko,576,576,1189,low,[],low,pass,pass,pass,pass,True,2b1d5075457a154d08ff51e813d2f25b400ee06f33b12c30acd9d2f1eda96c83,883175ce1234e03b71196eb099481c02062300556c5d80a32cbca4324cb2b60e,883175ce1234e03b71196eb099481c02062300556c5d80a32cbca4324cb2b60e,8324519a3f20da4c1d8f2f05849e4c55f6b0971dbeef699afa14d44d0f93a5a7
KR_f3fe352a4c02d16f80,FAM_d908d5a29e44ad5f,KR,,대법원,supreme,high,2006-05-11,2003다8503,medical_professional_liability,medical_professional_liability,[],[],confirmatory,KR_f3fe352a4c02d16f80,False,[],5,ko,409,409,1100,low,[],low,pass,pass,pass,pass,True,542359a057feb72d71fc83b2fed0bc5e8aa588ef81aabc14aed9dfda39fdc8a3,2ee8c08d7874c8a980711c2f359fd4df27c78adfdf3e99ced5b48bf107c80aa7,2ee8c08d7874c8a980711c2f359fd4df27c78adfdf3e99ced5b48bf107c80aa7,9d29c27737ec11c13fd591af4b068417bfd771d7bb8ba0b5b66560e868b7b0f2
KR_78134d127e8ed36369,FAM_4b639275d9b4cfe7,KR,,대법원,supreme,high,2006-01-12,2004다46922,medical_professional_liability,medical_professional_liability,[],[],confirmatory,KR_78134d127e8ed36369,False,[],6,ko,756,756,1382,low,[],low,pass,pass,pass,pass,True,92c1589f1828a49c54acf38ef1fcf409ce56adbe4fbe081e8d2502b8e78d224e,51ecf75044bfbea8e98e7123016071aa536e03e79c91fefe6a29860f15d4ff0c,51ecf75044bfbea8e98e7123016071aa536e03e79c91fefe6a29860f15d4ff0c,3725918c63d1a1c1501c113b50c65bb1be83aeeb834892f3ec50753aaaa93b0f
KR_973642690caa8c1765,FAM_39f83859b16fd9d9,KR,,대법원,supreme,high,2009-07-09,2008다19034,medical_professional_liability,medical_professional_liability,[],[],confirmatory,KR_973642690caa8c1765,False,[],7,ko,997,997,1784,low,[],low,pass,pass,pass,pass,True,c6f22cf73513d3f369a864c70939959a3329d4c14de46e0704847632e7fa7ce9,c488c62f4a98e01094a727728ae4d5eac38b34c681f0f4ec1ae05df852d07ab0,c488c62f4a98e01094a727728ae4d5eac38b34c681f0f4ec1ae05df852d07ab0,cc0a370b5dd8a40737fdc7175e6c4374864bde98c23dfc29e0441d4a8820e02f
KR_9fa690d66617cf987e,FAM_2f4bf01546c0cae2,KR,,대법원,supreme,high,2002-06-28,2001다27777,medical_professional_liability,medical_professional_liability,[],[],confirmatory,KR_9fa690d66617cf987e,False,[],7,ko,802,802,1803,low,[],low,pass,pass,pass,pass,True,bbadb22029d0e0da0fd78d9cf4a711e43677cd056a4db8a6f7b77ffa9f578793,ecd4ec71d30eaaca9cba31353e028e141b5addbe022b65a2dc70803781beb094,ecd4ec71d30eaaca9cba31353e028e141b5addbe022b65a2dc70803781beb094,347f2711aa4da38dbb1801a4c166abfc713a90b640fd3767bff72c086f380062
KR_eee8ecec3165d10cc6,FAM_2d194b5b5a909c17,KR,,대법원,supreme,high,2024-11-20,2021다220864,medical_professional_liability,medical_professional_liability,[],[],confirmatory,KR_eee8ecec3165d10cc6,False,[],7,ko,1352,1352,1352,low,[],low,pass,pass,pass,pass,True,084f44e657724e343e33a245494416731b3ab2997310bcc90b60179004f7e63d,89b9386dc83b1195427b3924da028a31e630e389a298b5e403fe0ee2b77dab02,89b9386dc83b1195427b3924da028a31e630e389a298b5e403fe0ee2b77dab02,89b9386dc83b1195427b3924da028a31e630e389a298b5e403fe0ee2b77dab02
KR_b1623e21ca7095a358,FAM_9aa67d47042380ad,KR,,대법원,supreme,high,2024-07-11,2023다314022,medical_professional_liability,medical_professional_liability,[],[],confirmatory,KR_b1623e21ca7095a358,False,[],6,ko,750,750,1367,low,[],low,pass,pass,pass,pass,True,635cd7587dfdc52cc9407176ffb22ea3f80485a49f14e957ad9bb536baeacb2c,63d9018a92cd37b4fbd9fae671dcab99ed346afce949b363224b8be2309aa961,63d9018a92cd37b4fbd9fae671dcab99ed346afce949b363224b8be2309aa961,fcae8f47d38fdc83f81e99556b83d8403c2c34256104de129c650394e175f4e3
KR_47079dcb1572fd2e34,FAM_ea83f2c5723e48c4,KR,,대법원,supreme,high,2004-10-28,2002다45185,medical_professional_liability,medical_professional_liability,[],[],development,KR_47079dcb1572fd2e34,False,[],7,ko,938,938,2187,low,[],low,pass,pass,pass,pass,True,9e939d5ed03c922b7c0dc99e5dfb4f6e83f7ccd389b7990bef09e2472e6a189e,d1887305c3057280753679e7f694cbfeefe97ca5d64a937afca7b7edf6c22ee6,d1887305c3057280753679e7f694cbfeefe97ca5d64a937afca7b7edf6c22ee6,0c3031d0635376bfbf4fb2ac1999ea2d37ec7ee3055361f1dd09204ded500c89
KR_8d7ca5d24afd11d1da,FAM_9ff6835d24c228df,KR,,대법원,supreme,high,2007-09-20,2005다63337,medical_professional_liability,medical_professional_liability,[],[],confirmatory,KR_8d7ca5d24afd11d1da,False,[],6,ko,1058,1058,1905,low,[],low,pass,pass,pass,pass,True,adbb4245d37dfd34c41fb191a2a78e827ac3113c29aa77df98d62630016b0eea,0291099c736135bbd0f41dd124019ba32aac7e695b098d229d1ca16be374a341,0291099c736135bbd0f41dd124019ba32aac7e695b098d229d1ca16be374a341,e2b6ab34d158602dd7e2b4159b23d47ffbed8ffebd13a53ba08219881063aca8
KR_1490ae2a5caa81b4c7,FAM_5ddfbb6e73dd501b,KR,,대법원,supreme,high,2023-10-12,"2020다246999, 247008",medical_professional_liability,medical_professional_liability,[],[],confirmatory,KR_1490ae2a5caa81b4c7,False,[],7,ko,701,701,1319,low,[],low,pass,pass,pass,pass,True,a4f1df0b6740f5e8758bc612cf01aa0f4a249b196c2d854eefa7ee2494a8cb51,71964c8775c1548a87414c06b91bafdb2e74d0fa2fcedc9ffe1456e6ea45a983,71964c8775c1548a87414c06b91bafdb2e74d0fa2fcedc9ffe1456e6ea45a983,b3c05bb81af35be0abb33b95f64439db35825cd39151b41a09a2519616673da1
KR_fade97268b1abdcfa2,FAM_1f964adb613afe30,KR,,대법원,supreme,high,2008-12-11,2006다5550,medical_professional_liability,medical_professional_liability,"[""comparative_fault""]","[""comparative_fault""]",confirmatory,KR_fade97268b1abdcfa2,False,[],6,ko,692,692,1597,low,[],low,pass,pass,pass,pass,True,3f9488937430f984f12b5af21af0c6dc3cc7f9e3fc4289f64e4e8cba716aedce,b07967d94b9c1679857497eadb8eea34c2abdedc5cd65a353cd15aa1910aa5ac,b07967d94b9c1679857497eadb8eea34c2abdedc5cd65a353cd15aa1910aa5ac,27baea558d17dba2e23874ca1dc7e1b38996f17eed2c636e207a1b069ed5a5a6
KR_4ea4b7c552d041ba9e,FAM_e97e2491ca1a461b,KR,,대법원,supreme,high,2002-05-10,2000다50213,medical_professional_liability,medical_professional_liability,[],[],confirmatory,KR_4ea4b7c552d041ba9e,False,[],7,ko,1290,1290,2449,low,[],low,pass,pass,pass,pass,True,d9d30b602863611c3d760463c1d63ec673e7a7e008903eb2a377aa82ec70ad05,e08154e209cb1e2a404910de632b98191293bf74c9cd071757cb7cfeb8eb9c5a,e08154e209cb1e2a404910de632b98191293bf74c9cd071757cb7cfeb8eb9c5a,e7692d046159cb7f7c93818a1fc724b649ebf9cdedf39b1644d8c77a01251d07
KR_77616f4d33f49f160f,FAM_fe69b552c377705e,KR,,대법원,supreme,high,2015-05-14,2014다16494,medical_professional_liability,medical_professional_liability,[],[],development,KR_77616f4d33f49f160f,False,[],5,ko,281,281,614,low,[],low,pass,pass,pass,pass,True,a49ed14501dd796ab695ef23a836d7b558a4f17224f826b51dc9013f50f54d91,c1d0d89071341edd91438694023ae2c6ad2a3081c37146aca251e8a1724068f5,c1d0d89071341edd91438694023ae2c6ad2a3081c37146aca251e8a1724068f5,b8901269cba55f7e049a923e4360dca365c7b1b30f801b8007c44c1a31fe4e8e
KR_38f0a0551f52400584,FAM_927d5facf1c39f25,KR,,대법원,supreme,high,2009-01-15,2008다63192,medical_professional_liability,medical_professional_liability,"[""negligent_supervision""]","[""negligent_supervision""]",confirmatory,KR_38f0a0551f52400584,False,[],7,ko,1761,1761,1761,low,[],low,pass,pass,pass,pass,True,3fbe63cbebea9a49f424ccb077e2547b268cb6b62f2e3c3f7597928d527e03e0,5298928b1b251a292b5d2ba8d741301232afaf310272177fc544f67932cdb934,5298928b1b251a292b5d2ba8d741301232afaf310272177fc544f67932cdb934,5298928b1b251a292b5d2ba8d741301232afaf310272177fc544f67932cdb934
KR_f5a5d762462130dccb,FAM_9458c1021f494ad5,KR,,대법원,supreme,high,2011-01-27,2009다19864,medical_professional_liability,medical_professional_liability,[],[],confirmatory,KR_f5a5d762462130dccb,False,[],6,ko,2093,2093,5181,low,[],low,pass,pass,pass,pass,True,ff2d2993b080ffb957655f4f339f694d01e32e7fb301dccdebd0b2dba703b4c5,cc67d6aa1ac376f18c4e5a97c19e6fff0285b1173df3b7a2939539171da74a68,cc67d6aa1ac376f18c4e5a97c19e6fff0285b1173df3b7a2939539171da74a68,ccc0f256d4738d0674225993a815ff99bc3c78d4b93c3029bfceba6c23b66bcf
KR_fbac05e4c9ae195c2d,FAM_e1f8cd8f82cb2aa6,KR,,대법원,supreme,high,2010-07-08,2010다2862,medical_professional_liability,medical_professional_liability,"[""wrongful_death"",""comparative_fault""]","[""wrongful_death"",""comparative_fault""]",development,KR_fbac05e4c9ae195c2d,False,[],7,ko,410,410,757,low,[],low,pass,pass,pass,pass,True,20248495fce1af82430590b380937f790ae970be238d09825dba5b9ce456ef8d,7fefa0f07666c6ad36d7459aef804d1e7fb6cb355c67c5ef7e4d8dcded48a85d,7fefa0f07666c6ad36d7459aef804d1e7fb6cb355c67c5ef7e4d8dcded48a85d,d3418aae6d994dc5a65501ed6f837e564873185d6b8ccc979b6c926bf38739a7
KR_4b24e5a20e1f1ddead,FAM_da2eba6cdc053afe,KR,,대법원,supreme,high,2008-04-24,2006다32132,medical_professional_liability,medical_professional_liability,[],[],confirmatory,KR_4b24e5a20e1f1ddead,False,[],7,ko,1937,1937,1937,low,[],low,pass,pass,pass,pass,True,c43204daa398ffdf139bd1d0ef24dc7e068587963d58fd020f3c54fc1e64d720,c3a9554c99a6ba0a70479952230c22f8490d02263281c2ca87c84be032f5545b,c3a9554c99a6ba0a70479952230c22f8490d02263281c2ca87c84be032f5545b,c3a9554c99a6ba0a70479952230c22f8490d02263281c2ca87c84be032f5545b
KR_293763f5a50c79c279,FAM_d162e89576368f2f,KR,,대법원,supreme,high,2007-04-13,2006다78640,medical_professional_liability,medical_professional_liability,[],[],confirmatory,KR_293763f5a50c79c279,False,[],7,ko,464,464,863,low,[],low,pass,pass,pass,pass,True,63dff184c8a2f6632eda185ff1646482f51c5146b4c00c16b91255bda4c595e2,f735128f54775b833de1ed985258236801402f9421cd83c85bf5bff698f4dea2,f735128f54775b833de1ed985258236801402f9421cd83c85bf5bff698f4dea2,d108c546b767ea4ba0e9e2900b745116b6a23e74143339ed2111df623cb2df96
KR_5beca7bd705b05bb94,FAM_e03c8dd67e56de2e,KR,,대법원,supreme,high,2007-09-07,2005다69540,medical_professional_liability,medical_professional_liability,[],[],confirmatory,KR_5beca7bd705b05bb94,False,[],6,ko,183,183,352,low,[],low,pass,pass,pass,pass,True,f91eb9bf2e0fde54c15d69989d644a74b65b90accd40938ed38778ee567f47db,fb00353e7c86ceac174f5b3a289faeecbde7a88fd9dfdbb5a2a257c2bdbdde81,fb00353e7c86ceac174f5b3a289faeecbde7a88fd9dfdbb5a2a257c2bdbdde81,c2ed07c5fa93a0d6cc7c48616715003051478db828f4e97e126310b5e0b4ce40
KR_f1f9176685f8c1c0db,FAM_d0aa09428e0f5d2d,KR,,대법원,supreme,high,2018-03-13,2017다267217,medical_professional_liability,medical_professional_liability,"[""comparative_fault""]","[""comparative_fault""]",confirmatory,KR_f1f9176685f8c1c0db,False,[],7,ko,590,590,1210,low,[],low,pass,pass,pass,pass,True,c2930f46c8493863abc3db197037d7a07d68a2921b5c4817e8872c56fe6c38bb,da9b55ed33391a98e99d14f8b420fbcaeb20621c43074885a7c0b2407716df42,da9b55ed33391a98e99d14f8b420fbcaeb20621c43074885a7c0b2407716df42,8899093921b55ac643b7fd4cddcbd4ebaa22882dce1f6d499739b1e8d48fba58
KR_1e296dbb0bcebaab8f,FAM_b878fcc5d2f83089,KR,,대법원,supreme,high,2016-12-15,2016다237264,medical_professional_liability,medical_professional_liability,"[""intentional_misconduct""]","[""intentional_misconduct""]",confirmatory,KR_1e296dbb0bcebaab8f,False,[],5,ko,530,530,1195,low,[],low,pass,pass,pass,pass,True,334e669290c08a9a3d243808b4881b6715c2cdb769ad769abdd755b982bbd200,bca5ab916733f29797d11b537cc5dc283e1725998a766b98b7b4f0a468cc8f3b,bca5ab916733f29797d11b537cc5dc283e1725998a766b98b7b4f0a468cc8f3b,75b2639b6b3d0232153cad83eb417d8b069609583772d34d6aab164de975de1f
KR_af61f4590681c75f54,FAM_74ced5fac5880b45,KR,,대법원,supreme,high,2010-09-30,"2008다58794,58800,58817",medical_professional_liability,medical_professional_liability,[],[],development,KR_af61f4590681c75f54,False,[],7,ko,625,625,990,low,[],low,pass,pass,pass,pass,True,e1a808e522254cc6070a0a34a53dc0ba07d5f46eb1bbccc28435c5cdd2c227b5,33ecc0da93cd25b2bf7e5305f36f1aa97b74fed3365f9a2c13a57487f3eae480,33ecc0da93cd25b2bf7e5305f36f1aa97b74fed3365f9a2c13a57487f3eae480,b5868cd90ce3b428f5da44686ac2308196c7028da39ccb7d583dd0ca3be7ba7a
KR_cabb12a8960b273308,FAM_9e1f2efd030b0a6f,KR,,대법원,supreme,high,2020-07-23,2016다271455,medical_professional_liability,medical_professional_liability,[],[],development,KR_cabb12a8960b273308,False,[],7,ko,816,816,1587,low,[],low,pass,pass,pass,pass,True,99c7dcdedf71a7a4d5f3a4582268a4d5bdbd74a77a34a8146bc2586cf8811efb,592c0ccf2d168b18258322fb53edf53bdf1b53525ae281ed2d95c1ecdca5d17d,592c0ccf2d168b18258322fb53edf53bdf1b53525ae281ed2d95c1ecdca5d17d,cba4e83315b298a04dd48b2250abc3aab9914111bdb7af735a701607ffe5eff1
KR_b7cbce3536a0f4f763,FAM_077473b0d02ff55e,KR,,대법원,supreme,high,2014-11-13,"2011다77313,77320",medical_professional_liability,medical_professional_liability,[],[],confirmatory,KR_b7cbce3536a0f4f763,False,[],7,ko,1486,1486,2797,low,[],low,pass,pass,pass,pass,True,c8a7730f3284f9af07a5ee25b7cba72f9369fdc9d1a8c3cf38c555a063d23b6c,6bf982c8cdd53f858c6ca82caeea9bc3ebb12d5318dfd7b26b752951b28d6a2c,6bf982c8cdd53f858c6ca82caeea9bc3ebb12d5318dfd7b26b752951b28d6a2c,6d410f919ad448b545f6d7268cae23e7ed1441a7f74c4351454e31279c72e4bb
KR_91bd2c03cf60df4426,FAM_1f5a022cebb945c6,KR,,대법원,supreme,high,2022-08-11,2022다202498,medical_professional_liability,medical_professional_liability,[],[],confirmatory,KR_91bd2c03cf60df4426,False,[],6,ko,1090,1090,2376,low,[],low,pass,pass,pass,pass,True,7f0634e3031cc0206283acb88ba0adac0ecd5a50295b33f612e0f857d73a47bc,37f4fd139bdcb5265aa157f2a2c21fbc589cedceb3f4c44ffccdd6e10ff41300,37f4fd139bdcb5265aa157f2a2c21fbc589cedceb3f4c44ffccdd6e10ff41300,5138e365239d9936a1a0b1aad89b8e1e9bac66d97fd0b35d56749e763dcef51b
KR_bca778095d79c8e711,FAM_13993fa8e948508a,KR,,대법원,supreme,high,2016-09-28,2016다213237,medical_professional_liability,medical_professional_liability,[],[],development,KR_bca778095d79c8e711,False,[],7,ko,1089,1089,2208,low,[],low,pass,pass,pass,pass,True,5a256ddeb9351405397810c7038c4f4be9cf654b47967b96d3ad780b131cfde9,e0c0b1a68945b53394498207b0b699c60adce8443e79af01436d7cd1ecfeca38,e0c0b1a68945b53394498207b0b699c60adce8443e79af01436d7cd1ecfeca38,27f966285c183eeee968fc923bd84917e917601ea1d27cbae3885f2639cc4ae0
KR_bb48d36e58640760a7,FAM_f3a22d91ff96676a,KR,,대법원,supreme,high,2006-03-10,2005다31361,product_liability,product_liability,[],[],confirmatory,KR_bb48d36e58640760a7,False,[],7,ko,589,589,1132,low,[],low,pass,pass,pass,pass,True,7c0422498819894363a5de99df9ccf777f744a070f546b37a9d07238330aa733,0441067aab07eacd3af261a94b7eb65fba70d2acc6e4c5d9db4d97b398149533,0441067aab07eacd3af261a94b7eb65fba70d2acc6e4c5d9db4d97b398149533,f6414469d50a2e1cafb61b3f1191a06a6955c408344814f0c332eec7cf80b862
KR_6e91996913ed443be6,FAM_32f4c91e658d604b,KR,,대법원,supreme,high,2015-03-26,2012다4824,product_liability,product_liability,"[""vicarious_liability"",""comparative_fault""]","[""vicarious_liability"",""comparative_fault""]",confirmatory,KR_6e91996913ed443be6,False,[],7,ko,808,808,1486,low,[],low,pass,pass,pass,pass,True,2130b247f838c7d7cf0b64f1e6807593bcca5cb64eb0d503bcf16301e5555bbd,b25b4edf1ff618fe3ae018c90b21d69fd4553eea953bc81ccf96d79ec449ccb2,b25b4edf1ff618fe3ae018c90b21d69fd4553eea953bc81ccf96d79ec449ccb2,3e90d1535570c79ef8271fa406c05c6a5f87bfbdc489780a56900d0dbbfcfced
KR_17f99b470b67dcf2bd,FAM_20b2db3ad77cadef,KR,,대법원,supreme,high,2014-04-10,2011다22092,product_liability,product_liability,"[""intentional_misconduct""]","[""intentional_misconduct""]",confirmatory,KR_17f99b470b67dcf2bd,False,[],6,ko,815,815,1974,low,[],low,pass,pass,pass,pass,True,bbfac8e574bfb02ec54c952895cf8def521cabb4f961232467688eca5adddd0d,94216473aa2362a291cbf46055f6e944f1774f2795e7eba803bd720eee51e186,94216473aa2362a291cbf46055f6e944f1774f2795e7eba803bd720eee51e186,5bda81e084030be8c7152e989b6176dca1136232f5263c24b2ac2e208a3405aa
KR_5b6e230014dd4d5663,FAM_20db9e5bfca341bc,KR,,대법원,supreme,high,2025-07-18,2020다263758,product_liability,product_liability,"[""wrongful_death""]","[""wrongful_death""]",development,KR_5b6e230014dd4d5663,False,[],7,ko,1174,1174,2455,low,[],low,pass,pass,pass,pass,True,b41279a57cfcb13845d91017edce86b5bed08d6dc0634e1f5ef589fb24a5b647,76a18433f0fd1eb52cec84259c8c8469b6e2b698f2eac7cd1e8a5a2362980ee0,76a18433f0fd1eb52cec84259c8c8469b6e2b698f2eac7cd1e8a5a2362980ee0,feda3a93e12920fcf31224d93009f7a6d3b8a398f204d46c09cbac7b30095e6a
KR_cc8813e6652ff8b3e4,FAM_9705e5dcd13c43f6,KR,,대법원,supreme,high,2011-10-27,2010다72045,product_liability,product_liability,[],[],confirmatory,KR_cc8813e6652ff8b3e4,False,[],6,ko,597,597,597,low,[],low,pass,pass,pass,pass,True,58b79ca0e68c3577e560c427ceb368d0b27f12424eca93ba5e63e5546e724684,ad6beb787b4071e2fd50c1d591de10a7dfe1f0dea36e5c8b70e48e93d8a6b0cc,ad6beb787b4071e2fd50c1d591de10a7dfe1f0dea36e5c8b70e48e93d8a6b0cc,ad6beb787b4071e2fd50c1d591de10a7dfe1f0dea36e5c8b70e48e93d8a6b0cc
KR_cda2f7ae1f9162201f,FAM_73bbefcd8414a1a8,KR,,대법원,supreme,high,2004-03-12,2003다16771,product_liability,product_liability,[],[],development,KR_cda2f7ae1f9162201f,False,[],7,ko,861,861,1696,low,[],low,pass,pass,pass,pass,True,cbc418730cb816dba5d3d0a51b870d7c1f8332f1b62aee466ed96c75469016de,ef51c02eda6ca71bef62f3d186a5913b1625ddcf15a92ea9ff739e3ec60c3636,ef51c02eda6ca71bef62f3d186a5913b1625ddcf15a92ea9ff739e3ec60c3636,1e8760bb2a268199ac38fdc2d33d4a7fd04e2ca9684a83564bf22f7ec9755cb1
KR_2fbbb928c434a8f95b,FAM_ba1063fc584ea03d,KR,,대법원,supreme,high,2019-01-17,2017다1448,product_liability,product_liability,[],[],confirmatory,KR_2fbbb928c434a8f95b,False,[],6,ko,992,992,1907,low,[],low,pass,pass,pass,pass,True,8a209d4a722237b9e0d62f4f5c103533533f4a2513ef532314642e3d66f41642,30932ee8ca0429007606ca55b5a4ff6f3a5d8f711a3262f81c729abf1903673e,30932ee8ca0429007606ca55b5a4ff6f3a5d8f711a3262f81c729abf1903673e,399be11adc4725d409e701b1c504c364f5e47cc627463e8c7fe1ad317edeb14a
KR_8272e1d4abaf8ec55f,FAM_c41392d70cbc20f3,KR,,대법원,supreme,high,2000-02-25,98다15934,product_liability,product_liability,[],[],confirmatory,KR_8272e1d4abaf8ec55f,False,[],7,ko,933,933,1964,low,[],low,pass,pass,pass,pass,True,669404e31b2a35f7332b5e7dc0ccfba565b638f222ef52ae38c9dee7f70e0571,fdf8f3ff498e9abcbf1a3a68c977ef37784482b5e4abc3ac58024e00dd286e2e,fdf8f3ff498e9abcbf1a3a68c977ef37784482b5e4abc3ac58024e00dd286e2e,fa7d99229a8c4b6578a952c850bf89340c5b3a3688466f7e9a1ea23754612a64
KR_bd9cba7b4f62c65d0a,FAM_e0e202744cc89374,KR,,대법원,supreme,high,2000-07-28,98다35525,product_liability,product_liability,[],[],confirmatory,KR_bd9cba7b4f62c65d0a,False,[],7,ko,3478,3478,3478,low,[],low,pass,pass,pass,pass,True,3c5b4cb8ff00652077745e8c9e4a4e125320aff89f67cf5b7d275216efd95389,2b0155639dde6073ed115e088c548b767f5953aacd1790d7a4a2c2c4a2b93481,2b0155639dde6073ed115e088c548b767f5953aacd1790d7a4a2c2c4a2b93481,2b0155639dde6073ed115e088c548b767f5953aacd1790d7a4a2c2c4a2b93481
KR_b8f7e4d96ca6d41527,FAM_2d185d7fa9d23211,KR,,대법원,supreme,high,2013-07-12,2006다17539,product_liability,product_liability,"[""wrongful_death""]","[""wrongful_death""]",confirmatory,KR_b8f7e4d96ca6d41527,False,[],7,ko,1566,1566,3143,low,[],low,pass,pass,pass,pass,True,b0f6ba54126342b6d92d6f5cd0d17c7f609b99c825a14ef3d37176f871a5f3ba,c5ca75538349c1480386f098c2df6baf9e1fcf003afa5a6ed953b3e064f434bd,c5ca75538349c1480386f098c2df6baf9e1fcf003afa5a6ed953b3e064f434bd,1670ccbe3f4f0e61c576ff48a306d66df0bea6894cb4a0fea8d7c7013dc41218
KR_4a417b3e4eb96c19c1,FAM_74a82a5add28e083,KR,,대법원,supreme,high,2014-02-13,2011다38417,product_liability,product_liability,[],[],confirmatory,KR_4a417b3e4eb96c19c1,False,[],7,ko,610,610,1265,low,[],low,pass,pass,pass,pass,True,1e91eecbafcc37c450301961087887cc42fb5ba30acf76fdf5494f3d25a20ba2,dd0a02d91bdf305431c74560d5a7fc1795022c0b4b711e47eaf5fbf1d7acd214,dd0a02d91bdf305431c74560d5a7fc1795022c0b4b711e47eaf5fbf1d7acd214,ab10131916c5e2363fa6c21e6248d2596bef57606bffb116965127271864baf2
KR_8954cbe1140427b3ef,FAM_a7410d71219039ef,KR,,대법원,supreme,high,2003-09-05,2002다17333,product_liability,product_liability,[],[],confirmatory,KR_8954cbe1140427b3ef,False,[],7,ko,849,849,1843,low,[],low,pass,pass,pass,pass,True,7916e310368f67cd5d547f1603e395b7f24683eed6fb61785622abc71afbb3ca,0c7a95cfb58b12f67cb3fb48746b1aebfd2a9d5aeedd19c3f4aca79fe9218295,0c7a95cfb58b12f67cb3fb48746b1aebfd2a9d5aeedd19c3f4aca79fe9218295,5e188a1c3b44d8c75f4a077d64d64702f9f2d730456015d9e10b723d70f542da
KR_2e57afc9436b5c385e,FAM_aca23bf3775bec69,KR,,대법원,supreme,high,2010-12-09,2010다67319,other_civil_liability,other_civil_liability,"[""wrongful_death""]","[""wrongful_death""]",confirmatory,KR_2e57afc9436b5c385e,False,[],7,ko,826,826,1544,low,[],low,pass,pass,pass,pass,True,908fdda822da11f91c863e23c3ea4d7990abb585959d2af409910b6559cf5151,6b2a99d89eefb2a7633dbcb94ee0dbeb0edbc684b85cbe13f1abe1375193ab27,6b2a99d89eefb2a7633dbcb94ee0dbeb0edbc684b85cbe13f1abe1375193ab27,49bf75f0f56aadad0fef01c68e39e31f1476e591251c3e7686192e3a1525fc95
KR_1db22dfee6cc310e77,FAM_13d2fd2f04681bdf,KR,,대법원,supreme,high,2008-07-24,2007다50663,other_civil_liability,other_civil_liability,"[""comparative_fault""]","[""comparative_fault""]",confirmatory,KR_1db22dfee6cc310e77,False,[],7,ko,1898,1898,1898,low,[],low,pass,pass,pass,pass,True,cdf879530705b326686f50b6b6329eb58c9506a51227b35c1980168d85ea0b0b,3392e18521918b40db31d54b704d2dad8eeb841534a88a68cb500fda6e9a93c7,3392e18521918b40db31d54b704d2dad8eeb841534a88a68cb500fda6e9a93c7,3392e18521918b40db31d54b704d2dad8eeb841534a88a68cb500fda6e9a93c7
KR_8a49a0389073fce149,FAM_d8e6a7ac96475346,KR,,대법원,supreme,high,2004-10-27,2004다7040,other_civil_liability,other_civil_liability,"[""intentional_misconduct""]","[""intentional_misconduct""]",confirmatory,KR_8a49a0389073fce149,False,[],6,ko,2448,2448,2448,low,[],low,pass,pass,pass,pass,True,c587c83f4320336105ac7ee9543c3df232b1fcf839ef92aa1cd1043191ddcca0,b1760a90dc6b6523b11f950c57346eb593508a80a824bfa008389eb80e693d03,b1760a90dc6b6523b11f950c57346eb593508a80a824bfa008389eb80e693d03,b1760a90dc6b6523b11f950c57346eb593508a80a824bfa008389eb80e693d03
KR_644078b169f572b0fe,FAM_b2a5af8c27108f34,KR,,대법원,supreme,high,2023-06-01,"2020다238639, 238646",other_civil_liability,other_civil_liability,[],[],confirmatory,KR_644078b169f572b0fe,False,[],6,ko,504,504,946,low,[],low,pass,pass,pass,pass,True,059dddef94e299f427e9fe85cbb12b58ffb277bd021e8723c524aae3eb6fb4ea,4a5aecc4c58662933c28696038ea4cf872b1776afdf69a2b46f28e5047ad12c3,4a5aecc4c58662933c28696038ea4cf872b1776afdf69a2b46f28e5047ad12c3,71695462470809d84d2e0e4664906838d3ed1373da788f77b3a9064eb753d221
KR_517073e205fb216efb,FAM_8800b96c6da4f29e,KR,,대법원,supreme,high,2009-07-23,2006다87798,other_civil_liability,other_civil_liability,[],[],development,KR_517073e205fb216efb,False,[],7,ko,746,746,1464,low,[],low,pass,pass,pass,pass,True,0b83ddeb75001fe90cecc3828781dd3ca5df111dc57ed3c8e9175b8194578b6f,15a50ae6c7cab7afceb50a772a41af7a3e1fe2a24a60c9e067fab41fb8d57218,15a50ae6c7cab7afceb50a772a41af7a3e1fe2a24a60c9e067fab41fb8d57218,43909c36e8e8f3c04d765feb1fb0b55b02c93de6a8ffb3d6e5233b0b00463e8e
US_5d2b0b2b4752431c53,FAM_2cdcf1bb66778115,US,Pennsylvania,Supreme Court of Pennsylvania,supreme,high,2006-12-28,911 A.2d 1264; 590 Pa. 46,general_negligence_personal_injury,general_negligence_personal_injury,"[""wrongful_death""]","[""wrongful_death""]",confirmatory,US_5d2b0b2b4752431c53,False,[],7,en,2919,1595,2919,low,[],low,pass,pass,pass,pass,True,874aa607caafca335ff2e311193387838d6ca44d8d335bae9e597728a847c601,b942cb091fdf4391af8e8fb2e58bb2882a7662543a9a75869e8d931a8fb9caf4,63c1f8cc8f8824f6487d53119355254cda00513f5b9a4e23af6304fb794070da,b942cb091fdf4391af8e8fb2e58bb2882a7662543a9a75869e8d931a8fb9caf4
US_3f0101285fcc76e2b1,FAM_92e0644cfa630556,US,Pennsylvania,Supreme Court of Pennsylvania,supreme,high,2004-02-20,842 A.2d 919; 577 Pa. 138,general_negligence_personal_injury,general_negligence_personal_injury,"[""negligent_supervision"",""comparative_fault"",""punitive_or_multiple_damages_salient""]","[""negligent_supervision"",""comparative_fault"",""punitive_or_multiple_damages_salient""]",confirmatory,US_3f0101285fcc76e2b1,False,[],7,en,1420,932,1420,low,[],low,pass,pass,pass,pass,True,cfbc1a591f6f9fd778b03b590e673ce742d997365b47c865f9e03103636524b2,f03e2da0c58174a6771a77bfaaa3940c79da5235a67173d345ff2d400ebcbfa5,7a81b6bc1646f958426dbb87c6217dddfb4b28520329fd52b5393fe747aeb15d,f03e2da0c58174a6771a77bfaaa3940c79da5235a67173d345ff2d400ebcbfa5
US_3a3052ef67238d90fa,FAM_7fa63aed93a25737,US,Pennsylvania,Supreme Court of Pennsylvania,supreme,high,2014-11-19,104 A.3d 1096; 629 Pa. 1,general_negligence_personal_injury,general_negligence_personal_injury,"[""respondeat_superior""]","[""respondeat_superior""]",confirmatory,US_3a3052ef67238d90fa,False,[],7,en,1018,621,1018,low,[],low,pass,pass,pass,pass,True,808651a0cbbc3f2a719951d7b62e5e2ea4cb3020d04159dae10d0e9bc9f07505,3065f7820e07432d4234f6556be3d430699748a4bc30f105918ffa9939a9d1ff,56a24361f888947a3660560d470e8ce6d8258f6b3a0b37b014ffa100cb789f7f,3065f7820e07432d4234f6556be3d430699748a4bc30f105918ffa9939a9d1ff
US_46a80b1c5e06a72d45,FAM_13ba5ae2d9575c6b,US,Pennsylvania,Supreme Court of Pennsylvania,supreme,high,2009-12-29,985 A.2d 840; 604 Pa. 50,general_negligence_personal_injury,general_negligence_personal_injury,[],[],confirmatory,US_46a80b1c5e06a72d45,False,[],7,en,864,551,864,low,[],low,pass,pass,pass,pass,True,f582b72635b3b293bce84332231ded148a3e3f6c139d6e6453b9859450d2e521,d5d8318cd908a115863a709d3a25e7e434a476c6d469bed3c4f59a98a79643ab,5bb7f218b05af633a8955c61ef3d372122830309cff5bb9f294a06cfe6b2969f,d5d8318cd908a115863a709d3a25e7e434a476c6d469bed3c4f59a98a79643ab
US_5905b849c15a6fb3d6,FAM_1684ec63d6934bdf,US,Pennsylvania,Supreme Court of Pennsylvania,supreme,high,2019-10-31,,general_negligence_personal_injury,general_negligence_personal_injury,"[""comparative_fault""]","[""comparative_fault""]",confirmatory,US_5905b849c15a6fb3d6,False,[],7,en,1061,705,1061,low,[],low,pass,pass,pass,pass,True,886f17837728b1be303ab6bd57441aeceaf710be1c23989b66df6b88fc808f60,b8585c74672b6be5850e2eb0d0ff8cfab5acbd36ab48caa1eab45f5da42a58d7,a1c79eb53f6af3bbbbaa9a8560cdf8454c90e5866b2221a5da1477d513ebc025,b8585c74672b6be5850e2eb0d0ff8cfab5acbd36ab48caa1eab45f5da42a58d7
US_0eaf2fe14baa5be05e,FAM_44ceecdf79a9ffdd,US,Pennsylvania,Supreme Court of Pennsylvania,supreme,high,2000-05-18,751 A.2d 1130; 561 Pa. 503,general_negligence_personal_injury,general_negligence_personal_injury,"[""vicarious_liability"",""wrongful_death""]","[""vicarious_liability"",""wrongful_death""]",confirmatory,US_0eaf2fe14baa5be05e,False,[],7,en,1785,992,1785,low,[],low,pass,pass,pass,pass,True,e628a00f2f6785c20a1461476b43321377355851b2b0bf254e3d48dc6c33003f,f25bd31fa65adc908e5fb9be4528533548ff05ac2829107a22e8c34d1ba21ebe,aaf5751be3dc2f1869a97d35c944f3b7c5c13a6fb42ac67c8252458e5f6c8918,f25bd31fa65adc908e5fb9be4528533548ff05ac2829107a22e8c34d1ba21ebe
US_89752cdd8fe08c1031,FAM_11e8058247368589,US,Pennsylvania,Supreme Court of Pennsylvania,supreme,high,2018-12-28,199 A.3d 348,general_negligence_personal_injury,general_negligence_personal_injury,"[""negligent_supervision"",""intentional_misconduct""]","[""negligent_supervision"",""intentional_misconduct""]",confirmatory,US_89752cdd8fe08c1031,False,[],7,en,1557,912,1557,low,[],low,pass,pass,pass,pass,True,c70fe732a71c71ca164f6d437212fc15d0be469b3ecc320cc2fa327db253a025,5a1bab893b6d361487a66ebb3fb089c1b4d41a41e57e4ecaea26cffe5db537ed,d759bbc32c95db9cd0ac1135349e80529a2d89a5161e4e271d890478b799e766,5a1bab893b6d361487a66ebb3fb089c1b4d41a41e57e4ecaea26cffe5db537ed
US_369a2f88efd4f55df4,FAM_7d215dbe5d0a78b9,US,Pennsylvania,Supreme Court of Pennsylvania,supreme,high,2019-10-31,,general_negligence_personal_injury,general_negligence_personal_injury,"[""comparative_fault""]","[""comparative_fault""]",development,US_369a2f88efd4f55df4,False,[],7,en,1482,1010,1482,low,[],low,pass,pass,pass,pass,True,1588886978611207465d4cec23ac646b1bc46079bc231806c53139252cc007fe,7b31b89ac4729de3a27a5f17bf8763f6891155f9054760601b8852c74466a0d6,0011fc5259a613e945ae5500236fd4492409d8d595b28016ffbb7e258fa0cefe,7b31b89ac4729de3a27a5f17bf8763f6891155f9054760601b8852c74466a0d6
US_8b84f7c77a2cc4823f,FAM_4ef1822767e08a03,US,Pennsylvania,Supreme Court of Pennsylvania,supreme,high,2005-03-22,870 A.2d 766; 582 Pa. 114,general_negligence_personal_injury,general_negligence_personal_injury,"[""negligent_supervision"",""intentional_misconduct"",""punitive_or_multiple_damages_salient""]","[""negligent_supervision"",""intentional_misconduct"",""punitive_or_multiple_damages_salient""]",confirmatory,US_8b84f7c77a2cc4823f,False,[],7,en,1235,753,1235,low,[],low,pass,pass,pass,pass,True,39460b432f663b92b130bced746be61c576a9b6e8804f14e31dd67431172837a,fc37bba4a6a00412b94828cf43ba9e26c2f58429cd0df3c4086ba02d65538e63,5b8c67c9c711d2526692a1c2b140e062cc75f486475b5678e5b42b9232fe59f1,fc37bba4a6a00412b94828cf43ba9e26c2f58429cd0df3c4086ba02d65538e63
US_cc8f60960ef40a7434,FAM_00724b8655fabcd6,US,Pennsylvania,Supreme Court of Pennsylvania,supreme,high,2000-01-20,744 A.2d 1276; 560 Pa. 373,general_negligence_personal_injury,general_negligence_personal_injury,[],[],development,US_cc8f60960ef40a7434,False,[],7,en,728,456,728,low,[],low,pass,pass,pass,pass,True,cec680d2be1c8f1d705f12dfa509cbbeb772e7705b34719a4f139b0c622b912e,b16788687aaccde9ea1af70cb1a20838cc40c52a93e6826bcefec22c32318e81,6eb833eb9fafa6f508a289641bce32b6ebc53f7347770cd0d815c0cdaa0a31a9,b16788687aaccde9ea1af70cb1a20838cc40c52a93e6826bcefec22c32318e81
US_8e816087051c99374d,FAM_a31b11fe4d08536d,US,Pennsylvania,Supreme Court of Pennsylvania,supreme,high,2017-06-20,161 A.3d 811; 639 Pa. 618,general_negligence_personal_injury,general_negligence_personal_injury,"[""negligent_supervision""]","[""negligent_supervision""]",confirmatory,US_8e816087051c99374d,False,[],7,en,3722,2216,3722,low,[],low,pass,pass,pass,pass,True,4dd16cfe6f0d68c065f4f870a472d31614efea3011e1a45c54d86392da597518,8e13590d9d1b5028348775c2588e0ad9318b4d21a86848362b78da68f55f4971,1c1e865518f24e953928ebfcd967ce4b00e2d4e2b2033462f5c2b190b8e51549,8e13590d9d1b5028348775c2588e0ad9318b4d21a86848362b78da68f55f4971
US_f6a3b4ef121a4e3b04,FAM_624fc3b1d5e48d90,US,Pennsylvania,Supreme Court of Pennsylvania,supreme,high,2001-11-30,785 A.2d 975; 567 Pa. 98,general_negligence_personal_injury,general_negligence_personal_injury,[],[],confirmatory,US_f6a3b4ef121a4e3b04,False,[],7,en,2043,1163,2043,low,[],low,pass,pass,pass,pass,True,da9702c8c3996ff46dd2cd3f29dfe1d5eca15867f5aebb0a368831092b8a27b8,7bfb6b1b693c1eb58311eae38706d9e5622cb204c5c3c3bb92a0d69fe3737a63,483010bdbd3e5a7800fb8c49dd72e4614fe55fc8f1fc4b13efa73bc40f13d9bb,7bfb6b1b693c1eb58311eae38706d9e5622cb204c5c3c3bb92a0d69fe3737a63
US_9cf64af04d2e95a72d,FAM_62e655ea6cecf7c0,US,Pennsylvania,Supreme Court of Pennsylvania,supreme,high,2009-12-29,987 A.2d 681; 605 Pa. 73,medical_professional_liability,medical_professional_liability,[],[],confirmatory,US_9cf64af04d2e95a72d,False,[],7,en,1642,991,1642,low,[],low,pass,pass,pass,pass,True,4d07c4200a7d73743c4b71779961308be23cdbc89178233956988d78a538137d,d85e2520d793a9e20aa4c41a3a73853f6d9a426c9f65f96a2cf6c723486664bc,1fae66d6bb8a119882df6f07dfb62dcdac0459cbf6f4c479ecfea916af1a3a54,d85e2520d793a9e20aa4c41a3a73853f6d9a426c9f65f96a2cf6c723486664bc
US_2ce3ed6c0e8a324589,FAM_1f496ceb80f76f66,US,Pennsylvania,Supreme Court of Pennsylvania,supreme,high,2014-02-07,87 A.3d 285; 624 Pa. 564,medical_professional_liability,medical_professional_liability,[],[],confirmatory,US_2ce3ed6c0e8a324589,False,[],7,en,3209,1813,3209,low,[],low,pass,pass,pass,pass,True,fc1a600ae4791ffa5b96551e7d80f7854f1ee0084d26fdefa0f5cdb97c5ee44c,b43d93d594ea7ba20ddec7a6909b680bc8eaf87f46093dee7c8fecd2a2a625bb,a349f49783e7828ad378e1a4a70aac8bcc81e7b977668c9be5a17566a188edbe,b43d93d594ea7ba20ddec7a6909b680bc8eaf87f46093dee7c8fecd2a2a625bb
US_77921eca4293bb5c27,FAM_51c4094a063762b7,US,Pennsylvania,Supreme Court of Pennsylvania,supreme,high,2003-12-31,839 A.2d 1038; 576 Pa. 546,medical_professional_liability,medical_professional_liability,[],[],confirmatory,US_77921eca4293bb5c27,False,[],7,en,1526,975,1526,low,[],low,pass,pass,pass,pass,True,ba797402c4dcc87cc8e93dd9b437f529d14fd9c1dbbc4b631b24ce972964d734,228c74e889ec5a64e636a4f995401541517dcfabd2ff35526e78bc7287a18192,d1d70be9283875ff2b4f47a4923fbc70bca6194450188824555902d2a98c4fb4,228c74e889ec5a64e636a4f995401541517dcfabd2ff35526e78bc7287a18192
US_38d924f1ad3609200a,FAM_62a890cecb80b6a0,US,Pennsylvania,Supreme Court of Pennsylvania,supreme,high,2002-05-31,797 A.2d 898; 568 Pa. 410,medical_professional_liability,medical_professional_liability,"[""respondeat_superior"",""wrongful_death""]","[""respondeat_superior"",""wrongful_death""]",confirmatory,US_38d924f1ad3609200a,False,[],7,en,1899,957,1899,low,[],low,pass,pass,pass,pass,True,8fb97c5c3a8a706e83f0efc705851b0e6b6f64e04785028cfbd0fc62d0767fc8,6079217216a3bc1e14c6ec791914d704a4bf5d36f492d778c98a352ae6452aa4,cac132c3aab982f9be4c11c89a31e2a4e7dadeffef0156d33e5c3f4b78f9b0e9,6079217216a3bc1e14c6ec791914d704a4bf5d36f492d778c98a352ae6452aa4
US_5e1df8e8cc45419467,FAM_6a34b36f01879e33,US,Pennsylvania,Supreme Court of Pennsylvania,supreme,high,2000-11-27,761 A.2d 1159; 563 Pa. 439,medical_professional_liability,medical_professional_liability,"[""wrongful_death""]","[""wrongful_death""]",confirmatory,US_5e1df8e8cc45419467,False,[],7,en,1645,905,1645,low,[],low,pass,pass,pass,pass,True,5ca5b5e9902b5eb4690f263881787ca01c4e9785106d812b2354c61f67c3e6de,bdfb7417ba0acdb695a826cd8ff8aa453f1028de7738577621cce66a007aa82e,e8c7c06d9d5810c3c4e1f6f263c0c08181531ef8db92b72ea59744f23ecc0c6d,bdfb7417ba0acdb695a826cd8ff8aa453f1028de7738577621cce66a007aa82e
US_63ffb974f8488a5664,FAM_56ebcdb98aef4e17,US,Pennsylvania,Supreme Court of Pennsylvania,supreme,high,2004-04-29,848 A.2d 113; 577 Pa. 598,medical_professional_liability,medical_professional_liability,"[""punitive_or_multiple_damages_salient""]","[""punitive_or_multiple_damages_salient""]",confirmatory,US_63ffb974f8488a5664,False,[],7,en,2109,1226,2109,low,[],low,pass,pass,pass,pass,True,3dec1cbc74ebb6baf11efe9c65fe904f0cdcf6b25270492f99641289d65dd4d5,20d37ddffd62549c5d04c47bcd81675ed3cda7a9a14a45360958914e9db8958e,61b623e4513bf685c5e0cf6cf33c86d336d7840cfd7802db60472445973f6f88,20d37ddffd62549c5d04c47bcd81675ed3cda7a9a14a45360958914e9db8958e
US_fa07baffd06e422309,FAM_8aa63a83595c9cc2,US,Pennsylvania,Supreme Court of Pennsylvania,supreme,high,2019-06-18,,medical_professional_liability,medical_professional_liability,[],[],development,US_fa07baffd06e422309,False,[],7,en,1798,889,1798,low,[],low,pass,pass,pass,pass,True,50ab54a56758f4d1d6a484a8017e6ec9cb3328e0cb88236e288ca9865da8a0be,332dece6bbdf822f1048b6a190b4fb03a670ce6bec456b2b3c0b37e5729e13df,79e118d653befac3435e146db3b3ddd5e0f45b50470febcf31cc899a7718f08a,332dece6bbdf822f1048b6a190b4fb03a670ce6bec456b2b3c0b37e5729e13df
US_67cc0f02a85dfe7f69,FAM_3a4d85b8aa55e8f3,US,Pennsylvania,Supreme Court of Pennsylvania,supreme,high,2023-07-28,,medical_professional_liability,medical_professional_liability,"[""vicarious_liability"",""respondeat_superior""]","[""vicarious_liability"",""respondeat_superior""]",development,US_67cc0f02a85dfe7f69,False,[],7,en,1045,710,1045,low,[],low,pass,pass,pass,pass,True,25ef587b8634890c96bf23692981b82ac7369f97d28f988501d1654d620f42f2,32729319fd1c6e6e522332c84da46ccbd223e87f13064e31dab9a5674ab4b04c,dad3b9e2262e2b5a93a6f41b442202ed30b236069a0aa868d0dccee661ca8d8d,32729319fd1c6e6e522332c84da46ccbd223e87f13064e31dab9a5674ab4b04c
US_b362543043cab0106c,FAM_9989fc56264107c3,US,Pennsylvania,Supreme Court of Pennsylvania,supreme,high,2014-12-15,106 A.3d 48; 630 Pa. 79,medical_professional_liability,medical_professional_liability,"[""comparative_fault"",""punitive_or_multiple_damages_salient""]","[""comparative_fault"",""punitive_or_multiple_damages_salient""]",confirmatory,US_b362543043cab0106c,False,[],7,en,4164,2458,4164,low,[],low,pass,pass,pass,pass,True,e8f09de4c64f4c26c74d78cbe6e62a6a7a37021346e43f24eafb6c20ec3d274f,510c56c9c226d60e16ead439c6c230214cc9c50d93987ad034a5aa226520e3c2,9e3b64ae45807009a131767dea13ec3a7d19f1040f1af5810577017caf3a83a4,510c56c9c226d60e16ead439c6c230214cc9c50d93987ad034a5aa226520e3c2
US_cd09a42ab8bc802821,FAM_26bf4a2a13fee73d,US,Pennsylvania,Supreme Court of Pennsylvania,supreme,high,2020-07-21,,medical_professional_liability,medical_professional_liability,"[""wrongful_death""]","[""wrongful_death""]",confirmatory,US_cd09a42ab8bc802821,False,[],7,en,2392,1248,2392,low,[],low,pass,pass,pass,pass,True,c7f5b7692406b9464bb14b1816364d6e1147b1194f7d3b25b9a3db5b649cfdb2,37d47100c68b26c5126530cce8ae7b580efa515c341220c42108354e80eaf589,c806e938fd6e3305d8bb5b11b73f16ba07134c1013f2607b5e721c6d8b42e17d,37d47100c68b26c5126530cce8ae7b580efa515c341220c42108354e80eaf589
US_47210f2421779c756f,FAM_7c1f6ce65b9cf7df,US,Pennsylvania,Supreme Court of Pennsylvania,supreme,high,2009-06-15,971 A.2d 1202; 601 Pa. 233,medical_professional_liability,medical_professional_liability,[],[],confirmatory,US_47210f2421779c756f,False,[],7,en,1047,570,1047,low,[],low,pass,pass,pass,pass,True,25f17cdaf476803218e1be340acc9dda1430612c554b14bc4f6f2dc43652d635,dcd9f1e00b0d063a84c50e14d690feca3aec7d0e43d650b203b67aad560d7373,ab69db02eb845533921104cfe1e20fd62d7bf0e64cc658e156276e0242c818b8,dcd9f1e00b0d063a84c50e14d690feca3aec7d0e43d650b203b67aad560d7373
US_2b3ba71069d1e5eab9,FAM_9df681ebb545ae79,US,Pennsylvania,Supreme Court of Pennsylvania,supreme,high,2018-10-17,195 A.3d 197,medical_professional_liability,medical_professional_liability,[],[],confirmatory,US_2b3ba71069d1e5eab9,False,[],7,en,2463,1302,2463,low,[],low,pass,pass,pass,pass,True,5e1b6d47166b039e5406ffb50d312b708fc38f740cd4682e64ad5c8f329b653b,b0cf6732bf67aac7e427a0563d82d494e611f614ec98eaffcafd364f0fa992ae,8bee25aa08e05784c7f9f06a7899f8dc22d8725d856bfdf465f1a0dbde85e6e2,b0cf6732bf67aac7e427a0563d82d494e611f614ec98eaffcafd364f0fa992ae
US_57290d297c1a43a6d4,FAM_4dbfac8e4b473363,US,Pennsylvania,Supreme Court of Pennsylvania,supreme,high,2011-04-04,15 A.3d 479; 609 Pa. 353,medical_professional_liability,medical_professional_liability,"[""vicarious_liability""]","[""vicarious_liability""]",confirmatory,US_57290d297c1a43a6d4,False,[],7,en,4437,2523,4437,low,[],low,pass,pass,pass,pass,True,6ad935523e19ee111789aef849a08315771667210443b7e4fa252d9f95f99662,cb85380234635b75d5c377180a9e1ad19ff5c404e037db35e80966e0459cc73e,f2f104c76e7314a2f8cd81e58cf1ff14ecb36d93342eac6d2da367da9705d7c2,cb85380234635b75d5c377180a9e1ad19ff5c404e037db35e80966e0459cc73e
US_acb942a605c65e06f0,FAM_5aaf413e43000e79,US,Pennsylvania,Supreme Court of Pennsylvania,supreme,high,2023-07-19,,other_civil_liability,other_civil_liability,"[""intentional_misconduct"",""punitive_or_multiple_damages_salient""]","[""intentional_misconduct"",""punitive_or_multiple_damages_salient""]",confirmatory,US_acb942a605c65e06f0,False,[],7,en,3207,2033,3207,low,[],low,pass,pass,pass,pass,True,8f7d19c87919d11d82ac89e804ebd2d2e0820f1a21b73cb28faa1b0be13bd49a,d3be6c2fdfb660229e6f60845a3305a91ad12a787998441901f0098006d53e88,94b8f5cfb393bc2334904be964cce87298b8142b7cbebd37c7b3a15add79e186,d3be6c2fdfb660229e6f60845a3305a91ad12a787998441901f0098006d53e88
US_6e94c6d394acfdcdc7,FAM_52cc0a2a936b3d3c,US,Pennsylvania,Supreme Court of Pennsylvania,supreme,high,2007-07-18,928 A.2d 186; 593 Pa. 20,other_civil_liability,other_civil_liability,"[""punitive_or_multiple_damages_salient""]","[""punitive_or_multiple_damages_salient""]",confirmatory,US_6e94c6d394acfdcdc7,False,[],7,en,1982,1195,1982,low,[],low,pass,pass,pass,pass,True,4733273db8138194136fed3f0ca5ce258448bc2a6b6c81838a29b1e6f17a86e6,4d99facac75131b081c1c07a7be4017499b9e96453b9b3eb09467e28561a3741,ca60848e1bd4d95748628c5ea547a2ac671c64c0f1544880d72d61b69fc9a38c,4d99facac75131b081c1c07a7be4017499b9e96453b9b3eb09467e28561a3741
US_78f2e4c0127c877a51,FAM_1bdce1476429d387,US,Michigan,Michigan Supreme Court,supreme,high,2010-06-18,785 N.W.2d 1; 486 Mich. 228,general_negligence_personal_injury,general_negligence_personal_injury,"[""wrongful_death"",""comparative_fault""]","[""wrongful_death"",""comparative_fault""]",development,US_78f2e4c0127c877a51,False,[],7,en,778,471,778,low,[],low,pass,pass,pass,pass,True,b48b43181f7e90f8509ea25d109bf011d06f2f0a72e9565fd510bc42225b1952,049be3243a4a8f2959d67056c7d3f1036233c7b49e9a63f5c820b4662de76825,23f726d873d194d5013fc78ea74932a3173ed52d78944a1d0c797d74ced538a5,049be3243a4a8f2959d67056c7d3f1036233c7b49e9a63f5c820b4662de76825
US_5e6f9cfe4d6f03fb7f,FAM_8bded1dd4aeaccf3,US,Michigan,Michigan Supreme Court,supreme,high,2000-07-26,615 N.W.2d 17; 463 Mich. 1,general_negligence_personal_injury,general_negligence_personal_injury,[],[],confirmatory,US_5e6f9cfe4d6f03fb7f,False,[],7,en,1229,670,1229,low,[],low,pass,pass,pass,pass,True,fc85820822a6eee935f05905d23c61e98dd8914022c3aedc04456cb93ee9be3d,e41a59103c434d99aaa8d9b18205b688bba85c78da5a4519de173415b119a586,dc3e69d6be580412face58198f1e3d7b508ee4601811c4a5eb6b54ba75777827,e41a59103c434d99aaa8d9b18205b688bba85c78da5a4519de173415b119a586
US_00f7c6571f18d3c66e,FAM_23aacf1b86c720b8,US,Michigan,Michigan Supreme Court,supreme,high,2012-08-20,492 Mich. 730,general_negligence_personal_injury,general_negligence_personal_injury,[],[],confirmatory,US_00f7c6571f18d3c66e,False,[],7,en,1782,1092,1782,low,[],low,pass,pass,pass,pass,True,9d8981a6b15167b625f71708258ebdb569e81085a9a86943bafdbc545a0fbac6,7fa868de2d09ead2decae30dd62adfcb2623eead60a61deb69cb616a5552bffa,beb2e362f4bd3b32b996abe051475537d00e1a55ad25f8a3c9437aed602c0e15,7fa868de2d09ead2decae30dd62adfcb2623eead60a61deb69cb616a5552bffa
US_f42baf15f4f65533de,FAM_c125485f7f110d15,US,Michigan,Michigan Supreme Court,supreme,high,2010-01-05,783 N.W.2d 124,general_negligence_personal_injury,general_negligence_personal_injury,[],[],confirmatory,US_f42baf15f4f65533de,False,[],7,en,1036,689,1036,low,[],low,pass,pass,pass,pass,True,8c6d67594898c46ef659fa60354fa3bfc5b55cfcbb81e33efe74538997ee6dda,789c6653b6224445b83207246b0b51af745958d254a19b34dab2c6446c68346f,13efb217c520d645c9528e959305951d6f7650d37dcecb64d32f57c25f997903,789c6653b6224445b83207246b0b51af745958d254a19b34dab2c6446c68346f
US_157a99d9bc34ad07c0,FAM_c1920e20f8735f5d,US,Michigan,Michigan Supreme Court,supreme,high,2000-07-28,615 N.W.2d 702; 463 Mich. 143,general_negligence_personal_injury,general_negligence_personal_injury,[],[],confirmatory,US_157a99d9bc34ad07c0,False,[],7,en,1886,1048,1886,low,[],low,pass,pass,pass,pass,True,975405de34cdf2d9f2757e81966d7045146866b7230c15bfa26565a9c23d5d60,5c0053f4763614bcfc319195da64be820e242362d7bbb25e6e9e104cfc5c764d,06527b3bc0b1b5d798229b5f7f187acd4c6f72171f73656699438f3936018d27,5c0053f4763614bcfc319195da64be820e242362d7bbb25e6e9e104cfc5c764d
US_9c0d0f392a9c3505c1,FAM_231d88cb8212ab4d,US,Michigan,Michigan Supreme Court,supreme,high,2000-09-19,614 N.W.2d 88; 462 Mich. 591,general_negligence_personal_injury,general_negligence_personal_injury,"[""premises_liability""]","[""premises_liability""]",confirmatory,US_9c0d0f392a9c3505c1,False,[],7,en,843,602,843,low,[],low,pass,pass,pass,pass,True,5419a6edbde4fc00fae01d607429a58ee589ad3c1fe26ba410f51c9228c2b931,de0417d8c3749af23adb4b439b712a379c3dab23ec3034b743e851474d30b6e1,0080644167db1264ace2041ca02db191bb47233e0911c3452a414721500099ed,de0417d8c3749af23adb4b439b712a379c3dab23ec3034b743e851474d30b6e1
US_2dc42d5d55548348de,FAM_7ca7eab46aebf1de,US,Michigan,Michigan Supreme Court,supreme,high,2023-07-28,,general_negligence_personal_injury,general_negligence_personal_injury,"[""premises_liability"",""comparative_fault""]","[""premises_liability"",""comparative_fault""]",development,US_2dc42d5d55548348de,False,[],7,en,990,560,990,low,[],low,pass,pass,pass,pass,True,99a025fdd72e8f52e346ce93dca4cc73753e187a8d12cd1d328a44db283d6ef6,57d0043db5a2072f104ce356891a660e56de0f4989a0843a73c8e49b29ac9c09,7bd9b0dbb9819377dafbed08c592a196a1d0c94e5ff3f021183ba7ab97c64625,57d0043db5a2072f104ce356891a660e56de0f4989a0843a73c8e49b29ac9c09
US_624564663f55368864,FAM_b8a309efc9609568,US,Michigan,Michigan Supreme Court,supreme,high,2007-05-02,731 N.W.2d 29; 477 Mich. 280,medical_professional_liability,medical_professional_liability,"[""vicarious_liability""]","[""vicarious_liability""]",confirmatory,US_624564663f55368864,False,[],7,en,1537,942,1537,low,[],low,pass,pass,pass,pass,True,5d5164301d608c31bce8721a409415a6b06cec29897d4e89228d38417606bd97,8b680f7607d8247816bb6e2c385ea9f570a0f5eb3736f003b3fa75aeaab1251e,4f8962314ba7d173f27665b8621675b1992085368655609de12b95626a394b82,8b680f7607d8247816bb6e2c385ea9f570a0f5eb3736f003b3fa75aeaab1251e
US_c494ba6285904ce918,FAM_4a2bcaf6eda4df8d,US,Michigan,Michigan Supreme Court,supreme,high,2011-07-11,489 Mich. 355,medical_professional_liability,medical_professional_liability,"[""wrongful_death""]","[""wrongful_death""]",confirmatory,US_c494ba6285904ce918,False,[],7,en,1907,1085,1907,low,[],low,pass,pass,pass,pass,True,4e28b688bef41b42be0067eb70c850efba75169553e46e64e05922509e30cdb7,240ecc08d60d620045ca1e51389cc9fa596ca57ec04414f0a76e7a44ca3c12e8,053ffaa347f2453520769b3f312066513a16a80a6b2f92866d79f38b02d5a32d,240ecc08d60d620045ca1e51389cc9fa596ca57ec04414f0a76e7a44ca3c12e8
US_7cae584411e6f22f4b,FAM_63daa57cb598869a,US,Michigan,Michigan Supreme Court,supreme,high,2004-07-23,,medical_professional_liability,medical_professional_liability,"[""vicarious_liability""]","[""vicarious_liability""]",confirmatory,US_7cae584411e6f22f4b,False,[],7,en,1977,1189,1977,low,[],low,pass,pass,pass,pass,True,a563b214dedf76572b6efd4c22a9cb404cb3a08946437d4df062f6efd118ac90,32679704919762e3318251eb0cebd9b07d6f38efa0db48d8ecb70334ee24f8bd,ba8cb078b3a741fcab26ee42c517e30a542d887ceeb8efb45014ca3f26827987,32679704919762e3318251eb0cebd9b07d6f38efa0db48d8ecb70334ee24f8bd
US_0abf417417190c2e89,FAM_6f7168534c910f14,US,Michigan,Michigan Supreme Court,supreme,high,2018-02-07,,medical_professional_liability,medical_professional_liability,[],[],confirmatory,US_0abf417417190c2e89,False,[],7,en,393,246,393,low,[],low,pass,pass,pass,pass,True,474444bad546363b430dbfa5003ca89258998363d2966833c9c945813e4e2b5c,75149d45c456ca479f02bc44c2862035590d79d6a9fcc04641f3da44b436967e,978fb4aaa63d02a55fb0f52b1a06bd973b609360d36db570360e862f95963a36,75149d45c456ca479f02bc44c2862035590d79d6a9fcc04641f3da44b436967e
US_861576769645010c57,FAM_1c60ea25605a81de,US,Michigan,Michigan Supreme Court,supreme,high,2006-07-31,,medical_professional_liability,medical_professional_liability,[],[],confirmatory,US_861576769645010c57,False,[],7,en,2226,1220,2226,low,[],low,pass,pass,pass,pass,True,98d6ab43f6bc40e8c3c6417f8fdfe22bae0f30567fc0e6390e57c6285403251c,a16ce176993974bc9fd92dbbab41c9e6acd7e4be93dabce33a3e3f0c5ed0f16e,c9eec395b7d687bed9bb56a844e287ac1d4c491f6448e81ceb401285649b933e,a16ce176993974bc9fd92dbbab41c9e6acd7e4be93dabce33a3e3f0c5ed0f16e
US_9cac14d9a55b155cd4,FAM_a00be724f84549a3,US,Michigan,Michigan Supreme Court,supreme,high,2004-07-23,684 N.W.2d 296; 471 Mich. 67,medical_professional_liability,medical_professional_liability,"[""vicarious_liability""]","[""vicarious_liability""]",development,US_9cac14d9a55b155cd4,False,[],7,en,5321,3142,5321,low,[],low,pass,pass,pass,pass,True,35c4823971e8bc12dc5908069916397e416bab778f9db5e9c713c367bba42170,958814df230854cdf0df687222781330fec11448c9e235cb85bfd0f4b8747df9,f68c3744bdda16618971c092598ad7dbd1c9891c6563c99877cdc6df06c2bec8,958814df230854cdf0df687222781330fec11448c9e235cb85bfd0f4b8747df9
US_b473e7585c6e5638dd,FAM_dd7de666997dd1c6,US,Michigan,Michigan Supreme Court,supreme,high,2017-12-06,918 N.W.2d 645; 502 Mich. 509,medical_professional_liability,medical_professional_liability,"[""vicarious_liability"",""premises_liability""]","[""vicarious_liability"",""premises_liability""]",confirmatory,US_b473e7585c6e5638dd,False,[],7,en,1268,852,1268,low,[],low,pass,pass,pass,pass,True,dedf5d0218bdeef401e8bb2bcf9108091139187a89c80da62310ac43d23800b9,1a821b7ce1c15810e8a6038b0cdfdf38502054f9329ca416d0d34dcb22617bf6,4a7db602e39504b714acd5e81b12803b4a38cfb439ccb7b739b358f073984727,1a821b7ce1c15810e8a6038b0cdfdf38502054f9329ca416d0d34dcb22617bf6
US_0cdf24e76568435f05,FAM_d860879612c79aaf,US,Michigan,Michigan Supreme Court,supreme,high,2006-07-31,476 Mich. 545,medical_professional_liability,medical_professional_liability,[],[],confirmatory,US_0cdf24e76568435f05,False,[],7,en,902,454,902,low,[],low,pass,pass,pass,pass,True,2ad6592d68bfbb671cdab06e898f78df58538b10c235aaa8ba53f2ff53d394c0,bd2a5efe06d29f37cce6a2763f3b5f83fe74928b1121481264aefc679f1f8dda,483f299123f7155bb31b81609545bf43f0b01e53ded910564e45ebd1267fece4,bd2a5efe06d29f37cce6a2763f3b5f83fe74928b1121481264aefc679f1f8dda
US_6dff55c6853f31d0a6,FAM_02a2c1162c8c9e2d,US,Michigan,Michigan Supreme Court,supreme,high,2022-07-07,,medical_professional_liability,medical_professional_liability,[],[],confirmatory,US_6dff55c6853f31d0a6,False,[],7,en,2320,1407,2320,low,[],low,pass,pass,pass,pass,True,b5d537147f816a9ab8a8699d254f8127f380fbfc0f4288310d077f3d64daa016,a5a58dec1ad504576b3b8b494467ddfddc2904c58d16f6820931c3312a8f68c9,b2c5ee7ec5a2d33d8b212d1326a40547d933d4bb5d4860913004b1c9776efd30,a5a58dec1ad504576b3b8b494467ddfddc2904c58d16f6820931c3312a8f68c9
US_f72de5a85fdd45cf64,FAM_2c84f95607c4d9a8,US,Michigan,Michigan Supreme Court,supreme,high,2008-07-02,751 N.W.2d 44; 481 Mich. 558,medical_professional_liability,medical_professional_liability,[],[],confirmatory,US_f72de5a85fdd45cf64,False,[],7,en,656,351,656,low,[],low,pass,pass,pass,pass,True,99d2d24b3c27af5542216d4726c8d7607cf8d27dbf7eb8f5b785c84837a47f0c,75c52ba4176ce10d0c4c1e8fa384dd171f6a6d8fb810f5b6d53e019c3d54889b,28131d5da4da61626f7a7a771f8a8fd8448837ccb29ad224b478effee1f30657,75c52ba4176ce10d0c4c1e8fa384dd171f6a6d8fb810f5b6d53e019c3d54889b
US_36fd5aae9fa72a7fbb,FAM_8416425556fd088e,US,Michigan,Michigan Supreme Court,supreme,high,2004-04-14,677 N.W.2d 813; 469 Mich. 642,medical_professional_liability,medical_professional_liability,"[""wrongful_death""]","[""wrongful_death""]",development,US_36fd5aae9fa72a7fbb,False,[],7,en,1206,753,1206,low,[],low,pass,pass,pass,pass,True,f13d36e0025f1ac06225cd9d6ab70588a476d392a8b0d838b605d6603a4e2b56,62f56d182a5b365d57a29be1852560885377be03270c34d2b15d979e10c9243b,2cfcb01379f6a07ccc66fb0ce7ae7950cbf9fb6ae2e88fbac30c35b07b4c2f08,62f56d182a5b365d57a29be1852560885377be03270c34d2b15d979e10c9243b
US_71162df598a424d867,FAM_3abe5261ce4947d2,US,Michigan,Michigan Supreme Court,supreme,high,2008-06-11,750 N.W.2d 121; 481 Mich. 169,medical_professional_liability,medical_professional_liability,"[""vicarious_liability""]","[""vicarious_liability""]",confirmatory,US_71162df598a424d867,False,[],7,en,970,535,970,low,[],low,pass,pass,pass,pass,True,e3c5025190324869014183abd818e905524050f8b7d6bf00fe586d61a5f459a2,b873bbee97c733854624bf30d34de053a84e774a41cedd90f5c2ecd0f0713df3,f8172089dab81de778a194494b46be301b9dca893169b6959a9abdbe81f7e57a,b873bbee97c733854624bf30d34de053a84e774a41cedd90f5c2ecd0f0713df3
US_02bde060086590cc77,FAM_2dfca7552d90e9a9,US,Michigan,Michigan Supreme Court,supreme,high,2021-07-30,,medical_professional_liability,medical_professional_liability,[],[],confirmatory,US_02bde060086590cc77,False,[],7,en,1608,942,1608,low,[],low,pass,pass,pass,pass,True,3fb2acde6e2a1bd6b7ef659c7937d4200ced3e84102976fd56f58cd8a75b25f0,be5e36a83fdeffafae1595b708c47fed7f16869221ebcd799b48a170f06b0d99,6acdec2f849680a7d0bb163c962c56abae111a6d25b668ccf6abb9807e948d95,be5e36a83fdeffafae1595b708c47fed7f16869221ebcd799b48a170f06b0d99
US_9652590cf5c0086fbf,FAM_63d2ae64e78bd537,US,Michigan,Michigan Supreme Court,supreme,high,2009-04-24,763 N.W.2d 919; 483 Mich. 965,medical_professional_liability,medical_professional_liability,"[""wrongful_death""]","[""wrongful_death""]",confirmatory,US_9652590cf5c0086fbf,False,[],7,en,622,385,622,low,[],low,pass,pass,pass,pass,True,9426ea99ff6c1540fa7cd7353cec2a47a905483795bdd18d41079cdbe3c3023e,8b0c93fd354bf815c37efcaa0e6b77782359309e12b18ce1b4c45c5343ad0396,fcdfcabfb7441f8dfd8c78480a7c283bcc69afc51ba4d5a387289f614782884e,8b0c93fd354bf815c37efcaa0e6b77782359309e12b18ce1b4c45c5343ad0396
US_f360178db4c0409aa2,FAM_4390a16a35c89e90,US,Michigan,Michigan Supreme Court,supreme,high,2011-08-01,490 Mich. 239,medical_professional_liability,medical_professional_liability,"[""vicarious_liability"",""respondeat_superior"",""wrongful_death""]","[""vicarious_liability"",""respondeat_superior"",""wrongful_death""]",confirmatory,US_f360178db4c0409aa2,False,[],7,en,1661,1032,1661,low,[],low,pass,pass,pass,pass,True,b8b4790cde1bfd7ec319d1d07f2b04daf493c04e6a0abf34fb70c9eea6f08834,c428901403363845aa1329dd6dbcd9a131e726f680cb5886e29b9eb95e0ab94d,2e9521bf4d006f60e279189f6d15405cd3a495c01a2dadbaced680b85aa2b9f0,c428901403363845aa1329dd6dbcd9a131e726f680cb5886e29b9eb95e0ab94d
US_6d3421be0f42fb2f6b,FAM_dad6af3dcb32226b,US,Michigan,Michigan Supreme Court,supreme,high,2006-07-19,475 Mich. 502,product_liability,product_liability,[],[],confirmatory,US_6d3421be0f42fb2f6b,False,[],7,en,3100,1688,3100,low,[],low,pass,pass,pass,pass,True,201bae34878d10712ace097e713f2e62ebf6a84cc8c70e71f5b44a2a600c0c73,e44a65fcc177c9b654bf847a5fe19d1d6d72c6c10e422a7728172a83f63d9605,779eb14bedd800293100727b4ac1a244c40aaa2b4df2a4427523fe128518a779,e44a65fcc177c9b654bf847a5fe19d1d6d72c6c10e422a7728172a83f63d9605
US_545cf69d7c7286aae7,FAM_d5f8b54b4fd91df2,US,Michigan,Michigan Supreme Court,supreme,high,2000-04-25,610 N.W.2d 900; 461 Mich. 703,product_liability,product_liability,[],[],confirmatory,US_545cf69d7c7286aae7,False,[],7,en,2008,1087,2008,low,[],low,pass,pass,pass,pass,True,c3a62ec39701a9845706d04b1533e065dc20883f23fef3b20f44650759810b41,64ff55361d224f2c5e3a51c2b5f04990f7f98c13c1e05be4190804ed3ceb3e0f,311df5b304cda2666c24174c573501be453483e2e8563454e56ca5aa048d02ef,64ff55361d224f2c5e3a51c2b5f04990f7f98c13c1e05be4190804ed3ceb3e0f
US_a072ff18b300a13dfd,FAM_48442cfdda74503f,US,Louisiana,Supreme Court of Louisiana,supreme,high,2010-02-12,27 So. 3d 280,general_negligence_personal_injury,general_negligence_personal_injury,[],[],confirmatory,US_a072ff18b300a13dfd,False,[],7,en,1674,1011,1674,low,[],low,pass,pass,pass,pass,True,d16c81095243809d7f3f0c67d562a0cb313e1cefbc45e81b07d0a047a233c150,00572ce623fa78a0aed3619d958eeb9cc8606e080a08c2c347739db79a8df833,0339708698d64204f12b2d6f2e325f81a011f3ac3af0c4525ab5e22a0352ed9c,00572ce623fa78a0aed3619d958eeb9cc8606e080a08c2c347739db79a8df833
US_6e861d05305c993ccb,FAM_683c0be61fbaa9f3,US,Louisiana,Supreme Court of Louisiana,supreme,high,2012-03-13,85 So. 3d 669,general_negligence_personal_injury,general_negligence_personal_injury,"[""respondeat_superior"",""wrongful_death""]","[""respondeat_superior"",""wrongful_death""]",confirmatory,US_6e861d05305c993ccb,False,[],7,en,2009,1230,2009,low,[],low,pass,pass,pass,pass,True,7132335a450bf7f6b8fac038c2d5f7c84b8f27e0106da0e464bfbfddac877777,76809999761f67042bd941521c2a6fab35e588702577e0bf251bc294947daf61,637ff000671dcac828624135a649ae52342fcd50765bd984e57a899687103d32,76809999761f67042bd941521c2a6fab35e588702577e0bf251bc294947daf61
US_39be177337afd8d1be,FAM_0e0fb8f5ca108181,US,Louisiana,Supreme Court of Louisiana,supreme,high,2004-11-19,888 So. 2d 768,general_negligence_personal_injury,general_negligence_personal_injury,[],[],confirmatory,US_39be177337afd8d1be,False,[],7,en,2471,1525,2471,low,[],low,pass,pass,pass,pass,True,e59428e6d58c59f15c12d887136854f2485f5a62d1879feaddad3bc58683dfc2,b6a55f84d6fc6c14fa6ba8d991b256ac055ee5469c534209849890ee78317c5b,180412e2c58efadbf9546784691e38cb2c37fde326aed94833c5e23467b2332e,b6a55f84d6fc6c14fa6ba8d991b256ac055ee5469c534209849890ee78317c5b
US_a0047ad180b5e21d95,FAM_e3ac1be0b5d37994,US,Louisiana,Supreme Court of Louisiana,supreme,high,2011-07-01,74 So. 3d 187,general_negligence_personal_injury,general_negligence_personal_injury,"[""wrongful_death""]","[""wrongful_death""]",confirmatory,US_a0047ad180b5e21d95,False,[],7,en,1588,889,1588,low,[],low,pass,pass,pass,pass,True,af84eecdf5dfab2c38f6688c5b15cd31659952a91070625e35a88dab133abbeb,fe9a95b238cf3eba9e410c72fd10b9df95ef2a2fd6264f720a49b3ce4e3a8d3f,9865f5c91563a26e99d75029e0eef9629e57d715031d81387f22e4ab1b2a8dc2,fe9a95b238cf3eba9e410c72fd10b9df95ef2a2fd6264f720a49b3ce4e3a8d3f
US_0852f7949bcaa2bb53,FAM_4689a8cfe2f70487,US,Louisiana,Supreme Court of Louisiana,supreme,high,2007-01-26,951 So. 2d 138,general_negligence_personal_injury,general_negligence_personal_injury,"[""comparative_fault""]","[""comparative_fault""]",confirmatory,US_0852f7949bcaa2bb53,False,[],7,en,1772,1105,1772,low,[],low,pass,pass,pass,pass,True,31bac76658cc0e7633e82d70a3c0d84be969a1a4647bd3b24df8b62115909c3e,6ce4f8e1fe05d9db7fdcf9462814b73f91fcf1ef9b6080859cfdc70de15677b9,ce35389b771ee5eb6e74ce295dbddc7dc024585308ac4c22b70d2357716a227d,6ce4f8e1fe05d9db7fdcf9462814b73f91fcf1ef9b6080859cfdc70de15677b9
US_32ce5cc46af8c47b58,FAM_cd1634c7b2500203,US,Louisiana,Supreme Court of Louisiana,supreme,high,2005-12-21,916 So. 2d 87,general_negligence_personal_injury,general_negligence_personal_injury,"[""wrongful_death"",""comparative_fault""]","[""wrongful_death"",""comparative_fault""]",confirmatory,US_32ce5cc46af8c47b58,False,[],7,en,1740,1045,1740,low,[],low,pass,pass,pass,pass,True,6758cdbd923ac15a848b668c31812d4c77581bcb2e4a46173cdc49eaec8e86de,d01f784b1a56f6e483213b7c70359fe8550c04d81990d3d46f2cb34b775c428d,e3529059173f105f32c2401efb396b606e66db0a28aa743a7d0a21ef78fa38bd,d01f784b1a56f6e483213b7c70359fe8550c04d81990d3d46f2cb34b775c428d
US_162eb334cc7d5a8b91,FAM_4dd54b3de04bff77,US,Louisiana,Supreme Court of Louisiana,supreme,high,2003-10-21,859 So. 2d 671,general_negligence_personal_injury,general_negligence_personal_injury,"[""comparative_fault"",""intentional_misconduct""]","[""comparative_fault"",""intentional_misconduct""]",development,US_162eb334cc7d5a8b91,False,[],7,en,2066,1143,2066,low,[],low,pass,pass,pass,pass,True,386483e0f591fa71b733baa2b11f68ed4f785da30b79bb5dbc9ef293d36e3de7,a7792cdf73c1f00d033b73c32596db8955125a7a0cf96c03a6bb2eef015315bc,ae122f96905ec814fa27e1ba97af99ad9b44727ef77e05871fb88af092e07a89,a7792cdf73c1f00d033b73c32596db8955125a7a0cf96c03a6bb2eef015315bc
US_eafeabebaffbba2c82,FAM_9ae65c96468e8dd2,US,Louisiana,Supreme Court of Louisiana,supreme,high,2004-07-02,877 So. 2d 970,general_negligence_personal_injury,general_negligence_personal_injury,"[""wrongful_death"",""comparative_fault""]","[""wrongful_death"",""comparative_fault""]",confirmatory,US_eafeabebaffbba2c82,False,[],7,en,724,425,724,low,[],low,pass,pass,pass,pass,True,e208607d859b505de3df45689c974f46d751aca33267c939deeccc2331ec5eb0,cee443d6215cc3e2cbc4d33150644b8fb333baf5bd62f5d33bb6ebf902398572,92c8c37c2072060e2cc6e66715e966a32b7f731c5e86eb744ac630fe503a097d,cee443d6215cc3e2cbc4d33150644b8fb333baf5bd62f5d33bb6ebf902398572
US_a83924c6ae07314b33,FAM_780306e8f2e648be,US,Louisiana,Supreme Court of Louisiana,supreme,high,2002-02-26,815 So. 2d 1,general_negligence_personal_injury,general_negligence_personal_injury,"[""intentional_misconduct""]","[""intentional_misconduct""]",confirmatory,US_a83924c6ae07314b33,False,[],7,en,3517,2070,3517,low,[],low,pass,pass,pass,pass,True,d802dfb1a1c256a2a6444633893739cd79bf25cc88826f7c6c39e2a868cf228e,391c1d8feba7a7db27bc39f6899cd8ed96535b164a06e9fb80443215a83495a8,76fc9d3986427afe19e76628c253503549b9596b796a70424b6516a255b92c86,391c1d8feba7a7db27bc39f6899cd8ed96535b164a06e9fb80443215a83495a8
US_8273a9a891358bad5d,FAM_0f85f9d550ad7c96,US,Louisiana,Supreme Court of Louisiana,supreme,high,2011-04-01,61 So. 3d 507,general_negligence_personal_injury,general_negligence_personal_injury,"[""punitive_or_multiple_damages_salient""]","[""punitive_or_multiple_damages_salient""]",development,US_8273a9a891358bad5d,False,[],7,en,1348,759,1348,low,[],low,pass,pass,pass,pass,True,45140a7b1e7e8952c6939bf2527dbc10349bdb94ccc1ad127a7390a392990b36,efc176adc6435b41b8d738febf967169fbedade51f8fb648d7d111c6446bf6f0,aead2cc6c25afae97585ef99ba55c2ea1baaa420a6f1de5d61b95d4569c96bc8,efc176adc6435b41b8d738febf967169fbedade51f8fb648d7d111c6446bf6f0
US_bf6cccdd9b8a33c4a5,FAM_73590367728513c7,US,Louisiana,Supreme Court of Louisiana,supreme,high,2000-04-25,759 So. 2d 51,general_negligence_personal_injury,general_negligence_personal_injury,"[""vicarious_liability"",""respondeat_superior""]","[""vicarious_liability"",""respondeat_superior""]",confirmatory,US_bf6cccdd9b8a33c4a5,False,[],7,en,1412,898,1412,low,[],low,pass,pass,pass,pass,True,421d31799f2fb8f6c42e3f697eb6e31efaa32a45cbc0d5ffe43de7288c44e375,6add9422e5c151946c64cf8082d798cb3231cb5f5f579153241e221c802300dc,c7f61d576bda2c92863e9b71ae78faf7908724f28295cd4be9267722205396e5,6add9422e5c151946c64cf8082d798cb3231cb5f5f579153241e221c802300dc
US_2e67d6775a92caddee,FAM_fd756ec4d71ba6d3,US,Louisiana,Supreme Court of Louisiana,supreme,high,2004-04-14,874 So. 2d 90,general_negligence_personal_injury,general_negligence_personal_injury,"[""wrongful_death""]","[""wrongful_death""]",development,US_2e67d6775a92caddee,False,[],7,en,1645,1035,1645,low,[],low,pass,pass,pass,pass,True,3db1276d275ee355932e7ae90a5a8f407c067929e97cee0d1d4b83da04065664,9f87f727f4cb191b2090047056263c493167612d017e04b119f346ffcfc127d4,b77e1ebb6dfd350b28a47fd4e45e4d8e66ea05b2280a84ac3fe696310cb5b1a6,9f87f727f4cb191b2090047056263c493167612d017e04b119f346ffcfc127d4
US_b1a79acce1af757b58,FAM_aafd0c4f957c49d3,US,Louisiana,Supreme Court of Louisiana,supreme,high,2004-02-20,869 So. 2d 80,general_negligence_personal_injury,general_negligence_personal_injury,[],[],confirmatory,US_b1a79acce1af757b58,False,[],7,en,3279,1991,3279,low,[],low,pass,pass,pass,pass,True,0b86940a0b0218d5635eccaaf3975034d0abcceee8277b509754a17d892a3d43,d86aa9d92bae26c7d40c39a82d545a6d99b78bc7da1bd82aae966a714544e0ca,6bddfc4ddef786e07bd8491803127483498ebbd0141b7fd89338aa691b2256dc,d86aa9d92bae26c7d40c39a82d545a6d99b78bc7da1bd82aae966a714544e0ca
US_e1da2d37a9dee8ec7b,FAM_83a25d1b76ab93bb,US,Louisiana,Supreme Court of Louisiana,supreme,high,2004-09-09,883 So. 2d 425,general_negligence_personal_injury,general_negligence_personal_injury,"[""wrongful_death""]","[""wrongful_death""]",confirmatory,US_e1da2d37a9dee8ec7b,False,[],7,en,5461,3384,5461,low,[],low,pass,pass,pass,pass,True,be212cb7c6b6e3dec969467b08cfbed327699322edcbe10e2f4089250679d00b,311c9000ce30a69bd60da9af3ae0f89e17ede8deb8f6fc6e7573afdefed02edf,99df2cd34fe36a15bd813ab01e7c8026385dec846c5b8f2f227e5a87003c2923,311c9000ce30a69bd60da9af3ae0f89e17ede8deb8f6fc6e7573afdefed02edf
US_18fd4288d7f32131ce,FAM_85c681a6840f8b69,US,Louisiana,Supreme Court of Louisiana,supreme,high,2010-02-05,26 So. 3d 747,general_negligence_personal_injury,general_negligence_personal_injury,[],[],confirmatory,US_18fd4288d7f32131ce,False,[],7,en,2391,1528,2391,low,[],low,pass,pass,pass,pass,True,8ec50de2b31e9eee69337ffa000fcd7e28f6e3b6089073c413e83daabe354f4e,66b743d8a7d37264b31919665ca3b15e22fa0acaa43ee05e4ba5533e645e8855,1e8625398c47e9aa0aa20f42b6c5da5265f78694b413b5c589b57ee36444ddcf,66b743d8a7d37264b31919665ca3b15e22fa0acaa43ee05e4ba5533e645e8855
US_1042602a184dd1c50b,FAM_8bd7bbdf1d5378cb,US,Louisiana,Supreme Court of Louisiana,supreme,high,2003-10-21,859 So. 2d 656,general_negligence_personal_injury,general_negligence_personal_injury,"[""wrongful_death""]","[""wrongful_death""]",confirmatory,US_1042602a184dd1c50b,False,[],7,en,2152,1287,2152,low,[],low,pass,pass,pass,pass,True,3e72fee0f1a47c15773a8e360a547e812c83374d89deee601f69a5cf7c4e6f66,a20a87905d11ebfd27cf6f5abc80913a7143873fe851655546c938a66efe9a70,43fee6ec94e8cbb477b4d998d03bcdc0889f9340474198b5ab5a57d29aa3c3a4,a20a87905d11ebfd27cf6f5abc80913a7143873fe851655546c938a66efe9a70
US_f9417e4d262285b1c6,FAM_a2ed7e746f44f029,US,Louisiana,Supreme Court of Louisiana,supreme,high,2013-09-27,123 So. 3d 712,product_liability,product_liability,[],[],development,US_f9417e4d262285b1c6,False,[],7,en,1125,652,1125,low,[],low,pass,pass,pass,pass,True,d468737f8592750b58d562a38b0aa537267e5f9efca1694070ccb1711c9f0bba,28f7f1dfa28a9d709ad33c0a0ef158e116d676b0249fab66c9d2011260feec6c,661472cca08a33edfa7b5f7d0f9574142be3fd1362ef8783d0dffb34e1feeda2,28f7f1dfa28a9d709ad33c0a0ef158e116d676b0249fab66c9d2011260feec6c
US_02cd16f932838519ba,FAM_e5f2fa90fc30d0ab,US,Louisiana,Supreme Court of Louisiana,supreme,high,2008-05-21,983 So. 2d 84,product_liability,product_liability,[],[],confirmatory,US_02cd16f932838519ba,False,[],7,en,2095,1192,2095,low,[],low,pass,pass,pass,pass,True,bf0d7a0c3f2448b1a8175539590b8dcb3920071a9d46e833c2f1efd47cd1f63f,ebf773eb1795217f2197d6cce4a33c5aaf31a7b687db9830031f8867c72bdb0e,c5dda1183dde9eb836d187ba1a73a9f7316aaf34c065be91b8e34bb4b0637740,ebf773eb1795217f2197d6cce4a33c5aaf31a7b687db9830031f8867c72bdb0e
US_5fb1681d1e52f4e709,FAM_c7875fafe32965db,US,Louisiana,Supreme Court of Louisiana,supreme,high,2007-03-09,951 So. 2d 1058,product_liability,product_liability,[],[],confirmatory,US_5fb1681d1e52f4e709,False,[],7,en,3138,2005,3138,low,[],low,pass,pass,pass,pass,True,e24b61aecab883c6d0326c78576a85b69bdbbfc05a797528b7eb90abb3f6e628,a43e21aac53a948b9bac475d260d894553671da966cd7093f0c3c4d1c6332ce3,092fed6d9a499bbd0c4324480f7338338cbf71b294c3e445912a1d9146e36bac,a43e21aac53a948b9bac475d260d894553671da966cd7093f0c3c4d1c6332ce3
US_03aa3f07d9d0e5332a,FAM_973c2d6efa444ea2,US,Nevada,Nevada Supreme Court,supreme,high,2002-05-17,46 P.3d 62; 118 Nev. 389,general_negligence_personal_injury,general_negligence_personal_injury,[],[],development,US_03aa3f07d9d0e5332a,False,[],7,en,2130,1164,2130,low,[],low,pass,pass,pass,pass,True,49800f1c3ab3b082c765d622b1b6e16c6c74ecadcc2f0a72d7ff22789013dc64,90ab45521d2f5bfc6ac40ee40dfc48bb2e2a43181e93607a1d6e14071c176fd2,72da4d45c9245148f6539bd06f209931d50324aa0d1742e4fc4adff6470a8d96,90ab45521d2f5bfc6ac40ee40dfc48bb2e2a43181e93607a1d6e14071c176fd2
US_74c861440b330e42dc,FAM_e8a1d79ade6bfa82,US,Nevada,Nevada Supreme Court,supreme,high,2007-10-04,168 P.3d 87; 123 Nev. 382,general_negligence_personal_injury,general_negligence_personal_injury,"[""wrongful_death"",""comparative_fault""]","[""wrongful_death"",""comparative_fault""]",confirmatory,US_74c861440b330e42dc,False,[],7,en,2008,1221,2008,low,[],low,pass,pass,pass,pass,True,792f5e0ee30d7f9056fb96c19e9cf70da020f545b64b60f9fe97458d2483997e,c66e30dc25390b97a6d229f1b30ae97443b793156f7598c2f6bea7fc7aa84265,3b44d99a8a68d0660ff98cf4dd968c73a01b9f8619674c1fc5bbdc484c5fe365,c66e30dc25390b97a6d229f1b30ae97443b793156f7598c2f6bea7fc7aa84265
US_1bd83c629182d24617,FAM_f3e3f2959da464c5,US,Nevada,Nevada Supreme Court,supreme,high,2012-04-05,128 Nev. 171; 273 P.3d 855,general_negligence_personal_injury,general_negligence_personal_injury,"[""wrongful_death""]","[""wrongful_death""]",development,US_1bd83c629182d24617,False,[],7,en,2923,1797,2923,low,[],low,pass,pass,pass,pass,True,4482eb3275ad8b6b21aee02867b7fa7141738993b1ad79d8cacabb9e0545d66d,39d584481c49298395a9cb5e28dd9f94473ad9481e885d752094208bcf163e09,9b61b84a376a2155256f2ae73505415ffd1639e89609188d002df75d1fe16089,39d584481c49298395a9cb5e28dd9f94473ad9481e885d752094208bcf163e09
US_514a1afebc7c89ad3f,FAM_f015e127a5f17eac,US,Nevada,Nevada Supreme Court,supreme,high,2002-03-19,42 P.3d 808; 118 Nev. 191,general_negligence_personal_injury,general_negligence_personal_injury,"[""wrongful_death""]","[""wrongful_death""]",confirmatory,US_514a1afebc7c89ad3f,False,[],7,en,423,284,423,low,[],low,pass,pass,pass,pass,True,5af6f58f9ca37f50dbdcffa3ed872bf0e3bbcc98c9629078a3882ed5cdaba314,84befdf6029bb7248a75da47c2d81148b9c5de4a00437f0111e1dcee0f89186d,9183af802fd4fc5010dd6d52385e13b9068cfdad3fff7322e449901a3e32ae3d,84befdf6029bb7248a75da47c2d81148b9c5de4a00437f0111e1dcee0f89186d
US_0cb53a4c10c6b8a81c,FAM_25dfea94e6c454bb,US,Nevada,Nevada Supreme Court,supreme,high,2021-12-02,2021 NV 72,general_negligence_personal_injury,general_negligence_personal_injury,"[""vicarious_liability"",""wrongful_death""]","[""vicarious_liability"",""wrongful_death""]",development,US_0cb53a4c10c6b8a81c,False,[],7,en,929,629,929,low,[],low,pass,pass,pass,pass,True,8a48e5e1f8d58422adfd7062f06bc68937f2dd928db49d77d950a9851e078933,9c67c20dd3f860df03793210559638cb1b1de06fde34e51bbf9cf4359b7e84e9,a3191b1aa9cf5d140e57594e8d457ba443b1b4e4d096fe5b564b96ee97d2ec80,9c67c20dd3f860df03793210559638cb1b1de06fde34e51bbf9cf4359b7e84e9
US_286292f7d56c91120b,FAM_5d64b88163d65cbe,US,Nevada,Nevada Supreme Court,supreme,high,2013-11-07,129 Nev. 760; 312 P.3d 503,general_negligence_personal_injury,general_negligence_personal_injury,"[""wrongful_death"",""comparative_fault""]","[""wrongful_death"",""comparative_fault""]",confirmatory,US_286292f7d56c91120b,False,[],7,en,1798,1115,1798,low,[],low,pass,pass,pass,pass,True,2122729a832d5053bc1ba1314826faaf6f931e3e7e8eda1274cd72bdffc29017,db85dc314d51501c365f30e0bcb63a3125b5c5c84f9367a446c29935ac94c541,615ccc97cdd8fea4d28f7cfc8dc275159a05163795150df02fad4273061a0a08,db85dc314d51501c365f30e0bcb63a3125b5c5c84f9367a446c29935ac94c541
US_bb44001945931d8610,FAM_0b542bc1dcea0ea1,US,Nevada,Nevada Supreme Court,supreme,high,2001-01-30,117 Nev. 34; 16 P.3d 435,general_negligence_personal_injury,general_negligence_personal_injury,[],[],confirmatory,US_bb44001945931d8610,False,[],7,en,1166,589,1166,low,[],low,pass,pass,pass,pass,True,aeca098f3650be1caa9bcc6286adf81252587d1ea13eed38b1480ff3b4b385fd,db1a3e2e1ec8056ab0197f8491d97df38270880ce387c5e5202bd53a5c0a60b6,af63dfa69a08f9976ed52f2ecbc367a4603670b7500faf2fbce1ce80d109a331,db1a3e2e1ec8056ab0197f8491d97df38270880ce387c5e5202bd53a5c0a60b6
US_af3a72d6a4fbf2544a,FAM_31188f4905f0c9a9,US,Nevada,Nevada Supreme Court,supreme,high,2014-04-03,2014 NV 28,general_negligence_personal_injury,general_negligence_personal_injury,"[""wrongful_death""]","[""wrongful_death""]",confirmatory,US_af3a72d6a4fbf2544a,False,[],7,en,626,412,626,low,[],low,pass,pass,pass,pass,True,1eea2a8ddfce3693efa93703d4940495438a99d9954e9ed7e3a3cdfe35ec5172,3111a7c2e180d58301f67da4f1a194210560270903f3654a38bc9a4822507e49,304a6bb526c6eba84f1cd0cb7efbd356acef6aea5d276f04264d7304e9382bcf,3111a7c2e180d58301f67da4f1a194210560270903f3654a38bc9a4822507e49
US_c2f1eaa3640f0a9bbf,FAM_eb0a5231b78edfec,US,Nevada,Nevada Supreme Court,supreme,high,2010-08-12,237 P.3d 92; 126 Nev. 316,general_negligence_personal_injury,general_negligence_personal_injury,[],[],confirmatory,US_c2f1eaa3640f0a9bbf,False,[],7,en,4173,2724,4173,low,[],low,pass,pass,pass,pass,True,094df9c75f669e93d15e95b674803ce19cbd4b86dd6843f637c2d67fc40f8e72,14bbb9f714896d785eb8c084f5acca06b8a77a57a8f3ccadc9ab62d3d66da588,5050ffc7d5e0670ac5b7890c6e260fb01afae39e51cc45cb36402e4904718ace,14bbb9f714896d785eb8c084f5acca06b8a77a57a8f3ccadc9ab62d3d66da588
US_0bdc6cb112770284df,FAM_e25ef4a8ca245a77,US,Nevada,Nevada Supreme Court,supreme,high,2015-07-30,2015 NV 54,general_negligence_personal_injury,general_negligence_personal_injury,"[""punitive_or_multiple_damages_salient""]","[""punitive_or_multiple_damages_salient""]",confirmatory,US_0bdc6cb112770284df,False,[],7,en,1214,785,1214,low,[],low,pass,pass,pass,pass,True,afd691e64b7914c25084068f5a791f28d0ef33095393374ea0d755bee0e87a33,81887e56e760978284c4cd759c7ffcf3d9733453420c0e740a44cc39381f5394,751e8e070bb96619a4e769f21aef7ec21b440600bda1430174b2eb75040ce491,81887e56e760978284c4cd759c7ffcf3d9733453420c0e740a44cc39381f5394
US_193c9ad26072b674b4,FAM_df8a2f43129a48bf,US,Nevada,Nevada Supreme Court,supreme,high,2003-03-21,65 P.3d 245; 119 Nev. 100,product_liability,product_liability,[],[],confirmatory,US_193c9ad26072b674b4,False,[],7,en,3107,1816,3107,low,[],low,pass,pass,pass,pass,True,8b9b3ee87cfade88f95216103a396cb377613c03b2a63df93db7c8f738c7d0b5,ec137478d22e982e6c1ecfe5b00b5e244befd5ae74ba082cd7eef061a230dfd1,714be47b15c70ccc9431d19fe4eb247a7a784108f9eabc4c8d72344ed9b2d341,ec137478d22e982e6c1ecfe5b00b5e244befd5ae74ba082cd7eef061a230dfd1
US_b160a9deca3c2a648b,FAM_b0925461b197b37d,US,Nevada,Nevada Supreme Court,supreme,high,2006-05-25,134 P.3d 733; 122 Nev. 499,product_liability,product_liability,"[""premises_liability""]","[""premises_liability""]",confirmatory,US_b160a9deca3c2a648b,False,[],7,en,660,403,660,low,[],low,pass,pass,pass,pass,True,aa6594cf93d55fb872fd14c042804ff661504ac11ae3401fec055d537610c08e,a6ec3b1f347cafdb3fdb68e23ee6d7ec74d60952f40d78ad4e8073279d5900b9,d7b0668d2c6b4f8d43d17139dbde3b0b33d17c3e827e4a22abe659bbdcd441fb,a6ec3b1f347cafdb3fdb68e23ee6d7ec74d60952f40d78ad4e8073279d5900b9
US_9f4d3cca3bba16c059,FAM_16f4529f86098f52,US,Nevada,Nevada Supreme Court,supreme,high,2008-06-12,185 P.3d 1055,product_liability,product_liability,[],[],confirmatory,US_9f4d3cca3bba16c059,False,[],7,en,3772,2101,3772,low,[],low,pass,pass,pass,pass,True,c71d3792748dc09e0ebe8da506316033c23c7e801f29c85ae466b4be93233212,84c59a497fb42d1adf77011aa1e106838139646001d7dcc1565aa98abc82f12f,1efa32f44cc66d84306fec2eb5f779a638377e76fb7ead72fc54e6762fc8ecfd,84c59a497fb42d1adf77011aa1e106838139646001d7dcc1565aa98abc82f12f
US_bfd06f8cb32e6978f3,FAM_68726ee8b2a2dce3,US,Nevada,Nevada Supreme Court,supreme,high,2015-10-01,2015 NV 81,product_liability,product_liability,"[""comparative_fault""]","[""comparative_fault""]",development,US_bfd06f8cb32e6978f3,False,[],7,en,4522,2408,4522,low,[],low,pass,pass,pass,pass,True,ae921ee87bf9e70f910da88ce0227bedfcd1f6b89ef8bc3857ec14890137ad4e,f2320e2ac992b10e641efe1dec88ccaeebf63efc5f1815c7224f0e9565a9a865,92c76c63008b0768263c5877d644575b0221020bf9ffd6cfd18163d3e2091469,f2320e2ac992b10e641efe1dec88ccaeebf63efc5f1815c7224f0e9565a9a865
US_afc0614636d20e04b8,FAM_9749241a20322f6f,US,Nevada,Nevada Supreme Court,supreme,high,2000-08-18,5 P.3d 1043; 1 Nev. 598,other_civil_liability,other_civil_liability,"[""vicarious_liability"",""intentional_misconduct"",""punitive_or_multiple_damages_salient""]","[""vicarious_liability"",""intentional_misconduct"",""punitive_or_multiple_damages_salient""]",confirmatory,US_afc0614636d20e04b8,False,[],7,en,2999,1725,2999,low,[],low,pass,pass,pass,pass,True,5b7cf7276c5bddeaadd80d69ae7f090cb2146daac7fe4eba86d40f72045a48de,408c7b57d73048328fbd7a53dce70b39e60b0742e3e954cba99397143adc2d6a,25690bfbe5ba0a3a94f3aaa8f7b783e4ced79acc3f248158a896aa0ef2186376,408c7b57d73048328fbd7a53dce70b39e60b0742e3e954cba99397143adc2d6a
US_f2201634a8e19da0c7,FAM_faa27864d9ab88c1,US,Nevada,Nevada Supreme Court,supreme,high,2020-07-30,2020 NV 47,other_civil_liability,other_civil_liability,"[""comparative_fault"",""punitive_or_multiple_damages_salient""]","[""comparative_fault"",""punitive_or_multiple_damages_salient""]",confirmatory,US_f2201634a8e19da0c7,False,[],7,en,2453,1593,2453,low,[],low,pass,pass,pass,pass,True,a60d5eed38ce1249702f2ede419492a0818a479a59963a8e2fe37364c2bd20a5,ce001ce237fa1e60a70fe7a8174383299923948857ad4a1d7f946cda0f5e8a76,93353a99f0c896e303a4cb6df65f09c855b93180318303e83265399461bbdf5f,ce001ce237fa1e60a70fe7a8174383299923948857ad4a1d7f946cda0f5e8a76
US_911c57466fa2dd122c,FAM_da7aaaa9a101759f,US,West Virginia,West Virginia Supreme Court,supreme,high,2017-11-07,,general_negligence_personal_injury,general_negligence_personal_injury,[],[],confirmatory,US_911c57466fa2dd122c,False,[],7,en,1672,1038,1672,low,[],low,pass,pass,pass,pass,True,1be2ed45c13dfd244b0317244de567d1fe399e33fad30a78a1f1fac635052b45,81efe2fa9c9f458adde1428104d6e193a308cf9fc09461cc2a4e3b43fcbb3509,1fdefb815df1e4c1c71cb4df0ad5117b21a210e98d5a66cd3ee9a94c05249ca5,81efe2fa9c9f458adde1428104d6e193a308cf9fc09461cc2a4e3b43fcbb3509
US_bdeec2edbb47432c64,FAM_86e2563a65dbb649,US,West Virginia,West Virginia Supreme Court,supreme,high,2018-05-14,,general_negligence_personal_injury,general_negligence_personal_injury,[],[],confirmatory,US_bdeec2edbb47432c64,False,[],7,en,1599,1056,1599,low,[],low,pass,pass,pass,pass,True,94cf8907f4473d6fad722fe45456c4f7683549e07061a6de4327ff556bbb0c35,d85071ba39b556a4a73fa7a1012ffd506138fc46b5fba194069f04743221ae28,130f99f979a5194a6ff3d04bebace8a715de85770564f9a78eaa0d16fe55c51d,d85071ba39b556a4a73fa7a1012ffd506138fc46b5fba194069f04743221ae28
US_e0f4e43491c639af90,FAM_437e985d78fe0374,US,West Virginia,West Virginia Supreme Court,supreme,high,2014-06-18,,general_negligence_personal_injury,general_negligence_personal_injury,"[""wrongful_death"",""punitive_or_multiple_damages_salient""]","[""wrongful_death"",""punitive_or_multiple_damages_salient""]",confirmatory,US_e0f4e43491c639af90,False,[],7,en,592,358,592,low,[],low,pass,pass,pass,pass,True,b87c3f2613ad9c7c490cc9192898409cba92f8103d143be490b1bbec576a0761,50500195ad6291ab4153f0942f779ce096bffe0465dcce8cfe0f80e9b9adf2b1,6db69d8a5750605441a23622d0bf165a0151db15bb1c5ff2ea232cb08cfb8ed6,50500195ad6291ab4153f0942f779ce096bffe0465dcce8cfe0f80e9b9adf2b1
US_e7bd006a7ac2277175,FAM_654ad6053d54db6c,US,West Virginia,West Virginia Supreme Court,supreme,high,2012-02-24,228 W. Va. 634; 723 S.E.2d 864,general_negligence_personal_injury,general_negligence_personal_injury,"[""respondeat_superior""]","[""respondeat_superior""]",confirmatory,US_e7bd006a7ac2277175,False,[],7,en,3029,1870,3029,low,[],low,pass,pass,pass,pass,True,bbb18be6f142e827ffdf576d88c4b623097c1b43057be5fa721fe2c3a675c368,b232ea322d46e5a2f0868d1ce250effd503277de48e8d50d18e56cc3978fd19f,d1e75d39670d3fb344127280d876ec46c6eabd9c59672ac5b25fdf7d52cc0e80,b232ea322d46e5a2f0868d1ce250effd503277de48e8d50d18e56cc3978fd19f
US_ace4efc8607c66874a,FAM_68aebccb2090337d,US,West Virginia,West Virginia Supreme Court,supreme,high,2019-05-01,,general_negligence_personal_injury,general_negligence_personal_injury,[],[],development,US_ace4efc8607c66874a,False,[],7,en,1679,941,1679,low,[],low,pass,pass,pass,pass,True,e263c21e65ec94fab67fe796a64bec2f419c36d0a1ad9a70029345c5d2729326,4866a5058b56eece54b910c23c8c8b7796079dcd61dcc50022e5358aad989f40,7d9b4091e07af0eea85bf99a42060f984226d3c5ce37cb121feb14b394d75429,4866a5058b56eece54b910c23c8c8b7796079dcd61dcc50022e5358aad989f40
US_5786f3c28c6014a17f,FAM_4ed95a08a4c503ba,US,West Virginia,West Virginia Supreme Court,supreme,high,2015-05-21,235 W. Va. 474; 774 S.E.2d 555,general_negligence_personal_injury,general_negligence_personal_injury,"[""wrongful_death"",""comparative_fault""]","[""wrongful_death"",""comparative_fault""]",development,US_5786f3c28c6014a17f,False,[],7,en,1691,977,1691,low,[],low,pass,pass,pass,pass,True,d6190d6b460f9cc97f96f1a9acf607fc54eeac81175e058df39058850ac90ec9,3beb43ab2c5320cd3f5448aea292bac6e968347a5d4bf2171213c05a1fc30629,0428d1cdd45b771df35b1c877a8b74946e54255994d08689d9da237460a9a838,3beb43ab2c5320cd3f5448aea292bac6e968347a5d4bf2171213c05a1fc30629
US_15e86d45f19b975195,FAM_a6fd826d778ed891,US,West Virginia,West Virginia Supreme Court,supreme,high,2018-11-19,,general_negligence_personal_injury,general_negligence_personal_injury,"[""negligent_supervision""]","[""negligent_supervision""]",confirmatory,US_15e86d45f19b975195,False,[],7,en,3091,1961,3091,low,[],low,pass,pass,pass,pass,True,c98f58285e97b1c3f76658e8fa4516e635b56779e7f485c729b5da6d1d04897e,a60f963ad334ea278101add9cf7be21363675013bbcde8e18f4d541d02d040ee,6f3aade2ec6d511f5b8a8a1fc448d137b52ff9a01caeeceb5814dfde046d127c,a60f963ad334ea278101add9cf7be21363675013bbcde8e18f4d541d02d040ee
US_4ee87caff5124d4003,FAM_e42764dafbf45c6f,US,West Virginia,West Virginia Supreme Court,supreme,high,2005-05-10,613 S.E.2d 896; 216 W. Va. 748,general_negligence_personal_injury,general_negligence_personal_injury,"[""wrongful_death""]","[""wrongful_death""]",confirmatory,US_4ee87caff5124d4003,False,[],7,en,1302,760,1302,low,[],low,pass,pass,pass,pass,True,70e29a2404ef40dd4ac99eaef8f3b95faaf0cdee1e7c9ead5300d3eb13781bb9,00483ecbd60c55f3214023c84c802107a5734dabd4be72eb5d8f8703b6db65f8,c013a5ac60d2c15da960dee203aaee45e3db8455308085bba63221560d2af81d,00483ecbd60c55f3214023c84c802107a5734dabd4be72eb5d8f8703b6db65f8
US_667a9b663657012cdc,FAM_3ecf5f04fde89705,US,West Virginia,West Virginia Supreme Court,supreme,high,2022-04-26,,general_negligence_personal_injury,general_negligence_personal_injury,"[""vicarious_liability""]","[""vicarious_liability""]",confirmatory,US_667a9b663657012cdc,False,[],7,en,2652,1744,2652,low,[],low,pass,pass,pass,pass,True,cf7c475be880d1b40b3925f9d10f223f67fa65f31d6b00a0ab27a71b0df78245,a5e05f001e448c988c6d767b2b80b6e4b157047491d4a2eda0857636766c1199,2329bdd255833a43b9136a0a196e57718a7869147d7ee8bbb213b320e56d9eef,a5e05f001e448c988c6d767b2b80b6e4b157047491d4a2eda0857636766c1199
US_07482ca42c075096bb,FAM_eed0136a62f5256b,US,West Virginia,West Virginia Supreme Court,supreme,high,2003-06-13,584 S.E.2d 176; 213 W. Va. 542,general_negligence_personal_injury,general_negligence_personal_injury,"[""vicarious_liability""]","[""vicarious_liability""]",development,US_07482ca42c075096bb,False,[],7,en,1082,777,1082,low,[],low,pass,pass,pass,pass,True,9a906f04d6e2f324e418d7a465691f894c4da1388d22a6f61081db46c9f13642,a36d7b8f5e6ee9e7349fef2e93cd7f1b02edd13bdae457c773c331855423ea12,82f7fd449637d70c8a806ae1de0d5b953b4905308e051bd272c192714c99e398,a36d7b8f5e6ee9e7349fef2e93cd7f1b02edd13bdae457c773c331855423ea12
US_0ed0e9c92a0a12ceca,FAM_245a6f28179f40c3,US,West Virginia,West Virginia Supreme Court,supreme,high,2007-05-25,653 S.E.2d 660; 221 W. Va. 198,product_liability,product_liability,[],[],confirmatory,US_0ed0e9c92a0a12ceca,False,[],7,en,2565,1673,2565,low,[],low,pass,pass,pass,pass,True,18cc7e258643286dab0dcb4403c3540e4081094a75ed1df61cb42d7537458078,b904ceff6df48d56a8d7fdd7fd69da965e24cda6b4d3d6c2b2e2471f252ddc21,2d79598fd6a03f7394cc0e8ee723f31d1189fdb7d84dae8fa16b9066842e5dc6,b904ceff6df48d56a8d7fdd7fd69da965e24cda6b4d3d6c2b2e2471f252ddc21
US_4e8bd43839d97e3e1f,FAM_caefefcccdebb9f3,US,West Virginia,West Virginia Supreme Court,supreme,high,2016-05-18,237 W. Va. 573; 788 S.E.2d 319,product_liability,product_liability,"[""wrongful_death""]","[""wrongful_death""]",development,US_4e8bd43839d97e3e1f,False,[],7,en,1782,1111,1782,low,[],low,pass,pass,pass,pass,True,53c6a02621bf71a4549455ab50ca95331de92bb384f724aaa0686f2e19b61229,a7a563160a3121ac9ff905703efd39045ba73ea237dff1aca9ae711c3e2abf38,2741ae185fb2b031f63bb6bdf4732833d80d7082b68d546912a5019485849015,a7a563160a3121ac9ff905703efd39045ba73ea237dff1aca9ae711c3e2abf38
US_ecb5bb62f940e7f86f,FAM_20aa1babb3faae7e,US,West Virginia,West Virginia Supreme Court,supreme,high,2005-07-14,617 S.E.2d 508; 217 W. Va. 158,product_liability,product_liability,[],[],confirmatory,US_ecb5bb62f940e7f86f,False,[],7,en,2114,1329,2114,low,[],low,pass,pass,pass,pass,True,7d2832943220d5be4acab99c5cd1872780d8ebca77fd5cb107e563b3a60e5b37,704ffea09c7190dbe659bff34b39493562c0be1b1f5bca92278961a608030e05,e243770b95fdb9662b68f61ce884b6dcec46b6180b10a0ba79c4527144524654,704ffea09c7190dbe659bff34b39493562c0be1b1f5bca92278961a608030e05
US_cf1fe4f8bf2f7fa43b,FAM_9a6dd81c84efcdcc,US,West Virginia,West Virginia Supreme Court,supreme,high,2014-06-16,,other_civil_liability,other_civil_liability,"[""comparative_fault""]","[""comparative_fault""]",confirmatory,US_cf1fe4f8bf2f7fa43b,False,[],7,en,648,378,648,low,[],low,pass,pass,pass,pass,True,2f23eb5ee84b577d7f8ec2ad0348fde156ecc9cab60b100c9aa6b393f5bc87fc,78d973ee65f6f251946619d3e780980e7dfd3ed69cad4e446d8c5733749472e8,06211444b2075b39dfb0bf48581c3d2748e510448f3fa10cc0ca912a539d8d5d,78d973ee65f6f251946619d3e780980e7dfd3ed69cad4e446d8c5733749472e8
