case_id,source_grounding_status,mandatory_factual_sufficiency_status,fact_unit_coverage_status,translation_equivalence_status,language_sanity_status,language_sanity_detail,placeholder_equivalence_status,placeholder_detail,duplicate_sentence_status,duplicate_sentence_detail,legal_leakage_status,procedural_leakage_status,jurisdiction_leakage_status,leakage_detail,numerical_unit_status,number_detail,deterministic_issues,deterministic_review_issues,deterministic_pass,semantic_qc_status,semantic_issues,manual_review_required,final_pass,numerical_unit_deterministic_status,numerical_unit_resolution
KR_0dcfdd46d74a8951e1,pass,pass,pass,pass,pass,"{""en"":{""hangul"":0,""latin"":1299,""reason"":null,""status"":""pass""},""ko"":{""hangul"":383,""latin"":167,""reason"":null,""status"":""pass""}}",pass,"{""en"":[""[ORGANIZATION_A]"",""[ORGANIZATION_C]"",""[PERSON_A]"",""[PERSON_B]"",""[PERSON_C]"",""[PERSON_D]"",""[PERSON_F]""],""ko"":[""[ORGANIZATION_A]"",""[ORGANIZATION_C]"",""[PERSON_A]"",""[PERSON_B]"",""[PERSON_C]"",""[PERSON_D]"",""[PERSON_F]""],""status"":""pass""}",pass,"{""en"":{""duplicates"":[],""status"":""pass""},""ko"":{""duplicates"":[],""status"":""pass""}}",pass,pass,pass,"{""en"":{""jurisdiction_leakage_evidence"":[],""jurisdiction_leakage_status"":""pass"",""legal_leakage_evidence"":[],""legal_leakage_status"":""pass"",""procedural_leakage_status"":""pass"",""strict_leakage_evidence"":{""currency"":[],""customary_unit"":[],""jurisdiction_placeholder"":[],""kr_institution"":[],""legal_conclusion"":[],""procedural"":[]}},""ko"":{""jurisdiction_leakage_evidence"":[],""jurisdiction_leakage_status"":""pass"",""legal_leakage_evidence"":[],""legal_leakage_status"":""pass"",""procedural_leakage_status"":""pass"",""strict_leakage_evidence"":{""currency"":[],""customary_unit"":[],""jurisdiction_placeholder"":[],""kr_institution"":[],""legal_conclusion"":[],""procedural"":[]}}}",pass,"{""source"":{""11"":2,""12"":3,""1999"":5,""22"":1,""23"":1,""27"":3},""target"":{""11"":2,""12"":3,""1999"":5,""22"":1,""23"":1,""27"":3}}",[],[],True,pass,[],False,True,pass,deterministic
KR_0f2fb4048fdd1b2ba6,pass,pass,pass,pass,pass,"{""en"":{""hangul"":0,""latin"":1227,""reason"":null,""status"":""pass""},""ko"":{""hangul"":386,""latin"":109,""reason"":null,""status"":""pass""}}",pass,"{""en"":[""[INSTITUTION_A]"",""[PERSON_A]""],""ko"":[""[INSTITUTION_A]"",""[PERSON_A]""],""status"":""pass""}",pass,"{""en"":{""duplicates"":[],""status"":""pass""},""ko"":{""duplicates"":[],""status"":""pass""}}",pass,pass,pass,"{""en"":{""jurisdiction_leakage_evidence"":[],""jurisdiction_leakage_status"":""pass"",""legal_leakage_evidence"":[],""legal_leakage_status"":""pass"",""procedural_leakage_status"":""pass"",""strict_leakage_evidence"":{""currency"":[],""customary_unit"":[],""jurisdiction_placeholder"":[],""kr_institution"":[],""legal_conclusion"":[],""procedural"":[]}},""ko"":{""jurisdiction_leakage_evidence"":[],""jurisdiction_leakage_status"":""pass"",""legal_leakage_evidence"":[],""legal_leakage_status"":""pass"",""procedural_leakage_status"":""pass"",""strict_leakage_evidence"":{""currency"":[],""customary_unit"":[],""jurisdiction_placeholder"":[],""kr_institution"":[],""legal_conclusion"":[],""procedural"":[]}}}",pass,"{""source"":{""01"":3,""03"":1,""07"":2,""08"":1,""09"":1,""10"":1,""11"":3,""12"":3,""13"":1,""15.55"":1,""16"":2,""17.56"":1,""1998"":3,""2"":1,""21"":1,""28"":1,""3.81"":1,""4.28"":1,""46"":1,""5.59"":1,""51"":2,""53"":1,""55"":1,""6.5"":1,""7"":1,""74"":1,""8.10"":1,""9.39"":1},""target"":{""01"":3,""03"":1,""07"":2,""08"":1,""09"":1,""10"":1,""11"":3,""12"":3,""13"":1,""15.55"":1,""16"":2,""17.56"":1,""1998"":3,""2"":1,""21"":1,""28"":1,""3.81"":1,""4.28"":1,""46"":1,""5.59"":1,""51"":2,""53"":1,""55"":1,""6.5"":1,""7"":1,""74"":1,""8.10"":1,""9.39"":1}}",[],[],True,pass,[],False,True,pass,deterministic
KR_12b9dc4aa1ee6e184c,pass,pass,pass,pass,pass,"{""en"":{""hangul"":0,""latin"":820,""reason"":null,""status"":""pass""},""ko"":{""hangul"":244,""latin"":91,""reason"":null,""status"":""pass""}}",pass,"{""en"":[""[PERSON_A]"",""[PERSON_B]"",""[PERSON_D]"",""[PERSON_E]""],""ko"":[""[PERSON_A]"",""[PERSON_B]"",""[PERSON_D]"",""[PERSON_E]""],""status"":""pass""}",pass,"{""en"":{""duplicates"":[],""status"":""pass""},""ko"":{""duplicates"":[],""status"":""pass""}}",pass,pass,pass,"{""en"":{""jurisdiction_leakage_evidence"":[],""jurisdiction_leakage_status"":""pass"",""legal_leakage_evidence"":[],""legal_leakage_status"":""pass"",""procedural_leakage_status"":""pass"",""strict_leakage_evidence"":{""currency"":[],""customary_unit"":[],""jurisdiction_placeholder"":[],""kr_institution"":[],""legal_conclusion"":[],""procedural"":[]}},""ko"":{""jurisdiction_leakage_evidence"":[],""jurisdiction_leakage_status"":""pass"",""legal_leakage_evidence"":[],""legal_leakage_status"":""pass"",""procedural_leakage_status"":""pass"",""strict_leakage_evidence"":{""currency"":[],""customary_unit"":[],""jurisdiction_placeholder"":[],""kr_institution"":[],""legal_conclusion"":[],""procedural"":[]}}}",pass,"{""source"":{""6"":1},""target"":{""6"":1}}",[],[],True,pass,[],False,True,pass,deterministic
KR_13b881769bf8928779,pass,pass,pass,pass,pass,"{""en"":{""hangul"":0,""latin"":872,""reason"":null,""status"":""pass""},""ko"":{""hangul"":280,""latin"":101,""reason"":null,""status"":""pass""}}",pass,"{""en"":[""[INSTITUTION_A]"",""[INSTITUTION_B]"",""[INSTITUTION_C]"",""[LOCATION_A]"",""[LOCATION_B]"",""[PERSON_A]""],""ko"":[""[INSTITUTION_A]"",""[INSTITUTION_B]"",""[INSTITUTION_C]"",""[LOCATION_A]"",""[LOCATION_B]"",""[PERSON_A]""],""status"":""pass""}",pass,"{""en"":{""duplicates"":[],""status"":""pass""},""ko"":{""duplicates"":[],""status"":""pass""}}",pass,pass,pass,"{""en"":{""jurisdiction_leakage_evidence"":[],""jurisdiction_leakage_status"":""pass"",""legal_leakage_evidence"":[],""legal_leakage_status"":""pass"",""procedural_leakage_status"":""pass"",""strict_leakage_evidence"":{""currency"":[],""customary_unit"":[],""jurisdiction_placeholder"":[],""kr_institution"":[],""legal_conclusion"":[],""procedural"":[]}},""ko"":{""jurisdiction_leakage_evidence"":[],""jurisdiction_leakage_status"":""pass"",""legal_leakage_evidence"":[],""legal_leakage_status"":""pass"",""procedural_leakage_status"":""pass"",""strict_leakage_evidence"":{""currency"":[],""customary_unit"":[],""jurisdiction_placeholder"":[],""kr_institution"":[],""legal_conclusion"":[],""procedural"":[]}}}",pass,"{""source"":{""1"":3,""10"":1,""12"":1,""13"":1,""2"":3,""2007"":1,""27"":1,""4"":2,""48"":1,""6"":1,""8"":1},""target"":{""1"":5,""10"":1,""12"":1,""13"":1,""2"":3,""2007"":1,""27"":1,""4"":2,""48"":1,""6"":1,""8"":1}}",[],"[""numerical_unit_status""]",True,pass,[],False,True,fail,semantic_equivalence_confirmed
KR_15f616454feb5baced,pass,pass,pass,pass,pass,"{""en"":{""hangul"":0,""latin"":484,""reason"":null,""status"":""pass""},""ko"":{""hangul"":174,""latin"":53,""reason"":null,""status"":""pass""}}",pass,"{""en"":[""[INSTITUTION_A]"",""[ORGANIZATION_A]"",""[PERSON_A]"",""[PERSON_B]""],""ko"":[""[INSTITUTION_A]"",""[ORGANIZATION_A]"",""[PERSON_A]"",""[PERSON_B]""],""status"":""pass""}",pass,"{""en"":{""duplicates"":[],""status"":""pass""},""ko"":{""duplicates"":[],""status"":""pass""}}",pass,pass,pass,"{""en"":{""jurisdiction_leakage_evidence"":[],""jurisdiction_leakage_status"":""pass"",""legal_leakage_evidence"":[],""legal_leakage_status"":""pass"",""procedural_leakage_status"":""pass"",""strict_leakage_evidence"":{""currency"":[],""customary_unit"":[],""jurisdiction_placeholder"":[],""kr_institution"":[],""legal_conclusion"":[],""procedural"":[]}},""ko"":{""jurisdiction_leakage_evidence"":[],""jurisdiction_leakage_status"":""pass"",""legal_leakage_evidence"":[],""legal_leakage_status"":""pass"",""procedural_leakage_status"":""pass"",""strict_leakage_evidence"":{""currency"":[],""customary_unit"":[],""jurisdiction_placeholder"":[],""kr_institution"":[],""legal_conclusion"":[],""procedural"":[]}}}",pass,"{""source"":{},""target"":{""1"":1}}",[],"[""numerical_unit_status""]",True,pass,[],False,True,fail,semantic_equivalence_confirmed
KR_196d874266db86b00d,pass,pass,pass,pass,pass,"{""en"":{""hangul"":0,""latin"":877,""reason"":null,""status"":""pass""},""ko"":{""hangul"":247,""latin"":225,""reason"":null,""status"":""pass""}}",pass,"{""en"":[""[COMPANY_A]"",""[COMPANY_B]"",""[CURRENCY_AMOUNT_A]"",""[PERSON_A]"",""[PERSON_B]"",""[PERSON_C]"",""[PERSON_D]"",""[VEHICLE_A]"",""[VEHICLE_B]""],""ko"":[""[COMPANY_A]"",""[COMPANY_B]"",""[CURRENCY_AMOUNT_A]"",""[PERSON_A]"",""[PERSON_B]"",""[PERSON_C]"",""[PERSON_D]"",""[VEHICLE_A]"",""[VEHICLE_B]""],""status"":""pass""}",pass,"{""en"":{""duplicates"":[],""status"":""pass""},""ko"":{""duplicates"":[],""status"":""pass""}}",pass,pass,pass,"{""en"":{""jurisdiction_leakage_evidence"":[],""jurisdiction_leakage_status"":""pass"",""legal_leakage_evidence"":[],""legal_leakage_status"":""pass"",""procedural_leakage_status"":""pass"",""strict_leakage_evidence"":{""currency"":[],""customary_unit"":[],""jurisdiction_placeholder"":[],""kr_institution"":[],""legal_conclusion"":[],""procedural"":[]}},""ko"":{""jurisdiction_leakage_evidence"":[],""jurisdiction_leakage_status"":""pass"",""legal_leakage_evidence"":[],""legal_leakage_status"":""pass"",""procedural_leakage_status"":""pass"",""strict_leakage_evidence"":{""currency"":[],""customary_unit"":[],""jurisdiction_placeholder"":[],""kr_institution"":[],""legal_conclusion"":[],""procedural"":[]}}}",pass,"{""source"":{""05"":1,""2015"":1,""21"":1,""22"":1,""7"":1},""target"":{""05"":1,""2015"":1,""21"":1,""22"":1,""7"":1}}",[],[],True,pass,[],False,True,pass,deterministic
KR_1db22dfee6cc310e77,pass,pass,pass,pass,pass,"{""en"":{""hangul"":0,""latin"":1069,""reason"":null,""status"":""pass""},""ko"":{""hangul"":331,""latin"":141,""reason"":null,""status"":""pass""}}",pass,"{""en"":[""[INSTITUTION_A]"",""[LOCATION_A]"",""[PERSON_A]"",""[PERSON_B]"",""[PROPERTY_A]""],""ko"":[""[INSTITUTION_A]"",""[LOCATION_A]"",""[PERSON_A]"",""[PERSON_B]"",""[PROPERTY_A]""],""status"":""pass""}",pass,"{""en"":{""duplicates"":[],""status"":""pass""},""ko"":{""duplicates"":[],""status"":""pass""}}",pass,pass,pass,"{""en"":{""jurisdiction_leakage_evidence"":[],""jurisdiction_leakage_status"":""pass"",""legal_leakage_evidence"":[],""legal_leakage_status"":""pass"",""procedural_leakage_status"":""pass"",""strict_leakage_evidence"":{""currency"":[],""customary_unit"":[],""jurisdiction_placeholder"":[],""kr_institution"":[],""legal_conclusion"":[],""procedural"":[]}},""ko"":{""jurisdiction_leakage_evidence"":[],""jurisdiction_leakage_status"":""pass"",""legal_leakage_evidence"":[],""legal_leakage_status"":""pass"",""procedural_leakage_status"":""pass"",""strict_leakage_evidence"":{""currency"":[],""customary_unit"":[],""jurisdiction_placeholder"":[],""kr_institution"":[],""legal_conclusion"":[],""procedural"":[]}}}",pass,"{""source"":{""10.63"":1,""10.8"":1,""10.96"":1,""11.03"":1,""12"":1,""13"":1,""172"":1,""179"":1,""2000"":1,""2003"":1,""2006"":1,""352"":1,""368,000"":1,""67,000"":1,""7.64"":1,""9"":2},""target"":{""10.63"":1,""10.8"":1,""10.96"":1,""11.03"":1,""12"":1,""13"":1,""172"":1,""179"":1,""2000"":1,""2003"":1,""2006"":1,""352"":1,""368,000"":1,""67,000"":1,""7.64"":1,""9"":2}}",[],[],True,pass,[],False,True,pass,deterministic
KR_1e296dbb0bcebaab8f,pass,pass,pass,pass,pass,"{""en"":{""hangul"":0,""latin"":680,""reason"":null,""status"":""pass""},""ko"":{""hangul"":172,""latin"":112,""reason"":null,""status"":""pass""}}",pass,"{""en"":[""[COMPANY_A]"",""[PERSON_A]""],""ko"":[""[COMPANY_A]"",""[PERSON_A]""],""status"":""pass""}",pass,"{""en"":{""duplicates"":[],""status"":""pass""},""ko"":{""duplicates"":[],""status"":""pass""}}",pass,pass,pass,"{""en"":{""jurisdiction_leakage_evidence"":[],""jurisdiction_leakage_status"":""pass"",""legal_leakage_evidence"":[],""legal_leakage_status"":""pass"",""procedural_leakage_status"":""pass"",""strict_leakage_evidence"":{""currency"":[],""customary_unit"":[],""jurisdiction_placeholder"":[],""kr_institution"":[],""legal_conclusion"":[],""procedural"":[]}},""ko"":{""jurisdiction_leakage_evidence"":[],""jurisdiction_leakage_status"":""pass"",""legal_leakage_evidence"":[],""legal_leakage_status"":""pass"",""procedural_leakage_status"":""pass"",""strict_leakage_evidence"":{""currency"":[],""customary_unit"":[],""jurisdiction_placeholder"":[],""kr_institution"":[],""legal_conclusion"":[],""procedural"":[]}}}",pass,"{""source"":{},""target"":{""1"":1}}",[],"[""numerical_unit_status""]",True,pass,[],False,True,fail,semantic_equivalence_confirmed
KR_21e5cc81eee32db79e,pass,pass,pass,pass,pass,"{""en"":{""hangul"":0,""latin"":651,""reason"":null,""status"":""pass""},""ko"":{""hangul"":184,""latin"":140,""reason"":null,""status"":""pass""}}",pass,"{""en"":[""[CURRENCY_AMOUNT_A]"",""[CURRENCY_AMOUNT_B]"",""[CURRENCY_AMOUNT_C]"",""[INSTITUTION_A]"",""[INSTITUTION_B]"",""[INSTITUTION_C]"",""[PERSON_A]"",""[PERSON_B]""],""ko"":[""[CURRENCY_AMOUNT_A]"",""[CURRENCY_AMOUNT_B]"",""[CURRENCY_AMOUNT_C]"",""[INSTITUTION_A]"",""[INSTITUTION_B]"",""[INSTITUTION_C]"",""[PERSON_A]"",""[PERSON_B]""],""status"":""pass""}",pass,"{""en"":{""duplicates"":[],""status"":""pass""},""ko"":{""duplicates"":[],""status"":""pass""}}",pass,pass,pass,"{""en"":{""jurisdiction_leakage_evidence"":[],""jurisdiction_leakage_status"":""pass"",""legal_leakage_evidence"":[],""legal_leakage_status"":""pass"",""procedural_leakage_status"":""pass"",""strict_leakage_evidence"":{""currency"":[],""customary_unit"":[],""jurisdiction_placeholder"":[],""kr_institution"":[],""legal_conclusion"":[],""procedural"":[]}},""ko"":{""jurisdiction_leakage_evidence"":[],""jurisdiction_leakage_status"":""pass"",""legal_leakage_evidence"":[],""legal_leakage_status"":""pass"",""procedural_leakage_status"":""pass"",""strict_leakage_evidence"":{""currency"":[],""customary_unit"":[],""jurisdiction_placeholder"":[],""kr_institution"":[],""legal_conclusion"":[],""procedural"":[]}}}",pass,"{""source"":{""10"":1,""12"":1,""18"":1,""1990"":2,""2"":1,""3"":2,""6"":1,""73"":1},""target"":{""00"":1,""10"":1,""12"":1,""18"":1,""1990"":2,""2"":1,""3"":2,""6"":1,""73"":1}}",[],"[""numerical_unit_status""]",True,pass,[],False,True,fail,semantic_equivalence_confirmed
KR_251ece560a954ca2fc,pass,pass,pass,pass,pass,"{""en"":{""hangul"":0,""latin"":844,""reason"":null,""status"":""pass""},""ko"":{""hangul"":229,""latin"":111,""reason"":null,""status"":""pass""}}",pass,"{""en"":[""[COMPANY_A]"",""[COMPANY_B]"",""[COMPANY_C]"",""[ORGANIZATION_A]"",""[ORGANIZATION_B]""],""ko"":[""[COMPANY_A]"",""[COMPANY_B]"",""[COMPANY_C]"",""[ORGANIZATION_A]"",""[ORGANIZATION_B]""],""status"":""pass""}",pass,"{""en"":{""duplicates"":[],""status"":""pass""},""ko"":{""duplicates"":[],""status"":""pass""}}",pass,pass,pass,"{""en"":{""jurisdiction_leakage_evidence"":[],""jurisdiction_leakage_status"":""pass"",""legal_leakage_evidence"":[],""legal_leakage_status"":""pass"",""procedural_leakage_status"":""pass"",""strict_leakage_evidence"":{""currency"":[],""customary_unit"":[],""jurisdiction_placeholder"":[],""kr_institution"":[],""legal_conclusion"":[],""procedural"":[]}},""ko"":{""jurisdiction_leakage_evidence"":[],""jurisdiction_leakage_status"":""pass"",""legal_leakage_evidence"":[],""legal_leakage_status"":""pass"",""procedural_leakage_status"":""pass"",""strict_leakage_evidence"":{""currency"":[],""customary_unit"":[],""jurisdiction_placeholder"":[],""kr_institution"":[],""legal_conclusion"":[],""procedural"":[]}}}",pass,"{""source"":{""10"":1,""9"":1},""target"":{""10"":1,""9"":1}}",[],[],True,pass,[],False,True,pass,deterministic
KR_26b3a33d5ab3eb8be8,pass,pass,pass,pass,pass,"{""en"":{""hangul"":0,""latin"":2767,""reason"":null,""status"":""pass""},""ko"":{""hangul"":768,""latin"":423,""reason"":null,""status"":""pass""}}",pass,"{""en"":[""[COMPANY_A]"",""[COMPANY_B]"",""[COMPANY_C]"",""[COMPANY_E]"",""[COMPANY_F]"",""[CURRENCY_AMOUNT_A]"",""[CURRENCY_AMOUNT_B]"",""[CURRENCY_AMOUNT_C]"",""[INSTITUTION_A]"",""[PERSON_A]"",""[PERSON_B]"",""[PERSON_E]""],""ko"":[""[COMPANY_A]"",""[COMPANY_B]"",""[COMPANY_C]"",""[COMPANY_E]"",""[COMPANY_F]"",""[CURRENCY_AMOUNT_A]"",""[CURRENCY_AMOUNT_B]"",""[CURRENCY_AMOUNT_C]"",""[INSTITUTION_A]"",""[PERSON_A]"",""[PERSON_B]"",""[PERSON_E]""],""status"":""pass""}",pass,"{""en"":{""duplicates"":[],""status"":""pass""},""ko"":{""duplicates"":[],""status"":""pass""}}",pass,pass,pass,"{""en"":{""jurisdiction_leakage_evidence"":[],""jurisdiction_leakage_status"":""pass"",""legal_leakage_evidence"":[],""legal_leakage_status"":""pass"",""procedural_leakage_status"":""pass"",""strict_leakage_evidence"":{""currency"":[],""customary_unit"":[],""jurisdiction_placeholder"":[],""kr_institution"":[],""legal_conclusion"":[],""procedural"":[]}},""ko"":{""jurisdiction_leakage_evidence"":[],""jurisdiction_leakage_status"":""pass"",""legal_leakage_evidence"":[],""legal_leakage_status"":""pass"",""procedural_leakage_status"":""pass"",""strict_leakage_evidence"":{""currency"":[],""customary_unit"":[],""jurisdiction_placeholder"":[],""kr_institution"":[],""legal_conclusion"":[],""procedural"":[]}}}",pass,"{""source"":{""1"":2,""11"":1,""12"":2,""15"":1,""17"":1,""1995"":1,""1996"":4,""1997"":3,""1998"":4,""2"":4,""20"":1,""22"":1,""29"":1,""3"":1,""31"":1,""32"":1,""4"":3,""47.63"":1,""5"":2,""52.32"":1,""7"":1,""8.5"":1,""9"":1},""target"":{""1"":2,""11"":1,""12"":2,""15"":1,""17"":1,""1995"":1,""1996"":4,""1997"":3,""1998"":4,""2"":3,""20"":1,""22"":1,""29"":1,""3"":1,""31"":1,""320,000"":1,""4"":3,""47.63"":1,""5"":2,""52.32"":1,""7"":1,""8.5"":1,""9"":1}}",[],"[""numerical_unit_status""]",True,pass,[],False,True,fail,semantic_equivalence_confirmed
KR_293763f5a50c79c279,pass,pass,pass,pass,pass,"{""en"":{""hangul"":0,""latin"":418,""reason"":null,""status"":""pass""},""ko"":{""hangul"":138,""latin"":56,""reason"":null,""status"":""pass""}}",pass,"{""en"":[""[INSTITUTION_A]"",""[LOCATION_A]"",""[PERSON_A]""],""ko"":[""[INSTITUTION_A]"",""[LOCATION_A]"",""[PERSON_A]""],""status"":""pass""}",pass,"{""en"":{""duplicates"":[],""status"":""pass""},""ko"":{""duplicates"":[],""status"":""pass""}}",pass,pass,pass,"{""en"":{""jurisdiction_leakage_evidence"":[],""jurisdiction_leakage_status"":""pass"",""legal_leakage_evidence"":[],""legal_leakage_status"":""pass"",""procedural_leakage_status"":""pass"",""strict_leakage_evidence"":{""currency"":[],""customary_unit"":[],""jurisdiction_placeholder"":[],""kr_institution"":[],""legal_conclusion"":[],""procedural"":[]}},""ko"":{""jurisdiction_leakage_evidence"":[],""jurisdiction_leakage_status"":""pass"",""legal_leakage_evidence"":[],""legal_leakage_status"":""pass"",""procedural_leakage_status"":""pass"",""strict_leakage_evidence"":{""currency"":[],""customary_unit"":[],""jurisdiction_placeholder"":[],""kr_institution"":[],""legal_conclusion"":[],""procedural"":[]}}}",pass,"{""source"":{""11"":1,""18"":1,""1998"":1,""1999"":1,""2004"":1,""23"":1,""28"":1,""4"":2},""target"":{""11"":1,""18"":1,""1998"":1,""1999"":1,""2004"":1,""23"":1,""28"":1,""4"":2}}",[],[],True,pass,[],False,True,pass,deterministic
KR_2938a7d8dec5b2a57e,pass,pass,pass,pass,pass,"{""en"":{""hangul"":0,""latin"":1725,""reason"":null,""status"":""pass""},""ko"":{""hangul"":537,""latin"":116,""reason"":null,""status"":""pass""}}",pass,"{""en"":[""[COMPANY_A]"",""[COMPANY_B]"",""[CURRENCY_AMOUNT_A]"",""[PERSON_A]"",""[PRODUCT_A]""],""ko"":[""[COMPANY_A]"",""[COMPANY_B]"",""[CURRENCY_AMOUNT_A]"",""[PERSON_A]"",""[PRODUCT_A]""],""status"":""pass""}",pass,"{""en"":{""duplicates"":[],""status"":""pass""},""ko"":{""duplicates"":[],""status"":""pass""}}",pass,pass,pass,"{""en"":{""jurisdiction_leakage_evidence"":[],""jurisdiction_leakage_status"":""pass"",""legal_leakage_evidence"":[],""legal_leakage_status"":""pass"",""procedural_leakage_status"":""pass"",""strict_leakage_evidence"":{""currency"":[],""customary_unit"":[],""jurisdiction_placeholder"":[],""kr_institution"":[],""legal_conclusion"":[],""procedural"":[]}},""ko"":{""jurisdiction_leakage_evidence"":[],""jurisdiction_leakage_status"":""pass"",""legal_leakage_evidence"":[],""legal_leakage_status"":""pass"",""procedural_leakage_status"":""pass"",""strict_leakage_evidence"":{""currency"":[],""customary_unit"":[],""jurisdiction_placeholder"":[],""kr_institution"":[],""legal_conclusion"":[],""procedural"":[]}}}",pass,"{""source"":{""1"":1,""12"":1,""17"":1,""200"":1,""2019"":1,""30"":1,""6"":3,""7"":1,""8"":1},""target"":{""00"":3,""12"":1,""17"":1,""200"":1,""2019"":1,""30"":1,""6"":3,""7"":1,""8"":1}}",[],"[""numerical_unit_status""]",True,pass,[],False,True,fail,semantic_equivalence_confirmed
KR_29dbd6f831cc47236c,pass,pass,pass,pass,pass,"{""en"":{""hangul"":0,""latin"":805,""reason"":null,""status"":""pass""},""ko"":{""hangul"":216,""latin"":204,""reason"":null,""status"":""pass""}}",pass,"{""en"":[""[ORGANIZATION_A]"",""[ORGANIZATION_B]"",""[PERSON_A]"",""[PERSON_B]"",""[PERSON_C]"",""[PROPERTY_A]""],""ko"":[""[ORGANIZATION_A]"",""[ORGANIZATION_B]"",""[PERSON_A]"",""[PERSON_B]"",""[PERSON_C]"",""[PROPERTY_A]""],""status"":""pass""}",pass,"{""en"":{""duplicates"":[],""status"":""pass""},""ko"":{""duplicates"":[],""status"":""pass""}}",pass,pass,pass,"{""en"":{""jurisdiction_leakage_evidence"":[],""jurisdiction_leakage_status"":""pass"",""legal_leakage_evidence"":[],""legal_leakage_status"":""pass"",""procedural_leakage_status"":""pass"",""strict_leakage_evidence"":{""currency"":[],""customary_unit"":[],""jurisdiction_placeholder"":[],""kr_institution"":[],""legal_conclusion"":[],""procedural"":[]}},""ko"":{""jurisdiction_leakage_evidence"":[],""jurisdiction_leakage_status"":""pass"",""legal_leakage_evidence"":[],""legal_leakage_status"":""pass"",""procedural_leakage_status"":""pass"",""strict_leakage_evidence"":{""currency"":[],""customary_unit"":[],""jurisdiction_placeholder"":[],""kr_institution"":[],""legal_conclusion"":[],""procedural"":[]}}}",pass,"{""source"":{""12"":1,""15"":1,""1959"":1,""1994"":1,""1998"":1,""23"":1,""31"":1,""6"":1,""8"":1},""target"":{""12"":1,""15"":1,""1959"":1,""1994"":1,""1998"":1,""23"":1,""31"":1,""6"":1,""8"":1}}",[],[],True,pass,[],False,True,pass,deterministic
KR_29de6fa2d32993658e,pass,pass,pass,pass,pass,"{""en"":{""hangul"":0,""latin"":350,""reason"":null,""status"":""pass""},""ko"":{""hangul"":106,""latin"":49,""reason"":null,""status"":""pass""}}",pass,"{""en"":[""[COMPANY_A]"",""[INSTITUTION_A]"",""[PERSON_A]""],""ko"":[""[COMPANY_A]"",""[INSTITUTION_A]"",""[PERSON_A]""],""status"":""pass""}",pass,"{""en"":{""duplicates"":[],""status"":""pass""},""ko"":{""duplicates"":[],""status"":""pass""}}",pass,pass,pass,"{""en"":{""jurisdiction_leakage_evidence"":[],""jurisdiction_leakage_status"":""pass"",""legal_leakage_evidence"":[],""legal_leakage_status"":""pass"",""procedural_leakage_status"":""pass"",""strict_leakage_evidence"":{""currency"":[],""customary_unit"":[],""jurisdiction_placeholder"":[],""kr_institution"":[],""legal_conclusion"":[],""procedural"":[]}},""ko"":{""jurisdiction_leakage_evidence"":[],""jurisdiction_leakage_status"":""pass"",""legal_leakage_evidence"":[],""legal_leakage_status"":""pass"",""procedural_leakage_status"":""pass"",""strict_leakage_evidence"":{""currency"":[],""customary_unit"":[],""jurisdiction_placeholder"":[],""kr_institution"":[],""legal_conclusion"":[],""procedural"":[]}}}",pass,"{""source"":{""19"":1,""19.5"":1,""2014"":2,""30"":1,""6"":2},""target"":{""19"":1,""19.5"":1,""2014"":2,""30"":1,""6"":2}}",[],[],True,pass,[],False,True,pass,deterministic
KR_2fbbb928c434a8f95b,pass,pass,pass,pass,pass,"{""en"":{""hangul"":0,""latin"":1284,""reason"":null,""status"":""pass""},""ko"":{""hangul"":384,""latin"":211,""reason"":null,""status"":""pass""}}",pass,"{""en"":[""[COMPANY_A]"",""[COMPANY_B]"",""[COMPANY_C]"",""[CURRENCY_AMOUNT_A]"",""[CURRENCY_AMOUNT_B]"",""[ORGANIZATION_A]"",""[PRODUCT_A]"",""[PRODUCT_B]"",""[PRODUCT_C]""],""ko"":[""[COMPANY_A]"",""[COMPANY_B]"",""[COMPANY_C]"",""[CURRENCY_AMOUNT_A]"",""[CURRENCY_AMOUNT_B]"",""[ORGANIZATION_A]"",""[PRODUCT_A]"",""[PRODUCT_B]"",""[PRODUCT_C]""],""status"":""pass""}",pass,"{""en"":{""duplicates"":[],""status"":""pass""},""ko"":{""duplicates"":[],""status"":""pass""}}",pass,pass,pass,"{""en"":{""jurisdiction_leakage_evidence"":[],""jurisdiction_leakage_status"":""pass"",""legal_leakage_evidence"":[],""legal_leakage_status"":""pass"",""procedural_leakage_status"":""pass"",""strict_leakage_evidence"":{""currency"":[],""customary_unit"":[],""jurisdiction_placeholder"":[],""kr_institution"":[],""legal_conclusion"":[],""procedural"":[]}},""ko"":{""jurisdiction_leakage_evidence"":[],""jurisdiction_leakage_status"":""pass"",""legal_leakage_evidence"":[],""legal_leakage_status"":""pass"",""procedural_leakage_status"":""pass"",""strict_leakage_evidence"":{""currency"":[],""customary_unit"":[],""jurisdiction_placeholder"":[],""kr_institution"":[],""legal_conclusion"":[],""procedural"":[]}}}",pass,"{""source"":{""1"":2,""10"":2,""19"":1,""1998"":1,""2000"":1,""2001"":1,""2011"":2,""26,332"":1,""29"":1,""3"":1,""31"":2,""34"":1,""4"":1,""48,000"":1},""target"":{""1"":2,""10"":2,""19"":1,""1998"":1,""2000"":1,""2001"":1,""2011"":2,""26,332"":1,""29"":1,""3"":1,""31"":2,""34"":1,""4"":1,""48,000"":1}}",[],[],True,pass,[],False,True,pass,deterministic
KR_38f0a0551f52400584,pass,pass,pass,pass,pass,"{""en"":{""hangul"":0,""latin"":885,""reason"":null,""status"":""pass""},""ko"":{""hangul"":305,""latin"":83,""reason"":null,""status"":""pass""}}",pass,"{""en"":[""[ORGANIZATION_A]"",""[PERSON_A]"",""[PERSON_B]""],""ko"":[""[ORGANIZATION_A]"",""[PERSON_A]"",""[PERSON_B]""],""status"":""pass""}",pass,"{""en"":{""duplicates"":[],""status"":""pass""},""ko"":{""duplicates"":[],""status"":""pass""}}",pass,pass,pass,"{""en"":{""jurisdiction_leakage_evidence"":[],""jurisdiction_leakage_status"":""pass"",""legal_leakage_evidence"":[],""legal_leakage_status"":""pass"",""procedural_leakage_status"":""pass"",""strict_leakage_evidence"":{""currency"":[],""customary_unit"":[],""jurisdiction_placeholder"":[],""kr_institution"":[],""legal_conclusion"":[],""procedural"":[]}},""ko"":{""jurisdiction_leakage_evidence"":[],""jurisdiction_leakage_status"":""pass"",""legal_leakage_evidence"":[],""legal_leakage_status"":""pass"",""procedural_leakage_status"":""pass"",""strict_leakage_evidence"":{""currency"":[],""customary_unit"":[],""jurisdiction_placeholder"":[],""kr_institution"":[],""legal_conclusion"":[],""procedural"":[]}}}",pass,"{""source"":{""10"":1,""19"":1,""1993"":1,""3"":1,""9"":2},""target"":{""1"":1,""10"":1,""19"":1,""1993"":1,""3"":1,""9"":1}}",[],"[""numerical_unit_status""]",True,pass,[],False,True,fail,semantic_equivalence_confirmed
KR_3bdfa18ada600372f2,pass,pass,pass,pass,pass,"{""en"":{""hangul"":0,""latin"":1082,""reason"":null,""status"":""pass""},""ko"":{""hangul"":342,""latin"":75,""reason"":null,""status"":""pass""}}",pass,"{""en"":[""[INSTITUTION_A]"",""[PERSON_A]"",""[PERSON_B]"",""[PERSON_C]""],""ko"":[""[INSTITUTION_A]"",""[PERSON_A]"",""[PERSON_B]"",""[PERSON_C]""],""status"":""pass""}",pass,"{""en"":{""duplicates"":[],""status"":""pass""},""ko"":{""duplicates"":[],""status"":""pass""}}",pass,pass,pass,"{""en"":{""jurisdiction_leakage_evidence"":[],""jurisdiction_leakage_status"":""pass"",""legal_leakage_evidence"":[],""legal_leakage_status"":""pass"",""procedural_leakage_status"":""pass"",""strict_leakage_evidence"":{""currency"":[],""customary_unit"":[],""jurisdiction_placeholder"":[],""kr_institution"":[],""legal_conclusion"":[],""procedural"":[]}},""ko"":{""jurisdiction_leakage_evidence"":[],""jurisdiction_leakage_status"":""pass"",""legal_leakage_evidence"":[],""legal_leakage_status"":""pass"",""procedural_leakage_status"":""pass"",""strict_leakage_evidence"":{""currency"":[],""customary_unit"":[],""jurisdiction_placeholder"":[],""kr_institution"":[],""legal_conclusion"":[],""procedural"":[]}}}",pass,"{""source"":{""03"":1,""12"":1,""15"":2,""2012"":3,""21"":2,""22"":1,""23"":1,""3"":1,""5"":1,""50"":1,""60"":1,""70"":1,""82"":1,""9"":3},""target"":{""00"":2,""03"":1,""12"":1,""15"":2,""2012"":3,""21"":2,""22"":1,""23"":1,""3"":1,""5"":1,""50"":1,""60"":1,""70"":1,""82"":1,""9"":3}}",[],"[""numerical_unit_status""]",True,pass,[],False,True,fail,semantic_equivalence_confirmed
KR_3d251e8be01dc48a0b,pass,pass,pass,pass,pass,"{""en"":{""hangul"":0,""latin"":1949,""reason"":null,""status"":""pass""},""ko"":{""hangul"":508,""latin"":350,""reason"":null,""status"":""pass""}}",pass,"{""en"":[""[COMPANY_A]"",""[CURRENCY_AMOUNT_A]"",""[CURRENCY_AMOUNT_B]"",""[ORGANIZATION_A]"",""[ORGANIZATION_B]"",""[PERSON_A]"",""[PERSON_B]"",""[PERSON_C]"",""[PROPERTY_A]""],""ko"":[""[COMPANY_A]"",""[CURRENCY_AMOUNT_A]"",""[CURRENCY_AMOUNT_B]"",""[ORGANIZATION_A]"",""[ORGANIZATION_B]"",""[PERSON_A]"",""[PERSON_B]"",""[PERSON_C]"",""[PROPERTY_A]""],""status"":""pass""}",pass,"{""en"":{""duplicates"":[],""status"":""pass""},""ko"":{""duplicates"":[],""status"":""pass""}}",pass,pass,pass,"{""en"":{""jurisdiction_leakage_evidence"":[],""jurisdiction_leakage_status"":""pass"",""legal_leakage_evidence"":[],""legal_leakage_status"":""pass"",""procedural_leakage_status"":""pass"",""strict_leakage_evidence"":{""currency"":[],""customary_unit"":[],""jurisdiction_placeholder"":[],""kr_institution"":[],""legal_conclusion"":[],""procedural"":[]}},""ko"":{""jurisdiction_leakage_evidence"":[],""jurisdiction_leakage_status"":""pass"",""legal_leakage_evidence"":[],""legal_leakage_status"":""pass"",""procedural_leakage_status"":""pass"",""strict_leakage_evidence"":{""currency"":[],""customary_unit"":[],""jurisdiction_placeholder"":[],""kr_institution"":[],""legal_conclusion"":[],""procedural"":[]}}}",pass,"{""source"":{""19"":1,""2002"":1,""2006"":3,""28"":2,""4"":3,""5"":1,""8"":1,""9"":1},""target"":{""19"":1,""2002"":1,""2006"":3,""28"":2,""4"":3,""5"":1,""8"":1,""9"":1}}",[],[],True,pass,[],False,True,pass,deterministic
KR_3e400c529b48b85317,pass,pass,pass,pass,pass,"{""en"":{""hangul"":0,""latin"":2050,""reason"":null,""status"":""pass""},""ko"":{""hangul"":576,""latin"":298,""reason"":null,""status"":""pass""}}",pass,"{""en"":[""[INSTITUTION_A]"",""[INSTITUTION_B]"",""[PERSON_A]"",""[PERSON_B]"",""[PERSON_C]"",""[PRODUCT_A]""],""ko"":[""[INSTITUTION_A]"",""[INSTITUTION_B]"",""[PERSON_A]"",""[PERSON_B]"",""[PERSON_C]"",""[PRODUCT_A]""],""status"":""pass""}",pass,"{""en"":{""duplicates"":[],""status"":""pass""},""ko"":{""duplicates"":[],""status"":""pass""}}",pass,pass,pass,"{""en"":{""jurisdiction_leakage_evidence"":[],""jurisdiction_leakage_status"":""pass"",""legal_leakage_evidence"":[],""legal_leakage_status"":""pass"",""procedural_leakage_status"":""pass"",""strict_leakage_evidence"":{""currency"":[],""customary_unit"":[],""jurisdiction_placeholder"":[],""kr_institution"":[],""legal_conclusion"":[],""procedural"":[]}},""ko"":{""jurisdiction_leakage_evidence"":[],""jurisdiction_leakage_status"":""pass"",""legal_leakage_evidence"":[],""legal_leakage_status"":""pass"",""procedural_leakage_status"":""pass"",""strict_leakage_evidence"":{""currency"":[],""customary_unit"":[],""jurisdiction_placeholder"":[],""kr_institution"":[],""legal_conclusion"":[],""procedural"":[]}}}",pass,"{""source"":{""1"":2,""18"":1,""19"":1,""2"":2,""20"":1,""2011"":2,""21"":1,""22"":2,""32"":1,""4"":1,""43"":1,""45"":1,""5"":1,""50"":1,""55"":1,""7"":2},""target"":{""1"":3,""18"":1,""19"":1,""2"":4,""20"":1,""2011"":2,""21"":1,""22"":2,""32"":1,""4"":1,""43"":1,""45"":1,""5"":1,""50"":1,""55"":1,""7"":2}}",[],"[""numerical_unit_status""]",True,pass,[],False,True,fail,semantic_equivalence_confirmed
KR_47079dcb1572fd2e34,pass,pass,pass,pass,pass,"{""en"":{""hangul"":0,""latin"":1721,""reason"":null,""status"":""pass""},""ko"":{""hangul"":507,""latin"":129,""reason"":null,""status"":""pass""}}",pass,"{""en"":[""[INSTITUTION_A]"",""[PERSON_A]"",""[PERSON_C]"",""[PERSON_D]""],""ko"":[""[INSTITUTION_A]"",""[PERSON_A]"",""[PERSON_C]"",""[PERSON_D]""],""status"":""pass""}",pass,"{""en"":{""duplicates"":[],""status"":""pass""},""ko"":{""duplicates"":[],""status"":""pass""}}",pass,pass,pass,"{""en"":{""jurisdiction_leakage_evidence"":[],""jurisdiction_leakage_status"":""pass"",""legal_leakage_evidence"":[],""legal_leakage_status"":""pass"",""procedural_leakage_status"":""pass"",""strict_leakage_evidence"":{""currency"":[],""customary_unit"":[],""jurisdiction_placeholder"":[],""kr_institution"":[],""legal_conclusion"":[],""procedural"":[]}},""ko"":{""jurisdiction_leakage_evidence"":[],""jurisdiction_leakage_status"":""pass"",""legal_leakage_evidence"":[],""legal_leakage_status"":""pass"",""procedural_leakage_status"":""pass"",""strict_leakage_evidence"":{""currency"":[],""customary_unit"":[],""jurisdiction_placeholder"":[],""kr_institution"":[],""legal_conclusion"":[],""procedural"":[]}}}",pass,"{""source"":{""1"":2,""14"":1,""17"":1,""1998"":2,""2"":1,""5"":1},""target"":{""1"":2,""14"":1,""17"":1,""1998"":2,""2"":1,""5"":1}}",[],[],True,pass,[],False,True,pass,deterministic
KR_4a417b3e4eb96c19c1,pass,pass,pass,pass,pass,"{""en"":{""hangul"":0,""latin"":911,""reason"":null,""status"":""pass""},""ko"":{""hangul"":281,""latin"":112,""reason"":null,""status"":""pass""}}",pass,"{""en"":[""[COMPANY_A]"",""[PRODUCT_A]""],""ko"":[""[COMPANY_A]"",""[PRODUCT_A]""],""status"":""pass""}",pass,"{""en"":{""duplicates"":[],""status"":""pass""},""ko"":{""duplicates"":[],""status"":""pass""}}",pass,pass,pass,"{""en"":{""jurisdiction_leakage_evidence"":[],""jurisdiction_leakage_status"":""pass"",""legal_leakage_evidence"":[],""legal_leakage_status"":""pass"",""procedural_leakage_status"":""pass"",""strict_leakage_evidence"":{""currency"":[],""customary_unit"":[],""jurisdiction_placeholder"":[],""kr_institution"":[],""legal_conclusion"":[],""procedural"":[]}},""ko"":{""jurisdiction_leakage_evidence"":[],""jurisdiction_leakage_status"":""pass"",""legal_leakage_evidence"":[],""legal_leakage_status"":""pass"",""procedural_leakage_status"":""pass"",""strict_leakage_evidence"":{""currency"":[],""customary_unit"":[],""jurisdiction_placeholder"":[],""kr_institution"":[],""legal_conclusion"":[],""procedural"":[]}}}",pass,"{""source"":{},""target"":{}}",[],[],True,resolved_by_direct_source_adjudication,"[""Substantive factual content is duplicated in both languages, although the third sentence additionally provides general information about asbestos-related diseases.""]",False,True,pass,deterministic
KR_4b24e5a20e1f1ddead,pass,pass,pass,pass,pass,"{""en"":{""hangul"":0,""latin"":668,""reason"":null,""status"":""pass""},""ko"":{""hangul"":222,""latin"":73,""reason"":null,""status"":""pass""}}",pass,"{""en"":[""[INSTITUTION_A]"",""[INSTITUTION_B]"",""[ORGANIZATION_B]"",""[PERSON_A]"",""[VEHICLE_A]""],""ko"":[""[INSTITUTION_A]"",""[INSTITUTION_B]"",""[ORGANIZATION_B]"",""[PERSON_A]"",""[VEHICLE_A]""],""status"":""pass""}",pass,"{""en"":{""duplicates"":[],""status"":""pass""},""ko"":{""duplicates"":[],""status"":""pass""}}",pass,pass,pass,"{""en"":{""jurisdiction_leakage_evidence"":[],""jurisdiction_leakage_status"":""pass"",""legal_leakage_evidence"":[],""legal_leakage_status"":""pass"",""procedural_leakage_status"":""pass"",""strict_leakage_evidence"":{""currency"":[],""customary_unit"":[],""jurisdiction_placeholder"":[],""kr_institution"":[],""legal_conclusion"":[],""procedural"":[]}},""ko"":{""jurisdiction_leakage_evidence"":[],""jurisdiction_leakage_status"":""pass"",""legal_leakage_evidence"":[],""legal_leakage_status"":""pass"",""procedural_leakage_status"":""pass"",""strict_leakage_evidence"":{""currency"":[],""customary_unit"":[],""jurisdiction_placeholder"":[],""kr_institution"":[],""legal_conclusion"":[],""procedural"":[]}}}",pass,"{""source"":{""0.055"":1,""0.078"":1,""1"":1,""12"":1,""2004"":1,""22"":2,""23"":1,""3"":2,""30"":1,""43"":1,""55"":1},""target"":{""0.055"":1,""0.078"":1,""1"":2,""12"":1,""2004"":1,""22"":2,""23"":1,""3"":2,""30"":1,""43"":1,""55"":1}}",[],"[""numerical_unit_status""]",True,pass,[],False,True,fail,semantic_equivalence_confirmed
KR_4e2107bebbe71bff1d,pass,pass,pass,pass,pass,"{""en"":{""hangul"":0,""latin"":495,""reason"":null,""status"":""pass""},""ko"":{""hangul"":179,""latin"":14,""reason"":null,""status"":""pass""}}",pass,"{""en"":[""[PERSON_A]"",""[PERSON_B]""],""ko"":[""[PERSON_A]"",""[PERSON_B]""],""status"":""pass""}",pass,"{""en"":{""duplicates"":[],""status"":""pass""},""ko"":{""duplicates"":[],""status"":""pass""}}",pass,pass,pass,"{""en"":{""jurisdiction_leakage_evidence"":[],""jurisdiction_leakage_status"":""pass"",""legal_leakage_evidence"":[],""legal_leakage_status"":""pass"",""procedural_leakage_status"":""pass"",""strict_leakage_evidence"":{""currency"":[],""customary_unit"":[],""jurisdiction_placeholder"":[],""kr_institution"":[],""legal_conclusion"":[],""procedural"":[]}},""ko"":{""jurisdiction_leakage_evidence"":[],""jurisdiction_leakage_status"":""pass"",""legal_leakage_evidence"":[],""legal_leakage_status"":""pass"",""procedural_leakage_status"":""pass"",""strict_leakage_evidence"":{""currency"":[],""customary_unit"":[],""jurisdiction_placeholder"":[],""kr_institution"":[],""legal_conclusion"":[],""procedural"":[]}}}",pass,"{""source"":{},""target"":{}}",[],[],True,pass,[],False,True,pass,deterministic
KR_4ea4b7c552d041ba9e,pass,pass,pass,pass,pass,"{""en"":{""hangul"":0,""latin"":1913,""reason"":null,""status"":""pass""},""ko"":{""hangul"":509,""latin"":406,""reason"":null,""status"":""pass""}}",pass,"{""en"":[""[COMPANY_A]"",""[COMPANY_B]"",""[CURRENCY_AMOUNT_A]"",""[PERSON_A]"",""[PERSON_B]"",""[PERSON_C]"",""[PERSON_D]"",""[PERSON_E]"",""[PERSON_F]"",""[PERSON_G]"",""[PERSON_H]"",""[PERSON_I]"",""[PERSON_J]"",""[PERSON_K]"",""[PERSON_L]"",""[PERSON_M]"",""[PERSON_N]"",""[PERSON_O]"",""[PROPERTY_A]""],""ko"":[""[COMPANY_A]"",""[COMPANY_B]"",""[CURRENCY_AMOUNT_A]"",""[PERSON_A]"",""[PERSON_B]"",""[PERSON_C]"",""[PERSON_D]"",""[PERSON_E]"",""[PERSON_F]"",""[PERSON_G]"",""[PERSON_H]"",""[PERSON_I]"",""[PERSON_J]"",""[PERSON_K]"",""[PERSON_L]"",""[PERSON_M]"",""[PERSON_N]"",""[PERSON_O]"",""[PROPERTY_A]""],""status"":""pass""}",pass,"{""en"":{""duplicates"":[],""status"":""pass""},""ko"":{""duplicates"":[],""status"":""pass""}}",pass,pass,pass,"{""en"":{""jurisdiction_leakage_evidence"":[],""jurisdiction_leakage_status"":""pass"",""legal_leakage_evidence"":[],""legal_leakage_status"":""pass"",""procedural_leakage_status"":""pass"",""strict_leakage_evidence"":{""currency"":[],""customary_unit"":[],""jurisdiction_placeholder"":[],""kr_institution"":[],""legal_conclusion"":[],""procedural"":[]}},""ko"":{""jurisdiction_leakage_evidence"":[],""jurisdiction_leakage_status"":""pass"",""legal_leakage_evidence"":[],""legal_leakage_status"":""pass"",""procedural_leakage_status"":""pass"",""strict_leakage_evidence"":{""currency"":[],""customary_unit"":[],""jurisdiction_placeholder"":[],""kr_institution"":[],""legal_conclusion"":[],""procedural"":[]}}}",pass,"{""source"":{""12"":1,""1998"":1,""1999"":1,""22"":1,""26"":1,""46"":1,""5"":1},""target"":{""12"":1,""1998"":1,""1999"":1,""22"":1,""26"":1,""46"":1,""5"":1}}",[],[],True,pass,[],False,True,pass,deterministic
KR_517073e205fb216efb,pass,pass,pass,pass,pass,"{""en"":{""hangul"":0,""latin"":851,""reason"":null,""status"":""pass""},""ko"":{""hangul"":221,""latin"":180,""reason"":null,""status"":""pass""}}",pass,"{""en"":[""[COMPANY_A]"",""[COMPANY_B]"",""[COMPANY_C]"",""[CURRENCY_AMOUNT_A]"",""[CURRENCY_AMOUNT_B]"",""[PERSON_A]"",""[PERSON_B]"",""[PERSON_C]""],""ko"":[""[COMPANY_A]"",""[COMPANY_B]"",""[COMPANY_C]"",""[CURRENCY_AMOUNT_A]"",""[CURRENCY_AMOUNT_B]"",""[PERSON_A]"",""[PERSON_B]"",""[PERSON_C]""],""status"":""pass""}",pass,"{""en"":{""duplicates"":[],""status"":""pass""},""ko"":{""duplicates"":[],""status"":""pass""}}",pass,pass,pass,"{""en"":{""jurisdiction_leakage_evidence"":[],""jurisdiction_leakage_status"":""pass"",""legal_leakage_evidence"":[],""legal_leakage_status"":""pass"",""procedural_leakage_status"":""pass"",""strict_leakage_evidence"":{""currency"":[],""customary_unit"":[],""jurisdiction_placeholder"":[],""kr_institution"":[],""legal_conclusion"":[],""procedural"":[]}},""ko"":{""jurisdiction_leakage_evidence"":[],""jurisdiction_leakage_status"":""pass"",""legal_leakage_evidence"":[],""legal_leakage_status"":""pass"",""procedural_leakage_status"":""pass"",""strict_leakage_evidence"":{""currency"":[],""customary_unit"":[],""jurisdiction_placeholder"":[],""kr_institution"":[],""legal_conclusion"":[],""procedural"":[]}}}",pass,"{""source"":{""12"":1,""1998"":1,""21"":1},""target"":{""12"":1,""1998"":1,""21"":1}}",[],[],True,pass,[],False,True,pass,deterministic
KR_5b6e230014dd4d5663,pass,pass,pass,pass,pass,"{""en"":{""hangul"":0,""latin"":1330,""reason"":null,""status"":""pass""},""ko"":{""hangul"":390,""latin"":186,""reason"":null,""status"":""pass""}}",pass,"{""en"":[""[COMPANY_A]"",""[LOCATION_A]"",""[LOCATION_B]"",""[LOCATION_C]"",""[PERSON_A]"",""[PERSON_B]"",""[VEHICLE_A]""],""ko"":[""[COMPANY_A]"",""[LOCATION_A]"",""[LOCATION_B]"",""[LOCATION_C]"",""[PERSON_A]"",""[PERSON_B]"",""[VEHICLE_A]""],""status"":""pass""}",pass,"{""en"":{""duplicates"":[],""status"":""pass""},""ko"":{""duplicates"":[],""status"":""pass""}}",pass,pass,pass,"{""en"":{""jurisdiction_leakage_evidence"":[],""jurisdiction_leakage_status"":""pass"",""legal_leakage_evidence"":[],""legal_leakage_status"":""pass"",""procedural_leakage_status"":""pass"",""strict_leakage_evidence"":{""currency"":[],""customary_unit"":[],""jurisdiction_placeholder"":[],""kr_institution"":[],""legal_conclusion"":[],""procedural"":[]}},""ko"":{""jurisdiction_leakage_evidence"":[],""jurisdiction_leakage_status"":""pass"",""legal_leakage_evidence"":[],""legal_leakage_status"":""pass"",""procedural_leakage_status"":""pass"",""strict_leakage_evidence"":{""currency"":[],""customary_unit"":[],""jurisdiction_placeholder"":[],""kr_institution"":[],""legal_conclusion"":[],""procedural"":[]}}}",pass,"{""source"":{""10"":3,""128.7"":1,""160.9"":1,""2018"":1,""300"":1,""321.9"":1,""4"":1,""5"":1,""50"":2,""66"":1},""target"":{""10"":3,""128.7"":1,""160.9"":1,""2018"":1,""300"":1,""321.9"":1,""4"":1,""5"":1,""50"":2,""66"":1}}",[],[],True,pass,[],False,True,pass,deterministic
KR_5be8caa54d55da9c2d,pass,pass,pass,pass,pass,"{""en"":{""hangul"":0,""latin"":1186,""reason"":null,""status"":""pass""},""ko"":{""hangul"":337,""latin"":104,""reason"":null,""status"":""pass""}}",pass,"{""en"":[""[ORGANIZATION_A]"",""[PERSON_A]"",""[PERSON_B]""],""ko"":[""[ORGANIZATION_A]"",""[PERSON_A]"",""[PERSON_B]""],""status"":""pass""}",pass,"{""en"":{""duplicates"":[],""status"":""pass""},""ko"":{""duplicates"":[],""status"":""pass""}}",pass,pass,pass,"{""en"":{""jurisdiction_leakage_evidence"":[],""jurisdiction_leakage_status"":""pass"",""legal_leakage_evidence"":[],""legal_leakage_status"":""pass"",""procedural_leakage_status"":""pass"",""strict_leakage_evidence"":{""currency"":[],""customary_unit"":[],""jurisdiction_placeholder"":[],""kr_institution"":[],""legal_conclusion"":[],""procedural"":[]}},""ko"":{""jurisdiction_leakage_evidence"":[],""jurisdiction_leakage_status"":""pass"",""legal_leakage_evidence"":[],""legal_leakage_status"":""pass"",""procedural_leakage_status"":""pass"",""strict_leakage_evidence"":{""currency"":[],""customary_unit"":[],""jurisdiction_placeholder"":[],""kr_institution"":[],""legal_conclusion"":[],""procedural"":[]}}}",pass,"{""source"":{""00"":1,""05"":1,""16"":2,""20"":1},""target"":{""00"":1,""05"":1,""16"":2,""20"":1}}",[],[],True,pass,[],False,True,pass,deterministic
KR_5beca7bd705b05bb94,pass,pass,pass,pass,pass,"{""en"":{""hangul"":0,""latin"":106,""reason"":null,""status"":""pass""},""ko"":{""hangul"":37,""latin"":14,""reason"":null,""status"":""pass""}}",pass,"{""en"":[""[PERSON_A]"",""[PERSON_B]""],""ko"":[""[PERSON_A]"",""[PERSON_B]""],""status"":""pass""}",pass,"{""en"":{""duplicates"":[],""status"":""pass""},""ko"":{""duplicates"":[],""status"":""pass""}}",pass,pass,pass,"{""en"":{""jurisdiction_leakage_evidence"":[],""jurisdiction_leakage_status"":""pass"",""legal_leakage_evidence"":[],""legal_leakage_status"":""pass"",""procedural_leakage_status"":""pass"",""strict_leakage_evidence"":{""currency"":[],""customary_unit"":[],""jurisdiction_placeholder"":[],""kr_institution"":[],""legal_conclusion"":[],""procedural"":[]}},""ko"":{""jurisdiction_leakage_evidence"":[],""jurisdiction_leakage_status"":""pass"",""legal_leakage_evidence"":[],""legal_leakage_status"":""pass"",""procedural_leakage_status"":""pass"",""strict_leakage_evidence"":{""currency"":[],""customary_unit"":[],""jurisdiction_placeholder"":[],""kr_institution"":[],""legal_conclusion"":[],""procedural"":[]}}}",pass,"{""source"":{},""target"":{}}",[],[],True,pass,[],False,True,pass,deterministic
KR_5ebeddec620aad3412,pass,pass,pass,pass,pass,"{""en"":{""hangul"":0,""latin"":1010,""reason"":null,""status"":""pass""},""ko"":{""hangul"":305,""latin"":185,""reason"":null,""status"":""pass""}}",pass,"{""en"":[""[LOCATION_A]"",""[LOCATION_B]"",""[LOCATION_C]"",""[LOCATION_D]"",""[PERSON_A]"",""[PERSON_B]"",""[VEHICLE_A]"",""[VEHICLE_B]""],""ko"":[""[LOCATION_A]"",""[LOCATION_B]"",""[LOCATION_C]"",""[LOCATION_D]"",""[PERSON_A]"",""[PERSON_B]"",""[VEHICLE_A]"",""[VEHICLE_B]""],""status"":""pass""}",pass,"{""en"":{""duplicates"":[],""status"":""pass""},""ko"":{""duplicates"":[],""status"":""pass""}}",pass,pass,pass,"{""en"":{""jurisdiction_leakage_evidence"":[],""jurisdiction_leakage_status"":""pass"",""legal_leakage_evidence"":[],""legal_leakage_status"":""pass"",""procedural_leakage_status"":""pass"",""strict_leakage_evidence"":{""currency"":[],""customary_unit"":[],""jurisdiction_placeholder"":[],""kr_institution"":[],""legal_conclusion"":[],""procedural"":[]}},""ko"":{""jurisdiction_leakage_evidence"":[],""jurisdiction_leakage_status"":""pass"",""legal_leakage_evidence"":[],""legal_leakage_status"":""pass"",""procedural_leakage_status"":""pass"",""strict_leakage_evidence"":{""currency"":[],""customary_unit"":[],""jurisdiction_placeholder"":[],""kr_institution"":[],""legal_conclusion"":[],""procedural"":[]}}}",pass,"{""source"":{""30"":1},""target"":{""30"":1}}",[],[],True,resolved_by_direct_source_adjudication,"[""Substantive factual content is duplicated in both final-language versions: the fall and ulna-fracture injury are reported once as an event and again in the causal explanation.""]",False,True,pass,deterministic
KR_60ac72230335410754,pass,pass,pass,pass,pass,"{""en"":{""hangul"":0,""latin"":1798,""reason"":null,""status"":""pass""},""ko"":{""hangul"":523,""latin"":108,""reason"":null,""status"":""pass""}}",pass,"{""en"":[""[COMPANY_A]"",""[PERSON_A]"",""[PERSON_B]"",""[VEHICLE_A]""],""ko"":[""[COMPANY_A]"",""[PERSON_A]"",""[PERSON_B]"",""[VEHICLE_A]""],""status"":""pass""}",pass,"{""en"":{""duplicates"":[],""status"":""pass""},""ko"":{""duplicates"":[],""status"":""pass""}}",pass,pass,pass,"{""en"":{""jurisdiction_leakage_evidence"":[],""jurisdiction_leakage_status"":""pass"",""legal_leakage_evidence"":[],""legal_leakage_status"":""pass"",""procedural_leakage_status"":""pass"",""strict_leakage_evidence"":{""currency"":[],""customary_unit"":[],""jurisdiction_placeholder"":[],""kr_institution"":[],""legal_conclusion"":[],""procedural"":[]}},""ko"":{""jurisdiction_leakage_evidence"":[],""jurisdiction_leakage_status"":""pass"",""legal_leakage_evidence"":[],""legal_leakage_status"":""pass"",""procedural_leakage_status"":""pass"",""strict_leakage_evidence"":{""currency"":[],""customary_unit"":[],""jurisdiction_placeholder"":[],""kr_institution"":[],""legal_conclusion"":[],""procedural"":[]}}}",pass,"{""source"":{""1"":3,""12"":1,""13"":1,""1992"":1,""1999"":1,""2"":2,""3"":3,""35"":1,""5"":1,""6"":1,""7"":1,""7.15"":1,""8"":2},""target"":{""1"":3,""12"":1,""13"":1,""1992"":1,""1999"":1,""2"":2,""3"":3,""35"":1,""5"":1,""6"":1,""7"":1,""7.15"":1,""8"":2}}",[],[],True,pass,[],False,True,pass,deterministic
KR_61112d3135e80de786,pass,pass,pass,pass,pass,"{""en"":{""hangul"":0,""latin"":476,""reason"":null,""status"":""pass""},""ko"":{""hangul"":137,""latin"":95,""reason"":null,""status"":""pass""}}",pass,"{""en"":[""[COMPANY_A]"",""[PERSON_A]"",""[PERSON_B]"",""[PERSON_C]""],""ko"":[""[COMPANY_A]"",""[PERSON_A]"",""[PERSON_B]"",""[PERSON_C]""],""status"":""pass""}",pass,"{""en"":{""duplicates"":[],""status"":""pass""},""ko"":{""duplicates"":[],""status"":""pass""}}",pass,pass,pass,"{""en"":{""jurisdiction_leakage_evidence"":[],""jurisdiction_leakage_status"":""pass"",""legal_leakage_evidence"":[],""legal_leakage_status"":""pass"",""procedural_leakage_status"":""pass"",""strict_leakage_evidence"":{""currency"":[],""customary_unit"":[],""jurisdiction_placeholder"":[],""kr_institution"":[],""legal_conclusion"":[],""procedural"":[]}},""ko"":{""jurisdiction_leakage_evidence"":[],""jurisdiction_leakage_status"":""pass"",""legal_leakage_evidence"":[],""legal_leakage_status"":""pass"",""procedural_leakage_status"":""pass"",""strict_leakage_evidence"":{""currency"":[],""customary_unit"":[],""jurisdiction_placeholder"":[],""kr_institution"":[],""legal_conclusion"":[],""procedural"":[]}}}",pass,"{""source"":{},""target"":{}}",[],[],True,pass,[],False,True,pass,deterministic
KR_644078b169f572b0fe,pass,pass,pass,pass,pass,"{""en"":{""hangul"":0,""latin"":510,""reason"":null,""status"":""pass""},""ko"":{""hangul"":131,""latin"":96,""reason"":null,""status"":""pass""}}",pass,"{""en"":[""[COMPANY_A]"",""[COMPANY_B]"",""[COMPANY_C]"",""[PRODUCT_A]""],""ko"":[""[COMPANY_A]"",""[COMPANY_B]"",""[COMPANY_C]"",""[PRODUCT_A]""],""status"":""pass""}",pass,"{""en"":{""duplicates"":[],""status"":""pass""},""ko"":{""duplicates"":[],""status"":""pass""}}",pass,pass,pass,"{""en"":{""jurisdiction_leakage_evidence"":[],""jurisdiction_leakage_status"":""pass"",""legal_leakage_evidence"":[],""legal_leakage_status"":""pass"",""procedural_leakage_status"":""pass"",""strict_leakage_evidence"":{""currency"":[],""customary_unit"":[],""jurisdiction_placeholder"":[],""kr_institution"":[],""legal_conclusion"":[],""procedural"":[]}},""ko"":{""jurisdiction_leakage_evidence"":[],""jurisdiction_leakage_status"":""pass"",""legal_leakage_evidence"":[],""legal_leakage_status"":""pass"",""procedural_leakage_status"":""pass"",""strict_leakage_evidence"":{""currency"":[],""customary_unit"":[],""jurisdiction_placeholder"":[],""kr_institution"":[],""legal_conclusion"":[],""procedural"":[]}}}",pass,"{""source"":{""1"":3,""11"":5,""2016"":5,""2017"":1,""23"":1,""3"":1,""57"":1},""target"":{""1"":3,""11"":5,""2016"":5,""2017"":1,""23"":1,""3"":1,""57"":1}}",[],[],True,pass,[],False,True,pass,deterministic
KR_6623c47ec5cdef48bc,pass,pass,pass,pass,pass,"{""en"":{""hangul"":0,""latin"":862,""reason"":null,""status"":""pass""},""ko"":{""hangul"":265,""latin"":133,""reason"":null,""status"":""pass""}}",pass,"{""en"":[""[COMPANY_A]"",""[ORGANIZATION_A]"",""[PERSON_A]"",""[PERSON_B]"",""[PERSON_C]"",""[PERSON_D]"",""[PERSON_E]""],""ko"":[""[COMPANY_A]"",""[ORGANIZATION_A]"",""[PERSON_A]"",""[PERSON_B]"",""[PERSON_C]"",""[PERSON_D]"",""[PERSON_E]""],""status"":""pass""}",pass,"{""en"":{""duplicates"":[],""status"":""pass""},""ko"":{""duplicates"":[],""status"":""pass""}}",pass,pass,pass,"{""en"":{""jurisdiction_leakage_evidence"":[],""jurisdiction_leakage_status"":""pass"",""legal_leakage_evidence"":[],""legal_leakage_status"":""pass"",""procedural_leakage_status"":""pass"",""strict_leakage_evidence"":{""currency"":[],""customary_unit"":[],""jurisdiction_placeholder"":[],""kr_institution"":[],""legal_conclusion"":[],""procedural"":[]}},""ko"":{""jurisdiction_leakage_evidence"":[],""jurisdiction_leakage_status"":""pass"",""legal_leakage_evidence"":[],""legal_leakage_status"":""pass"",""procedural_leakage_status"":""pass"",""strict_leakage_evidence"":{""currency"":[],""customary_unit"":[],""jurisdiction_placeholder"":[],""kr_institution"":[],""legal_conclusion"":[],""procedural"":[]}}}",pass,"{""source"":{""1"":2,""10"":2,""12"":1,""14"":1,""1996"":2,""1997"":3,""27"":1,""3"":1,""5"":1,""6"":1,""60"":1,""7"":1},""target"":{""1"":2,""10"":2,""12"":1,""14"":1,""1996"":2,""1997"":3,""27"":1,""3"":1,""5"":1,""6"":1,""60"":1,""7"":1}}",[],[],True,pass,[],False,True,pass,deterministic
KR_68e0deec401c3edd58,pass,pass,pass,pass,pass,"{""en"":{""hangul"":0,""latin"":1513,""reason"":null,""status"":""pass""},""ko"":{""hangul"":380,""latin"":344,""reason"":null,""status"":""pass""}}",pass,"{""en"":[""[COMPANY_A]"",""[COMPANY_B]"",""[CURRENCY_AMOUNT_A]"",""[PERSON_A]"",""[PERSON_B]"",""[PERSON_C]"",""[PERSON_D]"",""[PERSON_E]"",""[PROPERTY_A]""],""ko"":[""[COMPANY_A]"",""[COMPANY_B]"",""[CURRENCY_AMOUNT_A]"",""[PERSON_A]"",""[PERSON_B]"",""[PERSON_C]"",""[PERSON_D]"",""[PERSON_E]"",""[PROPERTY_A]""],""status"":""pass""}",pass,"{""en"":{""duplicates"":[],""status"":""pass""},""ko"":{""duplicates"":[],""status"":""pass""}}",pass,pass,pass,"{""en"":{""jurisdiction_leakage_evidence"":[],""jurisdiction_leakage_status"":""pass"",""legal_leakage_evidence"":[],""legal_leakage_status"":""pass"",""procedural_leakage_status"":""pass"",""strict_leakage_evidence"":{""currency"":[],""customary_unit"":[],""jurisdiction_placeholder"":[],""kr_institution"":[],""legal_conclusion"":[],""procedural"":[]}},""ko"":{""jurisdiction_leakage_evidence"":[],""jurisdiction_leakage_status"":""pass"",""legal_leakage_evidence"":[],""legal_leakage_status"":""pass"",""procedural_leakage_status"":""pass"",""strict_leakage_evidence"":{""currency"":[],""customary_unit"":[],""jurisdiction_placeholder"":[],""kr_institution"":[],""legal_conclusion"":[],""procedural"":[]}}}",pass,"{""source"":{},""target"":{""1"":1}}",[],"[""numerical_unit_status""]",True,pass,[],False,True,fail,semantic_equivalence_confirmed
KR_6c7baac3a6e3991c4e,pass,pass,pass,pass,pass,"{""en"":{""hangul"":0,""latin"":1607,""reason"":null,""status"":""pass""},""ko"":{""hangul"":531,""latin"":68,""reason"":null,""status"":""pass""}}",pass,"{""en"":[""[LOCATION_A]"",""[ORGANIZATION_A]"",""[PERSON_D]"",""[VEHICLE_A]"",""[VEHICLE_B]""],""ko"":[""[LOCATION_A]"",""[ORGANIZATION_A]"",""[PERSON_D]"",""[VEHICLE_A]"",""[VEHICLE_B]""],""status"":""pass""}",pass,"{""en"":{""duplicates"":[],""status"":""pass""},""ko"":{""duplicates"":[],""status"":""pass""}}",pass,pass,pass,"{""en"":{""jurisdiction_leakage_evidence"":[],""jurisdiction_leakage_status"":""pass"",""legal_leakage_evidence"":[],""legal_leakage_status"":""pass"",""procedural_leakage_status"":""pass"",""strict_leakage_evidence"":{""currency"":[],""customary_unit"":[],""jurisdiction_placeholder"":[],""kr_institution"":[],""legal_conclusion"":[],""procedural"":[]}},""ko"":{""jurisdiction_leakage_evidence"":[],""jurisdiction_leakage_status"":""pass"",""legal_leakage_evidence"":[],""legal_leakage_status"":""pass"",""procedural_leakage_status"":""pass"",""strict_leakage_evidence"":{""currency"":[],""customary_unit"":[],""jurisdiction_placeholder"":[],""kr_institution"":[],""legal_conclusion"":[],""procedural"":[]}}}",pass,"{""source"":{""1"":1,""100"":1,""18"":1,""2"":1,""300"":1,""4,000"":1,""9.6"":1},""target"":{""1"":1,""100"":1,""18"":1,""2"":2,""300"":1,""4,000"":1,""9.6"":1}}",[],"[""numerical_unit_status""]",True,pass,[],False,True,fail,semantic_equivalence_confirmed
KR_6e91996913ed443be6,pass,pass,pass,pass,pass,"{""en"":{""hangul"":0,""latin"":1137,""reason"":null,""status"":""pass""},""ko"":{""hangul"":326,""latin"":215,""reason"":null,""status"":""pass""}}",pass,"{""en"":[""[COMPANY_A]"",""[COMPANY_B]"",""[COMPANY_C]"",""[COMPANY_D]"",""[COMPANY_E]"",""[CURRENCY_AMOUNT_A]"",""[PRODUCT_A]""],""ko"":[""[COMPANY_A]"",""[COMPANY_B]"",""[COMPANY_C]"",""[COMPANY_D]"",""[COMPANY_E]"",""[CURRENCY_AMOUNT_A]"",""[PRODUCT_A]""],""status"":""pass""}",pass,"{""en"":{""duplicates"":[],""status"":""pass""},""ko"":{""duplicates"":[],""status"":""pass""}}",pass,pass,pass,"{""en"":{""jurisdiction_leakage_evidence"":[],""jurisdiction_leakage_status"":""pass"",""legal_leakage_evidence"":[],""legal_leakage_status"":""pass"",""procedural_leakage_status"":""pass"",""strict_leakage_evidence"":{""currency"":[],""customary_unit"":[],""jurisdiction_placeholder"":[],""kr_institution"":[],""legal_conclusion"":[],""procedural"":[]}},""ko"":{""jurisdiction_leakage_evidence"":[],""jurisdiction_leakage_status"":""pass"",""legal_leakage_evidence"":[],""legal_leakage_status"":""pass"",""procedural_leakage_status"":""pass"",""strict_leakage_evidence"":{""currency"":[],""customary_unit"":[],""jurisdiction_placeholder"":[],""kr_institution"":[],""legal_conclusion"":[],""procedural"":[]}}}",pass,"{""source"":{""1"":2,""12"":2,""18"":1,""2"":1,""2003"":1,""2006"":2,""2007"":2,""22"":1,""3"":1,""4"":1,""40"":2,""5"":1,""8"":2,""9"":2},""target"":{""1"":2,""12"":2,""18"":1,""2"":1,""2003"":1,""2006"":2,""2007"":2,""22"":1,""3"":1,""4"":1,""40"":2,""5"":1,""8"":2,""9"":2}}",[],[],True,pass,[],False,True,pass,deterministic
KR_78134d127e8ed36369,pass,pass,pass,pass,pass,"{""en"":{""hangul"":0,""latin"":740,""reason"":null,""status"":""pass""},""ko"":{""hangul"":183,""latin"":208,""reason"":null,""status"":""pass""}}",pass,"{""en"":[""[COMPANY_A]"",""[CURRENCY_AMOUNT_A]"",""[LOCATION_A]"",""[PERSON_A]"",""[PERSON_B]"",""[PERSON_C]"",""[PERSON_D]"",""[PROPERTY_A]""],""ko"":[""[COMPANY_A]"",""[CURRENCY_AMOUNT_A]"",""[LOCATION_A]"",""[PERSON_A]"",""[PERSON_B]"",""[PERSON_C]"",""[PERSON_D]"",""[PROPERTY_A]""],""status"":""pass""}",pass,"{""en"":{""duplicates"":[],""status"":""pass""},""ko"":{""duplicates"":[],""status"":""pass""}}",pass,pass,pass,"{""en"":{""jurisdiction_leakage_evidence"":[],""jurisdiction_leakage_status"":""pass"",""legal_leakage_evidence"":[],""legal_leakage_status"":""pass"",""procedural_leakage_status"":""pass"",""strict_leakage_evidence"":{""currency"":[],""customary_unit"":[],""jurisdiction_placeholder"":[],""kr_institution"":[],""legal_conclusion"":[],""procedural"":[]}},""ko"":{""jurisdiction_leakage_evidence"":[],""jurisdiction_leakage_status"":""pass"",""legal_leakage_evidence"":[],""legal_leakage_status"":""pass"",""procedural_leakage_status"":""pass"",""strict_leakage_evidence"":{""currency"":[],""customary_unit"":[],""jurisdiction_placeholder"":[],""kr_institution"":[],""legal_conclusion"":[],""procedural"":[]}}}",pass,"{""source"":{},""target"":{}}",[],[],True,pass,[],False,True,pass,deterministic
KR_7be1ae9174eea5f5f2,pass,pass,pass,pass,pass,"{""en"":{""hangul"":0,""latin"":709,""reason"":null,""status"":""pass""},""ko"":{""hangul"":197,""latin"":159,""reason"":null,""status"":""pass""}}",pass,"{""en"":[""[COMPANY_A]"",""[COMPANY_B]"",""[COMPANY_C]"",""[COMPANY_D]"",""[LOCATION_A]"",""[PERSON_A]"",""[PERSON_B]"",""[VEHICLE_A]""],""ko"":[""[COMPANY_A]"",""[COMPANY_B]"",""[COMPANY_C]"",""[COMPANY_D]"",""[LOCATION_A]"",""[PERSON_A]"",""[PERSON_B]"",""[VEHICLE_A]""],""status"":""pass""}",pass,"{""en"":{""duplicates"":[],""status"":""pass""},""ko"":{""duplicates"":[],""status"":""pass""}}",pass,pass,pass,"{""en"":{""jurisdiction_leakage_evidence"":[],""jurisdiction_leakage_status"":""pass"",""legal_leakage_evidence"":[],""legal_leakage_status"":""pass"",""procedural_leakage_status"":""pass"",""strict_leakage_evidence"":{""currency"":[],""customary_unit"":[],""jurisdiction_placeholder"":[],""kr_institution"":[],""legal_conclusion"":[],""procedural"":[]}},""ko"":{""jurisdiction_leakage_evidence"":[],""jurisdiction_leakage_status"":""pass"",""legal_leakage_evidence"":[],""legal_leakage_status"":""pass"",""procedural_leakage_status"":""pass"",""strict_leakage_evidence"":{""currency"":[],""customary_unit"":[],""jurisdiction_placeholder"":[],""kr_institution"":[],""legal_conclusion"":[],""procedural"":[]}}}",pass,"{""source"":{""100"":1,""115"":1},""target"":{""100"":1,""115"":1}}",[],[],True,pass,[],False,True,pass,deterministic
KR_7f8df551c38264fcbe,pass,pass,pass,pass,pass,"{""en"":{""hangul"":0,""latin"":954,""reason"":null,""status"":""pass""},""ko"":{""hangul"":264,""latin"":174,""reason"":null,""status"":""pass""}}",pass,"{""en"":[""[ORGANIZATION_A]"",""[PERSON_A]"",""[PERSON_C]"",""[PERSON_F]"",""[PERSON_I]"",""[PERSON_K]""],""ko"":[""[ORGANIZATION_A]"",""[PERSON_A]"",""[PERSON_C]"",""[PERSON_F]"",""[PERSON_I]"",""[PERSON_K]""],""status"":""pass""}",pass,"{""en"":{""duplicates"":[],""status"":""pass""},""ko"":{""duplicates"":[],""status"":""pass""}}",pass,pass,pass,"{""en"":{""jurisdiction_leakage_evidence"":[],""jurisdiction_leakage_status"":""pass"",""legal_leakage_evidence"":[],""legal_leakage_status"":""pass"",""procedural_leakage_status"":""pass"",""strict_leakage_evidence"":{""currency"":[],""customary_unit"":[],""jurisdiction_placeholder"":[],""kr_institution"":[],""legal_conclusion"":[],""procedural"":[]}},""ko"":{""jurisdiction_leakage_evidence"":[],""jurisdiction_leakage_status"":""pass"",""legal_leakage_evidence"":[],""legal_leakage_status"":""pass"",""procedural_leakage_status"":""pass"",""strict_leakage_evidence"":{""currency"":[],""customary_unit"":[],""jurisdiction_placeholder"":[],""kr_institution"":[],""legal_conclusion"":[],""procedural"":[]}}}",pass,"{""source"":{""10"":1},""target"":{""9"":1}}",[],"[""numerical_unit_status""]",True,pass,[],False,True,fail,semantic_equivalence_confirmed
KR_80cd6399334ab774b2,pass,pass,pass,pass,pass,"{""en"":{""hangul"":0,""latin"":661,""reason"":null,""status"":""pass""},""ko"":{""hangul"":156,""latin"":198,""reason"":null,""status"":""pass""}}",pass,"{""en"":[""[COMPANY_A]"",""[COMPANY_B]"",""[COMPANY_C]"",""[CURRENCY_AMOUNT_A]"",""[CURRENCY_AMOUNT_B]"",""[CURRENCY_AMOUNT_C]"",""[INSTITUTION_A]"",""[LOCATION_A]"",""[ORGANIZATION_A]"",""[PERSON_A]"",""[PERSON_B]"",""[VEHICLE_A]""],""ko"":[""[COMPANY_A]"",""[COMPANY_B]"",""[COMPANY_C]"",""[CURRENCY_AMOUNT_A]"",""[CURRENCY_AMOUNT_B]"",""[CURRENCY_AMOUNT_C]"",""[INSTITUTION_A]"",""[LOCATION_A]"",""[ORGANIZATION_A]"",""[PERSON_A]"",""[PERSON_B]"",""[VEHICLE_A]""],""status"":""pass""}",pass,"{""en"":{""duplicates"":[],""status"":""pass""},""ko"":{""duplicates"":[],""status"":""pass""}}",pass,pass,pass,"{""en"":{""jurisdiction_leakage_evidence"":[],""jurisdiction_leakage_status"":""pass"",""legal_leakage_evidence"":[],""legal_leakage_status"":""pass"",""procedural_leakage_status"":""pass"",""strict_leakage_evidence"":{""currency"":[],""customary_unit"":[],""jurisdiction_placeholder"":[],""kr_institution"":[],""legal_conclusion"":[],""procedural"":[]}},""ko"":{""jurisdiction_leakage_evidence"":[],""jurisdiction_leakage_status"":""pass"",""legal_leakage_evidence"":[],""legal_leakage_status"":""pass"",""procedural_leakage_status"":""pass"",""strict_leakage_evidence"":{""currency"":[],""customary_unit"":[],""jurisdiction_placeholder"":[],""kr_institution"":[],""legal_conclusion"":[],""procedural"":[]}}}",pass,"{""source"":{""10"":1,""2005"":1,""4"":1},""target"":{""10"":1,""2005"":1,""4"":1}}",[],[],True,pass,[],False,True,pass,deterministic
KR_820a517fce55c93a84,pass,pass,pass,pass,pass,"{""en"":{""hangul"":0,""latin"":551,""reason"":null,""status"":""pass""},""ko"":{""hangul"":150,""latin"":88,""reason"":null,""status"":""pass""}}",pass,"{""en"":[""[COMPANY_A]"",""[CURRENCY_AMOUNT_A]"",""[CURRENCY_AMOUNT_B]"",""[PERSON_A]"",""[PERSON_B]""],""ko"":[""[COMPANY_A]"",""[CURRENCY_AMOUNT_A]"",""[CURRENCY_AMOUNT_B]"",""[PERSON_A]"",""[PERSON_B]""],""status"":""pass""}",pass,"{""en"":{""duplicates"":[],""status"":""pass""},""ko"":{""duplicates"":[],""status"":""pass""}}",pass,pass,pass,"{""en"":{""jurisdiction_leakage_evidence"":[],""jurisdiction_leakage_status"":""pass"",""legal_leakage_evidence"":[],""legal_leakage_status"":""pass"",""procedural_leakage_status"":""pass"",""strict_leakage_evidence"":{""currency"":[],""customary_unit"":[],""jurisdiction_placeholder"":[],""kr_institution"":[],""legal_conclusion"":[],""procedural"":[]}},""ko"":{""jurisdiction_leakage_evidence"":[],""jurisdiction_leakage_status"":""pass"",""legal_leakage_evidence"":[],""legal_leakage_status"":""pass"",""procedural_leakage_status"":""pass"",""strict_leakage_evidence"":{""currency"":[],""customary_unit"":[],""jurisdiction_placeholder"":[],""kr_institution"":[],""legal_conclusion"":[],""procedural"":[]}}}",pass,"{""source"":{""1"":1,""12"":1,""1995"":1,""1999"":2,""2000"":1,""29"":1,""3"":3,""9"":2},""target"":{""1"":1,""12"":1,""1995"":1,""1999"":2,""2000"":1,""29"":1,""3"":3,""9"":2}}",[],[],True,pass,[],False,True,pass,deterministic
KR_86fdfbe3f16878dfcf,pass,pass,pass,pass,pass,"{""en"":{""hangul"":0,""latin"":776,""reason"":null,""status"":""pass""},""ko"":{""hangul"":232,""latin"":171,""reason"":null,""status"":""pass""}}",pass,"{""en"":[""[COMPANY_A]"",""[COMPANY_B]"",""[COMPANY_C]"",""[COMPANY_D]"",""[LOCATION_A]"",""[PERSON_A]"",""[PERSON_B]"",""[PRODUCT_A]""],""ko"":[""[COMPANY_A]"",""[COMPANY_B]"",""[COMPANY_C]"",""[COMPANY_D]"",""[LOCATION_A]"",""[PERSON_A]"",""[PERSON_B]"",""[PRODUCT_A]""],""status"":""pass""}",pass,"{""en"":{""duplicates"":[],""status"":""pass""},""ko"":{""duplicates"":[],""status"":""pass""}}",pass,pass,pass,"{""en"":{""jurisdiction_leakage_evidence"":[],""jurisdiction_leakage_status"":""pass"",""legal_leakage_evidence"":[],""legal_leakage_status"":""pass"",""procedural_leakage_status"":""pass"",""strict_leakage_evidence"":{""currency"":[],""customary_unit"":[],""jurisdiction_placeholder"":[],""kr_institution"":[],""legal_conclusion"":[],""procedural"":[]}},""ko"":{""jurisdiction_leakage_evidence"":[],""jurisdiction_leakage_status"":""pass"",""legal_leakage_evidence"":[],""legal_leakage_status"":""pass"",""procedural_leakage_status"":""pass"",""strict_leakage_evidence"":{""currency"":[],""customary_unit"":[],""jurisdiction_placeholder"":[],""kr_institution"":[],""legal_conclusion"":[],""procedural"":[]}}}",pass,"{""source"":{""11"":1,""2"":1,""2009"":3,""2010"":1,""2013"":1,""3"":1,""30"":1,""6"":1,""8"":1,""9"":1},""target"":{""11"":1,""2"":1,""2009"":3,""2010"":1,""2013"":1,""3"":1,""30"":1,""6"":1,""8"":1,""9"":1}}",[],[],True,pass,[],False,True,pass,deterministic
KR_872d527b52dfbd5927,pass,pass,pass,pass,pass,"{""en"":{""hangul"":0,""latin"":2388,""reason"":null,""status"":""pass""},""ko"":{""hangul"":654,""latin"":289,""reason"":null,""status"":""pass""}}",pass,"{""en"":[""[INSTITUTION_A]"",""[INSTITUTION_B]"",""[ORGANIZATION_A]"",""[PERSON_A]"",""[PERSON_B]"",""[PERSON_C]"",""[PERSON_D]""],""ko"":[""[INSTITUTION_A]"",""[INSTITUTION_B]"",""[ORGANIZATION_A]"",""[PERSON_A]"",""[PERSON_B]"",""[PERSON_C]"",""[PERSON_D]""],""status"":""pass""}",pass,"{""en"":{""duplicates"":[],""status"":""pass""},""ko"":{""duplicates"":[],""status"":""pass""}}",pass,pass,pass,"{""en"":{""jurisdiction_leakage_evidence"":[],""jurisdiction_leakage_status"":""pass"",""legal_leakage_evidence"":[],""legal_leakage_status"":""pass"",""procedural_leakage_status"":""pass"",""strict_leakage_evidence"":{""currency"":[],""customary_unit"":[],""jurisdiction_placeholder"":[],""kr_institution"":[],""legal_conclusion"":[],""procedural"":[]}},""ko"":{""jurisdiction_leakage_evidence"":[],""jurisdiction_leakage_status"":""pass"",""legal_leakage_evidence"":[],""legal_leakage_status"":""pass"",""procedural_leakage_status"":""pass"",""strict_leakage_evidence"":{""currency"":[],""customary_unit"":[],""jurisdiction_placeholder"":[],""kr_institution"":[],""legal_conclusion"":[],""procedural"":[]}}}",pass,"{""source"":{""00"":4,""10"":8,""11"":9,""110"":1,""12"":3,""13"":2,""140"":1,""15"":2,""17"":2,""20"":1,""2015"":3,""25"":1,""28"":1,""29"":1,""3"":1,""30"":1,""33"":1,""4"":1,""42"":4,""45"":1,""47"":1,""55"":2,""63"":1,""65"":2,""70"":1,""73"":1,""75"":1,""80"":1,""85"":1,""89"":1,""95"":1,""97"":1,""98"":1},""target"":{""00"":4,""10"":8,""11"":9,""110"":1,""12"":3,""13"":2,""140"":1,""15"":2,""17"":2,""20"":1,""2015"":3,""25"":1,""28"":1,""29"":1,""30"":1,""33"":1,""4"":2,""42"":4,""45"":1,""47"":1,""55"":2,""63"":1,""65"":2,""70"":1,""73"":1,""75"":1,""80"":1,""85"":1,""89"":1,""95"":1,""97"":1,""98"":1}}",[],"[""numerical_unit_status""]",True,pass,[],False,True,fail,semantic_equivalence_confirmed
KR_882ce243b36c889fda,pass,pass,pass,pass,pass,"{""en"":{""hangul"":0,""latin"":514,""reason"":null,""status"":""pass""},""ko"":{""hangul"":150,""latin"":110,""reason"":null,""status"":""pass""}}",pass,"{""en"":[""[COMPANY_A]"",""[COMPANY_B]"",""[PERSON_A]"",""[PERSON_C]""],""ko"":[""[COMPANY_A]"",""[COMPANY_B]"",""[PERSON_A]"",""[PERSON_C]""],""status"":""pass""}",pass,"{""en"":{""duplicates"":[],""status"":""pass""},""ko"":{""duplicates"":[],""status"":""pass""}}",pass,pass,pass,"{""en"":{""jurisdiction_leakage_evidence"":[],""jurisdiction_leakage_status"":""pass"",""legal_leakage_evidence"":[],""legal_leakage_status"":""pass"",""procedural_leakage_status"":""pass"",""strict_leakage_evidence"":{""currency"":[],""customary_unit"":[],""jurisdiction_placeholder"":[],""kr_institution"":[],""legal_conclusion"":[],""procedural"":[]}},""ko"":{""jurisdiction_leakage_evidence"":[],""jurisdiction_leakage_status"":""pass"",""legal_leakage_evidence"":[],""legal_leakage_status"":""pass"",""procedural_leakage_status"":""pass"",""strict_leakage_evidence"":{""currency"":[],""customary_unit"":[],""jurisdiction_placeholder"":[],""kr_institution"":[],""legal_conclusion"":[],""procedural"":[]}}}",pass,"{""source"":{""1"":3,""15"":1,""19"":1,""1985"":1,""2"":2,""2008"":2,""2010"":1,""25"":1,""7"":1,""8"":1},""target"":{""1"":3,""15"":1,""19"":1,""1985"":1,""2"":2,""2008"":2,""2010"":1,""25"":1,""7"":1,""8"":1}}",[],[],True,pass,[],False,True,pass,deterministic
KR_8954cbe1140427b3ef,pass,pass,pass,pass,pass,"{""en"":{""hangul"":0,""latin"":1482,""reason"":null,""status"":""pass""},""ko"":{""hangul"":523,""latin"":95,""reason"":null,""status"":""pass""}}",pass,"{""en"":[""[COMPANY_A]"",""[PERSON_A]"",""[PRODUCT_A]""],""ko"":[""[COMPANY_A]"",""[PERSON_A]"",""[PRODUCT_A]""],""status"":""pass""}",pass,"{""en"":{""duplicates"":[],""status"":""pass""},""ko"":{""duplicates"":[],""status"":""pass""}}",pass,pass,pass,"{""en"":{""jurisdiction_leakage_evidence"":[],""jurisdiction_leakage_status"":""pass"",""legal_leakage_evidence"":[],""legal_leakage_status"":""pass"",""procedural_leakage_status"":""pass"",""strict_leakage_evidence"":{""currency"":[],""customary_unit"":[],""jurisdiction_placeholder"":[],""kr_institution"":[],""legal_conclusion"":[],""procedural"":[]}},""ko"":{""jurisdiction_leakage_evidence"":[],""jurisdiction_leakage_status"":""pass"",""legal_leakage_evidence"":[],""legal_leakage_status"":""pass"",""procedural_leakage_status"":""pass"",""strict_leakage_evidence"":{""currency"":[],""customary_unit"":[],""jurisdiction_placeholder"":[],""kr_institution"":[],""legal_conclusion"":[],""procedural"":[]}}}",pass,"{""source"":{""1828.8"":1,""25"":1,""8"":1},""target"":{""-8"":1,""1"":1,""1828.8"":1,""25"":1}}",[],"[""numerical_unit_status""]",True,pass,[],False,True,fail,semantic_equivalence_confirmed
KR_8a49a0389073fce149,pass,pass,pass,pass,pass,"{""en"":{""hangul"":0,""latin"":840,""reason"":null,""status"":""pass""},""ko"":{""hangul"":264,""latin"":207,""reason"":null,""status"":""pass""}}",pass,"{""en"":[""[COMPANY_A]"",""[COMPANY_B]"",""[COMPANY_C]"",""[COMPANY_F]"",""[COMPANY_G]"",""[LOCATION_A]"",""[LOCATION_B]"",""[PERSON_A]""],""ko"":[""[COMPANY_A]"",""[COMPANY_B]"",""[COMPANY_C]"",""[COMPANY_F]"",""[COMPANY_G]"",""[LOCATION_A]"",""[LOCATION_B]"",""[PERSON_A]""],""status"":""pass""}",pass,"{""en"":{""duplicates"":[],""status"":""pass""},""ko"":{""duplicates"":[],""status"":""pass""}}",pass,pass,pass,"{""en"":{""jurisdiction_leakage_evidence"":[],""jurisdiction_leakage_status"":""pass"",""legal_leakage_evidence"":[],""legal_leakage_status"":""pass"",""procedural_leakage_status"":""pass"",""strict_leakage_evidence"":{""currency"":[],""customary_unit"":[],""jurisdiction_placeholder"":[],""kr_institution"":[],""legal_conclusion"":[],""procedural"":[]}},""ko"":{""jurisdiction_leakage_evidence"":[],""jurisdiction_leakage_status"":""pass"",""legal_leakage_evidence"":[],""legal_leakage_status"":""pass"",""procedural_leakage_status"":""pass"",""strict_leakage_evidence"":{""currency"":[],""customary_unit"":[],""jurisdiction_placeholder"":[],""kr_institution"":[],""legal_conclusion"":[],""procedural"":[]}}}",pass,"{""source"":{""1"":1,""10"":2,""11"":1,""12"":1,""14"":1,""18"":1,""2000"":1,""2001"":4,""22"":1,""24"":1,""25"":1,""31"":1,""8"":1,""9"":3},""target"":{""00"":1,""1"":1,""10"":2,""11"":1,""12"":1,""14"":1,""18"":1,""2000"":1,""2001"":4,""22"":1,""24"":1,""25"":1,""31"":1,""8"":1,""9"":3}}",[],"[""numerical_unit_status""]",True,pass,[],False,True,fail,semantic_equivalence_confirmed
KR_908095abe4f0d6d327,pass,pass,pass,pass,pass,"{""en"":{""hangul"":0,""latin"":737,""reason"":null,""status"":""pass""},""ko"":{""hangul"":239,""latin"":157,""reason"":null,""status"":""pass""}}",pass,"{""en"":[""[COMPANY_A]"",""[COMPANY_B]"",""[PERSON_A]"",""[PERSON_B]"",""[PERSON_C]"",""[PERSON_D]""],""ko"":[""[COMPANY_A]"",""[COMPANY_B]"",""[PERSON_A]"",""[PERSON_B]"",""[PERSON_C]"",""[PERSON_D]""],""status"":""pass""}",pass,"{""en"":{""duplicates"":[],""status"":""pass""},""ko"":{""duplicates"":[],""status"":""pass""}}",pass,pass,pass,"{""en"":{""jurisdiction_leakage_evidence"":[],""jurisdiction_leakage_status"":""pass"",""legal_leakage_evidence"":[],""legal_leakage_status"":""pass"",""procedural_leakage_status"":""pass"",""strict_leakage_evidence"":{""currency"":[],""customary_unit"":[],""jurisdiction_placeholder"":[],""kr_institution"":[],""legal_conclusion"":[],""procedural"":[]}},""ko"":{""jurisdiction_leakage_evidence"":[],""jurisdiction_leakage_status"":""pass"",""legal_leakage_evidence"":[],""legal_leakage_status"":""pass"",""procedural_leakage_status"":""pass"",""strict_leakage_evidence"":{""currency"":[],""customary_unit"":[],""jurisdiction_placeholder"":[],""kr_institution"":[],""legal_conclusion"":[],""procedural"":[]}}}",pass,"{""source"":{},""target"":{}}",[],[],True,pass,[],False,True,pass,deterministic
KR_91bd2c03cf60df4426,pass,pass,pass,pass,pass,"{""en"":{""hangul"":0,""latin"":1363,""reason"":null,""status"":""pass""},""ko"":{""hangul"":387,""latin"":153,""reason"":null,""status"":""pass""}}",pass,"{""en"":[""[COMPANY_A]"",""[PERSON_A]"",""[PERSON_B]"",""[PERSON_C]"",""[PROPERTY_A]"",""[PROPERTY_B]""],""ko"":[""[COMPANY_A]"",""[PERSON_A]"",""[PERSON_B]"",""[PERSON_C]"",""[PROPERTY_A]"",""[PROPERTY_B]""],""status"":""pass""}",pass,"{""en"":{""duplicates"":[],""status"":""pass""},""ko"":{""duplicates"":[],""status"":""pass""}}",pass,pass,pass,"{""en"":{""jurisdiction_leakage_evidence"":[],""jurisdiction_leakage_status"":""pass"",""legal_leakage_evidence"":[],""legal_leakage_status"":""pass"",""procedural_leakage_status"":""pass"",""strict_leakage_evidence"":{""currency"":[],""customary_unit"":[],""jurisdiction_placeholder"":[],""kr_institution"":[],""legal_conclusion"":[],""procedural"":[]}},""ko"":{""jurisdiction_leakage_evidence"":[],""jurisdiction_leakage_status"":""pass"",""legal_leakage_evidence"":[],""legal_leakage_status"":""pass"",""procedural_leakage_status"":""pass"",""strict_leakage_evidence"":{""currency"":[],""customary_unit"":[],""jurisdiction_placeholder"":[],""kr_institution"":[],""legal_conclusion"":[],""procedural"":[]}}}",pass,"{""source"":{""1"":2,""13"":1,""15"":1,""1977"":1,""2"":1,""2017"":1,""2019"":5,""2022"":1,""24"":2,""25"":1,""3"":2,""36"":1,""4"":1,""5"":2,""6"":1,""7"":1},""target"":{""1"":2,""13"":1,""15"":1,""1977"":1,""2"":1,""2017"":1,""2019"":6,""2022"":1,""24"":2,""25"":1,""3"":2,""36"":1,""4"":1,""5"":2,""6"":1,""7"":1}}",[],"[""numerical_unit_status""]",True,pass,[],False,True,fail,semantic_equivalence_confirmed
KR_934df9d2f48650c256,pass,pass,pass,pass,pass,"{""en"":{""hangul"":0,""latin"":2239,""reason"":null,""status"":""pass""},""ko"":{""hangul"":701,""latin"":330,""reason"":null,""status"":""pass""}}",pass,"{""en"":[""[COMPANY_C]"",""[PERSON_A]"",""[PERSON_B]"",""[PERSON_C]"",""[PERSON_D]"",""[PERSON_F]"",""[VEHICLE_A]"",""[VEHICLE_B]"",""[VEHICLE_C]""],""ko"":[""[COMPANY_C]"",""[PERSON_A]"",""[PERSON_B]"",""[PERSON_C]"",""[PERSON_D]"",""[PERSON_F]"",""[VEHICLE_A]"",""[VEHICLE_B]"",""[VEHICLE_C]""],""status"":""pass""}",pass,"{""en"":{""duplicates"":[],""status"":""pass""},""ko"":{""duplicates"":[],""status"":""pass""}}",pass,pass,pass,"{""en"":{""jurisdiction_leakage_evidence"":[],""jurisdiction_leakage_status"":""pass"",""legal_leakage_evidence"":[],""legal_leakage_status"":""pass"",""procedural_leakage_status"":""pass"",""strict_leakage_evidence"":{""currency"":[],""customary_unit"":[],""jurisdiction_placeholder"":[],""kr_institution"":[],""legal_conclusion"":[],""procedural"":[]}},""ko"":{""jurisdiction_leakage_evidence"":[],""jurisdiction_leakage_status"":""pass"",""legal_leakage_evidence"":[],""legal_leakage_status"":""pass"",""procedural_leakage_status"":""pass"",""strict_leakage_evidence"":{""currency"":[],""customary_unit"":[],""jurisdiction_placeholder"":[],""kr_institution"":[],""legal_conclusion"":[],""procedural"":[]}}}",pass,"{""source"":{""00"":1,""03"":1,""12"":1,""13"":1,""15"":2,""2006"":2,""22"":1,""3"":1,""3.70"":1,""300"":1,""35"":1,""5.56"":1,""7"":2,""9.26"":1},""target"":{""00"":1,""03"":1,""12"":1,""13"":1,""15"":2,""2006"":2,""22"":1,""3"":1,""3.70"":1,""300"":1,""35"":1,""5.56"":1,""7"":2,""9.26"":1}}",[],[],True,pass,[],False,True,pass,deterministic
KR_94e863154231995db3,pass,pass,pass,pass,pass,"{""en"":{""hangul"":0,""latin"":1753,""reason"":null,""status"":""pass""},""ko"":{""hangul"":484,""latin"":192,""reason"":null,""status"":""pass""}}",pass,"{""en"":[""[COMPANY_A]"",""[COMPANY_B]"",""[COMPANY_C]"",""[INSTITUTION_A]"",""[ORGANIZATION_A]""],""ko"":[""[COMPANY_A]"",""[COMPANY_B]"",""[COMPANY_C]"",""[INSTITUTION_A]"",""[ORGANIZATION_A]""],""status"":""pass""}",pass,"{""en"":{""duplicates"":[],""status"":""pass""},""ko"":{""duplicates"":[],""status"":""pass""}}",pass,pass,pass,"{""en"":{""jurisdiction_leakage_evidence"":[],""jurisdiction_leakage_status"":""pass"",""legal_leakage_evidence"":[],""legal_leakage_status"":""pass"",""procedural_leakage_status"":""pass"",""strict_leakage_evidence"":{""currency"":[],""customary_unit"":[],""jurisdiction_placeholder"":[],""kr_institution"":[],""legal_conclusion"":[],""procedural"":[]}},""ko"":{""jurisdiction_leakage_evidence"":[],""jurisdiction_leakage_status"":""pass"",""legal_leakage_evidence"":[],""legal_leakage_status"":""pass"",""procedural_leakage_status"":""pass"",""strict_leakage_evidence"":{""currency"":[],""customary_unit"":[],""jurisdiction_placeholder"":[],""kr_institution"":[],""legal_conclusion"":[],""procedural"":[]}}}",pass,"{""source"":{""12"":1,""19"":1,""1996"":1},""target"":{""1"":1,""12"":1,""19"":1,""1996"":1}}",[],"[""numerical_unit_status""]",True,pass,[],False,True,fail,semantic_equivalence_confirmed
KR_9dad33b6d6293b40f2,pass,pass,pass,pass,pass,"{""en"":{""hangul"":0,""latin"":1267,""reason"":null,""status"":""pass""},""ko"":{""hangul"":380,""latin"":99,""reason"":null,""status"":""pass""}}",pass,"{""en"":[""[CURRENCY_AMOUNT_A]"",""[INSTITUTION_A]"",""[PERSON_A]"",""[PERSON_B]""],""ko"":[""[CURRENCY_AMOUNT_A]"",""[INSTITUTION_A]"",""[PERSON_A]"",""[PERSON_B]""],""status"":""pass""}",pass,"{""en"":{""duplicates"":[],""status"":""pass""},""ko"":{""duplicates"":[],""status"":""pass""}}",pass,pass,pass,"{""en"":{""jurisdiction_leakage_evidence"":[],""jurisdiction_leakage_status"":""pass"",""legal_leakage_evidence"":[],""legal_leakage_status"":""pass"",""procedural_leakage_status"":""pass"",""strict_leakage_evidence"":{""currency"":[],""customary_unit"":[],""jurisdiction_placeholder"":[],""kr_institution"":[],""legal_conclusion"":[],""procedural"":[]}},""ko"":{""jurisdiction_leakage_evidence"":[],""jurisdiction_leakage_status"":""pass"",""legal_leakage_evidence"":[],""legal_leakage_status"":""pass"",""procedural_leakage_status"":""pass"",""strict_leakage_evidence"":{""currency"":[],""customary_unit"":[],""jurisdiction_placeholder"":[],""kr_institution"":[],""legal_conclusion"":[],""procedural"":[]}}}",pass,"{""source"":{""10"":2,""11"":1,""12"":2,""13"":1,""17"":1,""1993"":2,""1994"":1,""1997"":1,""1998"":1,""5"":1,""7"":1},""target"":{""10"":2,""11"":1,""12"":2,""13"":1,""17"":1,""1993"":2,""1994"":1,""1997"":1,""1998"":1,""5"":1,""7"":1}}",[],[],True,pass,[],False,True,pass,deterministic
KR_9fa690d66617cf987e,pass,pass,pass,pass,pass,"{""en"":{""hangul"":0,""latin"":923,""reason"":null,""status"":""pass""},""ko"":{""hangul"":270,""latin"":76,""reason"":null,""status"":""pass""}}",pass,"{""en"":[""[COMPANY_A]"",""[INSTITUTION_A]"",""[PERSON_A]"",""[PERSON_C]""],""ko"":[""[COMPANY_A]"",""[INSTITUTION_A]"",""[PERSON_A]"",""[PERSON_C]""],""status"":""pass""}",pass,"{""en"":{""duplicates"":[],""status"":""pass""},""ko"":{""duplicates"":[],""status"":""pass""}}",pass,pass,pass,"{""en"":{""jurisdiction_leakage_evidence"":[],""jurisdiction_leakage_status"":""pass"",""legal_leakage_evidence"":[],""legal_leakage_status"":""pass"",""procedural_leakage_status"":""pass"",""strict_leakage_evidence"":{""currency"":[],""customary_unit"":[],""jurisdiction_placeholder"":[],""kr_institution"":[],""legal_conclusion"":[],""procedural"":[]}},""ko"":{""jurisdiction_leakage_evidence"":[],""jurisdiction_leakage_status"":""pass"",""legal_leakage_evidence"":[],""legal_leakage_status"":""pass"",""procedural_leakage_status"":""pass"",""strict_leakage_evidence"":{""currency"":[],""customary_unit"":[],""jurisdiction_placeholder"":[],""kr_institution"":[],""legal_conclusion"":[],""procedural"":[]}}}",pass,"{""source"":{},""target"":{}}",[],[],True,pass,[],False,True,pass,deterministic
KR_9ff8adb69f213e129e,pass,pass,pass,pass,pass,"{""en"":{""hangul"":0,""latin"":1705,""reason"":null,""status"":""pass""},""ko"":{""hangul"":455,""latin"":161,""reason"":null,""status"":""pass""}}",pass,"{""en"":[""[COMPANY_A]"",""[COMPANY_B]"",""[COMPANY_C]"",""[LOCATION_A]"",""[LOCATION_B]"",""[LOCATION_C]"",""[LOCATION_D]"",""[LOCATION_E]"",""[LOCATION_F]"",""[LOCATION_G]"",""[PERSON_A]"",""[PROPERTY_A]""],""ko"":[""[COMPANY_A]"",""[COMPANY_B]"",""[COMPANY_C]"",""[LOCATION_A]"",""[LOCATION_B]"",""[LOCATION_C]"",""[LOCATION_D]"",""[LOCATION_E]"",""[LOCATION_F]"",""[LOCATION_G]"",""[PERSON_A]"",""[PROPERTY_A]""],""status"":""pass""}",pass,"{""en"":{""duplicates"":[],""status"":""pass""},""ko"":{""duplicates"":[],""status"":""pass""}}",pass,pass,pass,"{""en"":{""jurisdiction_leakage_evidence"":[],""jurisdiction_leakage_status"":""pass"",""legal_leakage_evidence"":[],""legal_leakage_status"":""pass"",""procedural_leakage_status"":""pass"",""strict_leakage_evidence"":{""currency"":[],""customary_unit"":[],""jurisdiction_placeholder"":[],""kr_institution"":[],""legal_conclusion"":[],""procedural"":[]}},""ko"":{""jurisdiction_leakage_evidence"":[],""jurisdiction_leakage_status"":""pass"",""legal_leakage_evidence"":[],""legal_leakage_status"":""pass"",""procedural_leakage_status"":""pass"",""strict_leakage_evidence"":{""currency"":[],""customary_unit"":[],""jurisdiction_placeholder"":[],""kr_institution"":[],""legal_conclusion"":[],""procedural"":[]}}}",pass,"{""source"":{""1"":2,""1,024"":3,""11"":1,""1992"":1,""1995"":2,""1996"":1,""1998"":1,""2"":2,""215"":1,""25"":1,""278"":1,""28"":1,""3"":1,""354"":1,""4"":2,""453"":1,""6"":1,""62"":1,""7"":1,""77"":1,""8"":1,""9"":3},""target"":{""1"":3,""1,024"":3,""11"":1,""1992"":1,""1995"":2,""1996"":1,""1998"":1,""2"":1,""215"":1,""25"":1,""278"":1,""28"":1,""3"":2,""354"":1,""4"":1,""453"":1,""5"":1,""6"":1,""62"":1,""7"":1,""77"":1,""8"":1,""9"":3}}",[],"[""numerical_unit_status""]",True,pass,[],False,True,fail,semantic_equivalence_confirmed
KR_a3d84a1ae8d86e74c5,pass,pass,pass,pass,pass,"{""en"":{""hangul"":0,""latin"":1460,""reason"":null,""status"":""pass""},""ko"":{""hangul"":426,""latin"":389,""reason"":null,""status"":""pass""}}",pass,"{""en"":[""[COMPANY_C]"",""[COMPANY_D]"",""[COMPANY_E]"",""[CURRENCY_AMOUNT_A]"",""[CURRENCY_AMOUNT_B]"",""[PERSON_A]"",""[PERSON_C]"",""[PERSON_D]"",""[PERSON_E]"",""[PERSON_F]"",""[PERSON_G]"",""[PRODUCT_A]"",""[VEHICLE_A]""],""ko"":[""[COMPANY_C]"",""[COMPANY_D]"",""[COMPANY_E]"",""[CURRENCY_AMOUNT_A]"",""[CURRENCY_AMOUNT_B]"",""[PERSON_A]"",""[PERSON_C]"",""[PERSON_D]"",""[PERSON_E]"",""[PERSON_F]"",""[PERSON_G]"",""[PRODUCT_A]"",""[VEHICLE_A]""],""status"":""pass""}",pass,"{""en"":{""duplicates"":[],""status"":""pass""},""ko"":{""duplicates"":[],""status"":""pass""}}",pass,pass,pass,"{""en"":{""jurisdiction_leakage_evidence"":[],""jurisdiction_leakage_status"":""pass"",""legal_leakage_evidence"":[],""legal_leakage_status"":""pass"",""procedural_leakage_status"":""pass"",""strict_leakage_evidence"":{""currency"":[],""customary_unit"":[],""jurisdiction_placeholder"":[],""kr_institution"":[],""legal_conclusion"":[],""procedural"":[]}},""ko"":{""jurisdiction_leakage_evidence"":[],""jurisdiction_leakage_status"":""pass"",""legal_leakage_evidence"":[],""legal_leakage_status"":""pass"",""procedural_leakage_status"":""pass"",""strict_leakage_evidence"":{""currency"":[],""customary_unit"":[],""jurisdiction_placeholder"":[],""kr_institution"":[],""legal_conclusion"":[],""procedural"":[]}}}",pass,"{""source"":{""17"":2,""2000"":4,""21"":2,""27"":1,""4"":2,""5"":2},""target"":{""17"":2,""2000"":4,""21"":2,""27"":1,""4"":2,""5"":2}}",[],[],True,pass,[],False,True,pass,deterministic
KR_a41002435a915c75d1,pass,pass,pass,pass,pass,"{""en"":{""hangul"":0,""latin"":1909,""reason"":null,""status"":""pass""},""ko"":{""hangul"":585,""latin"":223,""reason"":null,""status"":""pass""}}",pass,"{""en"":[""[INSTITUTION_A]"",""[ORGANIZATION_A]"",""[PERSON_A]"",""[PERSON_B]"",""[PERSON_C]"",""[PERSON_D]""],""ko"":[""[INSTITUTION_A]"",""[ORGANIZATION_A]"",""[PERSON_A]"",""[PERSON_B]"",""[PERSON_C]"",""[PERSON_D]""],""status"":""pass""}",pass,"{""en"":{""duplicates"":[],""status"":""pass""},""ko"":{""duplicates"":[],""status"":""pass""}}",pass,pass,pass,"{""en"":{""jurisdiction_leakage_evidence"":[],""jurisdiction_leakage_status"":""pass"",""legal_leakage_evidence"":[],""legal_leakage_status"":""pass"",""procedural_leakage_status"":""pass"",""strict_leakage_evidence"":{""currency"":[],""customary_unit"":[],""jurisdiction_placeholder"":[],""kr_institution"":[],""legal_conclusion"":[],""procedural"":[]}},""ko"":{""jurisdiction_leakage_evidence"":[],""jurisdiction_leakage_status"":""pass"",""legal_leakage_evidence"":[],""legal_leakage_status"":""pass"",""procedural_leakage_status"":""pass"",""strict_leakage_evidence"":{""currency"":[],""customary_unit"":[],""jurisdiction_placeholder"":[],""kr_institution"":[],""legal_conclusion"":[],""procedural"":[]}}}",pass,"{""source"":{""1"":1,""10"":3,""100"":1,""11"":3,""14"":1,""15"":1,""18"":1,""2"":1,""20"":1,""2004"":1,""2008"":1,""25"":1,""3"":1,""31"":1,""4"":2,""50"":1,""57"":1,""7"":1,""72"":2,""82"":1,""85"":1},""target"":{""00"":2,""1"":1,""10"":3,""100"":1,""11"":3,""18"":1,""2"":2,""20"":1,""2004"":1,""2008"":1,""25"":1,""3"":2,""31"":1,""4"":2,""50"":1,""57"":1,""7"":1,""72"":2,""82"":1,""85"":1}}",[],"[""numerical_unit_status""]",True,pass,[],False,True,fail,semantic_equivalence_confirmed
KR_ab2b68c40724d0aa92,pass,pass,pass,pass,pass,"{""en"":{""hangul"":0,""latin"":1255,""reason"":null,""status"":""pass""},""ko"":{""hangul"":377,""latin"":129,""reason"":null,""status"":""pass""}}",pass,"{""en"":[""[INSTITUTION_A]"",""[LOCATION_A]"",""[ORGANIZATION_A]"",""[PERSON_A]""],""ko"":[""[INSTITUTION_A]"",""[LOCATION_A]"",""[ORGANIZATION_A]"",""[PERSON_A]""],""status"":""pass""}",pass,"{""en"":{""duplicates"":[],""status"":""pass""},""ko"":{""duplicates"":[],""status"":""pass""}}",pass,pass,pass,"{""en"":{""jurisdiction_leakage_evidence"":[],""jurisdiction_leakage_status"":""pass"",""legal_leakage_evidence"":[],""legal_leakage_status"":""pass"",""procedural_leakage_status"":""pass"",""strict_leakage_evidence"":{""currency"":[],""customary_unit"":[],""jurisdiction_placeholder"":[],""kr_institution"":[],""legal_conclusion"":[],""procedural"":[]}},""ko"":{""jurisdiction_leakage_evidence"":[],""jurisdiction_leakage_status"":""pass"",""legal_leakage_evidence"":[],""legal_leakage_status"":""pass"",""procedural_leakage_status"":""pass"",""strict_leakage_evidence"":{""currency"":[],""customary_unit"":[],""jurisdiction_placeholder"":[],""kr_institution"":[],""legal_conclusion"":[],""procedural"":[]}}}",pass,"{""source"":{""00"":2,""1"":2,""18"":2,""19"":6,""2"":1,""2.5"":1,""20"":4,""21"":2,""27.1"":1,""30"":2,""30.7"":1,""36"":1,""44"":3,""50"":1,""60"":1,""80"":1,""800"":1},""target"":{""00"":2,""1"":2,""18"":2,""19"":6,""2.5"":1,""20"":4,""21"":2,""27.1"":1,""3"":1,""30"":2,""30.7"":1,""36"":1,""44"":3,""50"":1,""60"":1,""80"":1,""800"":1}}",[],"[""numerical_unit_status""]",True,pass,[],False,True,fail,semantic_equivalence_confirmed
KR_ac6643f28f1a875a1b,pass,pass,pass,pass,pass,"{""en"":{""hangul"":0,""latin"":939,""reason"":null,""status"":""pass""},""ko"":{""hangul"":290,""latin"":196,""reason"":null,""status"":""pass""}}",pass,"{""en"":[""[CURRENCY_AMOUNT_A]"",""[ORGANIZATION_A]"",""[PERSON_A]"",""[PERSON_B]"",""[PERSON_C]"",""[PERSON_D]"",""[PERSON_E]""],""ko"":[""[CURRENCY_AMOUNT_A]"",""[ORGANIZATION_A]"",""[PERSON_A]"",""[PERSON_B]"",""[PERSON_C]"",""[PERSON_D]"",""[PERSON_E]""],""status"":""pass""}",pass,"{""en"":{""duplicates"":[],""status"":""pass""},""ko"":{""duplicates"":[],""status"":""pass""}}",pass,pass,pass,"{""en"":{""jurisdiction_leakage_evidence"":[],""jurisdiction_leakage_status"":""pass"",""legal_leakage_evidence"":[],""legal_leakage_status"":""pass"",""procedural_leakage_status"":""pass"",""strict_leakage_evidence"":{""currency"":[],""customary_unit"":[],""jurisdiction_placeholder"":[],""kr_institution"":[],""legal_conclusion"":[],""procedural"":[]}},""ko"":{""jurisdiction_leakage_evidence"":[],""jurisdiction_leakage_status"":""pass"",""legal_leakage_evidence"":[],""legal_leakage_status"":""pass"",""procedural_leakage_status"":""pass"",""strict_leakage_evidence"":{""currency"":[],""customary_unit"":[],""jurisdiction_placeholder"":[],""kr_institution"":[],""legal_conclusion"":[],""procedural"":[]}}}",pass,"{""source"":{""2"":1,""40"":1},""target"":{""2"":1,""40"":1}}",[],[],True,pass,[],False,True,pass,deterministic
KR_adf561060b125d6b87,pass,pass,pass,pass,pass,"{""en"":{""hangul"":0,""latin"":533,""reason"":null,""status"":""pass""},""ko"":{""hangul"":145,""latin"":44,""reason"":null,""status"":""pass""}}",pass,"{""en"":[""[COMPANY_C]"",""[CURRENCY_AMOUNT_A]"",""[PERSON_A]""],""ko"":[""[COMPANY_C]"",""[CURRENCY_AMOUNT_A]"",""[PERSON_A]""],""status"":""pass""}",pass,"{""en"":{""duplicates"":[],""status"":""pass""},""ko"":{""duplicates"":[],""status"":""pass""}}",pass,pass,pass,"{""en"":{""jurisdiction_leakage_evidence"":[],""jurisdiction_leakage_status"":""pass"",""legal_leakage_evidence"":[],""legal_leakage_status"":""pass"",""procedural_leakage_status"":""pass"",""strict_leakage_evidence"":{""currency"":[],""customary_unit"":[],""jurisdiction_placeholder"":[],""kr_institution"":[],""legal_conclusion"":[],""procedural"":[]}},""ko"":{""jurisdiction_leakage_evidence"":[],""jurisdiction_leakage_status"":""pass"",""legal_leakage_evidence"":[],""legal_leakage_status"":""pass"",""procedural_leakage_status"":""pass"",""strict_leakage_evidence"":{""currency"":[],""customary_unit"":[],""jurisdiction_placeholder"":[],""kr_institution"":[],""legal_conclusion"":[],""procedural"":[]}}}",pass,"{""source"":{""12"":1,""2000"":1,""26"":1},""target"":{""12"":1,""2000"":1,""26"":1}}",[],[],True,pass,[],False,True,pass,deterministic
KR_af61f4590681c75f54,pass,pass,pass,pass,pass,"{""en"":{""hangul"":0,""latin"":706,""reason"":null,""status"":""pass""},""ko"":{""hangul"":216,""latin"":179,""reason"":null,""status"":""pass""}}",pass,"{""en"":[""[COMPANY_A]"",""[PERSON_A]"",""[PERSON_B]"",""[PERSON_D]""],""ko"":[""[COMPANY_A]"",""[PERSON_A]"",""[PERSON_B]"",""[PERSON_D]""],""status"":""pass""}",pass,"{""en"":{""duplicates"":[],""status"":""pass""},""ko"":{""duplicates"":[],""status"":""pass""}}",pass,pass,pass,"{""en"":{""jurisdiction_leakage_evidence"":[],""jurisdiction_leakage_status"":""pass"",""legal_leakage_evidence"":[],""legal_leakage_status"":""pass"",""procedural_leakage_status"":""pass"",""strict_leakage_evidence"":{""currency"":[],""customary_unit"":[],""jurisdiction_placeholder"":[],""kr_institution"":[],""legal_conclusion"":[],""procedural"":[]}},""ko"":{""jurisdiction_leakage_evidence"":[],""jurisdiction_leakage_status"":""pass"",""legal_leakage_evidence"":[],""legal_leakage_status"":""pass"",""procedural_leakage_status"":""pass"",""strict_leakage_evidence"":{""currency"":[],""customary_unit"":[],""jurisdiction_placeholder"":[],""kr_institution"":[],""legal_conclusion"":[],""procedural"":[]}}}",pass,"{""source"":{""1948"":1,""1953"":1,""1958"":1,""1997"":1,""1999"":1,""2"":2,""2004"":1,""2013"":1,""2018"":1,""2023"":1,""28"":1,""29"":1,""31"":1,""8"":1},""target"":{""1948"":1,""1953"":1,""1958"":1,""1997"":1,""1999"":1,""2"":2,""2004"":1,""2013"":1,""2018"":1,""2023"":1,""28"":1,""29"":1,""31"":1,""8"":1}}",[],[],True,pass,[],False,True,pass,deterministic
KR_b1623e21ca7095a358,pass,pass,pass,pass,pass,"{""en"":{""hangul"":0,""latin"":738,""reason"":null,""status"":""pass""},""ko"":{""hangul"":208,""latin"":212,""reason"":null,""status"":""pass""}}",pass,"{""en"":[""[ORGANIZATION_A]"",""[ORGANIZATION_B]"",""[ORGANIZATION_C]"",""[ORGANIZATION_D]"",""[PERSON_A]""],""ko"":[""[ORGANIZATION_A]"",""[ORGANIZATION_B]"",""[ORGANIZATION_C]"",""[ORGANIZATION_D]"",""[PERSON_A]""],""status"":""pass""}",pass,"{""en"":{""duplicates"":[],""status"":""pass""},""ko"":{""duplicates"":[],""status"":""pass""}}",pass,pass,pass,"{""en"":{""jurisdiction_leakage_evidence"":[],""jurisdiction_leakage_status"":""pass"",""legal_leakage_evidence"":[],""legal_leakage_status"":""pass"",""procedural_leakage_status"":""pass"",""strict_leakage_evidence"":{""currency"":[],""customary_unit"":[],""jurisdiction_placeholder"":[],""kr_institution"":[],""legal_conclusion"":[],""procedural"":[]}},""ko"":{""jurisdiction_leakage_evidence"":[],""jurisdiction_leakage_status"":""pass"",""legal_leakage_evidence"":[],""legal_leakage_status"":""pass"",""procedural_leakage_status"":""pass"",""strict_leakage_evidence"":{""currency"":[],""customary_unit"":[],""jurisdiction_placeholder"":[],""kr_institution"":[],""legal_conclusion"":[],""procedural"":[]}}}",pass,"{""source"":{""2019"":1,""4"":1,""9"":1},""target"":{""2019"":1,""4"":1,""9"":1}}",[],[],True,pass,[],False,True,pass,deterministic
KR_b24448d722a0190549,pass,pass,pass,pass,pass,"{""en"":{""hangul"":0,""latin"":2530,""reason"":null,""status"":""pass""},""ko"":{""hangul"":733,""latin"":236,""reason"":null,""status"":""pass""}}",pass,"{""en"":[""[ORGANIZATION_B]"",""[ORGANIZATION_C]"",""[ORGANIZATION_D]"",""[PERSON_A]"",""[PERSON_C]"",""[PERSON_D]"",""[PERSON_H]"",""[PERSON_I]""],""ko"":[""[ORGANIZATION_B]"",""[ORGANIZATION_C]"",""[ORGANIZATION_D]"",""[PERSON_A]"",""[PERSON_C]"",""[PERSON_D]"",""[PERSON_H]"",""[PERSON_I]""],""status"":""pass""}",pass,"{""en"":{""duplicates"":[],""status"":""pass""},""ko"":{""duplicates"":[],""status"":""pass""}}",pass,pass,pass,"{""en"":{""jurisdiction_leakage_evidence"":[],""jurisdiction_leakage_status"":""pass"",""legal_leakage_evidence"":[],""legal_leakage_status"":""pass"",""procedural_leakage_status"":""pass"",""strict_leakage_evidence"":{""currency"":[],""customary_unit"":[],""jurisdiction_placeholder"":[],""kr_institution"":[],""legal_conclusion"":[],""procedural"":[]}},""ko"":{""jurisdiction_leakage_evidence"":[],""jurisdiction_leakage_status"":""pass"",""legal_leakage_evidence"":[],""legal_leakage_status"":""pass"",""procedural_leakage_status"":""pass"",""strict_leakage_evidence"":{""currency"":[],""customary_unit"":[],""jurisdiction_placeholder"":[],""kr_institution"":[],""legal_conclusion"":[],""procedural"":[]}}}",pass,"{""source"":{""1"":3,""10"":1,""11"":1,""16"":1,""2"":1,""20"":1,""2000"":2,""2002"":4,""26"":1,""28"":1,""3"":1,""30"":1,""300"":1,""400"":1,""8"":2,""9"":1},""target"":{""1"":3,""10"":1,""11"":1,""16"":1,""2"":1,""20"":1,""2000"":2,""2002"":4,""26"":1,""28"":1,""3"":2,""30"":1,""300"":1,""400"":1,""8"":2,""9"":1}}",[],"[""numerical_unit_status""]",True,pass,[],False,True,fail,semantic_equivalence_confirmed
KR_b7cbce3536a0f4f763,pass,pass,pass,pass,pass,"{""en"":{""hangul"":0,""latin"":2166,""reason"":null,""status"":""pass""},""ko"":{""hangul"":623,""latin"":405,""reason"":null,""status"":""pass""}}",pass,"{""en"":[""[COMPANY_A]"",""[COMPANY_B]"",""[COMPANY_C]"",""[COMPANY_D]"",""[COMPANY_E]"",""[CURRENCY_AMOUNT_A]"",""[PERSON_A]"",""[PERSON_B]"",""[PERSON_C]"",""[PRODUCT_B]""],""ko"":[""[COMPANY_A]"",""[COMPANY_B]"",""[COMPANY_C]"",""[COMPANY_D]"",""[COMPANY_E]"",""[CURRENCY_AMOUNT_A]"",""[PERSON_A]"",""[PERSON_B]"",""[PERSON_C]"",""[PRODUCT_B]""],""status"":""pass""}",pass,"{""en"":{""duplicates"":[],""status"":""pass""},""ko"":{""duplicates"":[],""status"":""pass""}}",pass,pass,pass,"{""en"":{""jurisdiction_leakage_evidence"":[],""jurisdiction_leakage_status"":""pass"",""legal_leakage_evidence"":[],""legal_leakage_status"":""pass"",""procedural_leakage_status"":""pass"",""strict_leakage_evidence"":{""currency"":[],""customary_unit"":[],""jurisdiction_placeholder"":[],""kr_institution"":[],""legal_conclusion"":[],""procedural"":[]}},""ko"":{""jurisdiction_leakage_evidence"":[],""jurisdiction_leakage_status"":""pass"",""legal_leakage_evidence"":[],""legal_leakage_status"":""pass"",""procedural_leakage_status"":""pass"",""strict_leakage_evidence"":{""currency"":[],""customary_unit"":[],""jurisdiction_placeholder"":[],""kr_institution"":[],""legal_conclusion"":[],""procedural"":[]}}}",pass,"{""source"":{""10"":1,""12"":1,""16"":1,""2"":2,""2007"":2,""2008"":2,""2009"":1,""3"":1,""4"":1,""6"":2,""7"":1,""8"":2},""target"":{""10"":1,""12"":1,""16"":1,""2"":2,""2007"":2,""2008"":2,""2009"":1,""3"":1,""4"":1,""6"":2,""7"":1,""8"":2}}",[],[],True,pass,[],False,True,pass,deterministic
KR_b7d634c2e03993e164,pass,pass,pass,pass,pass,"{""en"":{""hangul"":0,""latin"":1090,""reason"":null,""status"":""pass""},""ko"":{""hangul"":331,""latin"":126,""reason"":null,""status"":""pass""}}",pass,"{""en"":[""[INSTITUTION_A]"",""[ORGANIZATION_A]"",""[PERSON_A]"",""[PERSON_B]"",""[PERSON_C]""],""ko"":[""[INSTITUTION_A]"",""[ORGANIZATION_A]"",""[PERSON_A]"",""[PERSON_B]"",""[PERSON_C]""],""status"":""pass""}",pass,"{""en"":{""duplicates"":[],""status"":""pass""},""ko"":{""duplicates"":[],""status"":""pass""}}",pass,pass,pass,"{""en"":{""jurisdiction_leakage_evidence"":[],""jurisdiction_leakage_status"":""pass"",""legal_leakage_evidence"":[],""legal_leakage_status"":""pass"",""procedural_leakage_status"":""pass"",""strict_leakage_evidence"":{""currency"":[],""customary_unit"":[],""jurisdiction_placeholder"":[],""kr_institution"":[],""legal_conclusion"":[],""procedural"":[]}},""ko"":{""jurisdiction_leakage_evidence"":[],""jurisdiction_leakage_status"":""pass"",""legal_leakage_evidence"":[],""legal_leakage_status"":""pass"",""procedural_leakage_status"":""pass"",""strict_leakage_evidence"":{""currency"":[],""customary_unit"":[],""jurisdiction_placeholder"":[],""kr_institution"":[],""legal_conclusion"":[],""procedural"":[]}}}",pass,"{""source"":{""1"":1},""target"":{""1"":1}}",[],[],True,pass,[],False,True,pass,deterministic
KR_b8c149d3a7eebfddda,pass,pass,pass,pass,pass,"{""en"":{""hangul"":0,""latin"":1503,""reason"":null,""status"":""pass""},""ko"":{""hangul"":453,""latin"":169,""reason"":null,""status"":""pass""}}",pass,"{""en"":[""[COMPANY_A]"",""[PERSON_A]"",""[PERSON_C]""],""ko"":[""[COMPANY_A]"",""[PERSON_A]"",""[PERSON_C]""],""status"":""pass""}",pass,"{""en"":{""duplicates"":[],""status"":""pass""},""ko"":{""duplicates"":[],""status"":""pass""}}",pass,pass,pass,"{""en"":{""jurisdiction_leakage_evidence"":[],""jurisdiction_leakage_status"":""pass"",""legal_leakage_evidence"":[],""legal_leakage_status"":""pass"",""procedural_leakage_status"":""pass"",""strict_leakage_evidence"":{""currency"":[],""customary_unit"":[],""jurisdiction_placeholder"":[],""kr_institution"":[],""legal_conclusion"":[],""procedural"":[]}},""ko"":{""jurisdiction_leakage_evidence"":[],""jurisdiction_leakage_status"":""pass"",""legal_leakage_evidence"":[],""legal_leakage_status"":""pass"",""procedural_leakage_status"":""pass"",""strict_leakage_evidence"":{""currency"":[],""customary_unit"":[],""jurisdiction_placeholder"":[],""kr_institution"":[],""legal_conclusion"":[],""procedural"":[]}}}",pass,"{""source"":{""1995"":3,""1996"":3},""target"":{""1995"":3,""1996"":3}}",[],[],True,pass,[],False,True,pass,deterministic
KR_b8f7e4d96ca6d41527,pass,pass,pass,pass,pass,"{""en"":{""hangul"":0,""latin"":2130,""reason"":null,""status"":""pass""},""ko"":{""hangul"":576,""latin"":397,""reason"":null,""status"":""pass""}}",pass,"{""en"":[""[COMPANY_A]"",""[COMPANY_B]"",""[COMPANY_C]"",""[INSTITUTION_A]"",""[LOCATION_A]"",""[PERSON_A]"",""[PRODUCT_A]""],""ko"":[""[COMPANY_A]"",""[COMPANY_B]"",""[COMPANY_C]"",""[INSTITUTION_A]"",""[LOCATION_A]"",""[PERSON_A]"",""[PRODUCT_A]""],""status"":""pass""}",pass,"{""en"":{""duplicates"":[],""status"":""pass""},""ko"":{""duplicates"":[],""status"":""pass""}}",pass,pass,pass,"{""en"":{""jurisdiction_leakage_evidence"":[],""jurisdiction_leakage_status"":""pass"",""legal_leakage_evidence"":[],""legal_leakage_status"":""pass"",""procedural_leakage_status"":""pass"",""strict_leakage_evidence"":{""currency"":[],""customary_unit"":[],""jurisdiction_placeholder"":[],""kr_institution"":[],""legal_conclusion"":[],""procedural"":[]}},""ko"":{""jurisdiction_leakage_evidence"":[],""jurisdiction_leakage_status"":""pass"",""legal_leakage_evidence"":[],""legal_leakage_status"":""pass"",""procedural_leakage_status"":""pass"",""strict_leakage_evidence"":{""currency"":[],""customary_unit"":[],""jurisdiction_placeholder"":[],""kr_institution"":[],""legal_conclusion"":[],""procedural"":[]}}}",pass,"{""source"":{""0.1"":1,""1"":2,""1965"":1},""target"":{""0.1"":1,""1"":2,""1965"":1}}",[],[],True,pass,[],False,True,pass,deterministic
KR_b9478acaee2bfa081a,pass,pass,pass,pass,pass,"{""en"":{""hangul"":0,""latin"":1373,""reason"":null,""status"":""pass""},""ko"":{""hangul"":370,""latin"":233,""reason"":null,""status"":""pass""}}",pass,"{""en"":[""[COMPANY_A]"",""[COMPANY_B]"",""[ORGANIZATION_A]"",""[PERSON_A]"",""[PERSON_B]"",""[PROPERTY_A]"",""[PROPERTY_B]""],""ko"":[""[COMPANY_A]"",""[COMPANY_B]"",""[ORGANIZATION_A]"",""[PERSON_A]"",""[PERSON_B]"",""[PROPERTY_A]"",""[PROPERTY_B]""],""status"":""pass""}",pass,"{""en"":{""duplicates"":[],""status"":""pass""},""ko"":{""duplicates"":[],""status"":""pass""}}",pass,pass,pass,"{""en"":{""jurisdiction_leakage_evidence"":[],""jurisdiction_leakage_status"":""pass"",""legal_leakage_evidence"":[],""legal_leakage_status"":""pass"",""procedural_leakage_status"":""pass"",""strict_leakage_evidence"":{""currency"":[],""customary_unit"":[],""jurisdiction_placeholder"":[],""kr_institution"":[],""legal_conclusion"":[],""procedural"":[]}},""ko"":{""jurisdiction_leakage_evidence"":[],""jurisdiction_leakage_status"":""pass"",""legal_leakage_evidence"":[],""legal_leakage_status"":""pass"",""procedural_leakage_status"":""pass"",""strict_leakage_evidence"":{""currency"":[],""customary_unit"":[],""jurisdiction_placeholder"":[],""kr_institution"":[],""legal_conclusion"":[],""procedural"":[]}}}",pass,"{""source"":{""1"":1,""11"":1,""1988"":1,""1994"":1,""2008"":1,""21"":1,""25"":1,""3"":1,""5"":1,""7"":1},""target"":{""1"":1,""11"":1,""1988"":1,""1994"":1,""2008"":1,""21"":1,""25"":1,""3"":1,""5"":1,""7"":1}}",[],[],True,pass,[],False,True,pass,deterministic
KR_bb48d36e58640760a7,pass,pass,pass,pass,pass,"{""en"":{""hangul"":0,""latin"":896,""reason"":null,""status"":""pass""},""ko"":{""hangul"":280,""latin"":140,""reason"":null,""status"":""pass""}}",pass,"{""en"":[""[COMPANY_A]"",""[LOCATION_A]"",""[PERSON_A]"",""[PRODUCT_A]""],""ko"":[""[COMPANY_A]"",""[LOCATION_A]"",""[PERSON_A]"",""[PRODUCT_A]""],""status"":""pass""}",pass,"{""en"":{""duplicates"":[],""status"":""pass""},""ko"":{""duplicates"":[],""status"":""pass""}}",pass,pass,pass,"{""en"":{""jurisdiction_leakage_evidence"":[],""jurisdiction_leakage_status"":""pass"",""legal_leakage_evidence"":[],""legal_leakage_status"":""pass"",""procedural_leakage_status"":""pass"",""strict_leakage_evidence"":{""currency"":[],""customary_unit"":[],""jurisdiction_placeholder"":[],""kr_institution"":[],""legal_conclusion"":[],""procedural"":[]}},""ko"":{""jurisdiction_leakage_evidence"":[],""jurisdiction_leakage_status"":""pass"",""legal_leakage_evidence"":[],""legal_leakage_status"":""pass"",""procedural_leakage_status"":""pass"",""strict_leakage_evidence"":{""currency"":[],""customary_unit"":[],""jurisdiction_placeholder"":[],""kr_institution"":[],""legal_conclusion"":[],""procedural"":[]}}}",pass,"{""source"":{""15"":1,""20"":1,""40"":1},""target"":{""1"":1,""15"":1,""20"":1,""40"":1}}",[],"[""numerical_unit_status""]",True,pass,[],False,True,fail,semantic_equivalence_confirmed
KR_bca778095d79c8e711,pass,pass,pass,pass,pass,"{""en"":{""hangul"":0,""latin"":1537,""reason"":null,""status"":""pass""},""ko"":{""hangul"":412,""latin"":301,""reason"":null,""status"":""pass""}}",pass,"{""en"":[""[COMPANY_A]"",""[COMPANY_B]"",""[COMPANY_C]"",""[COMPANY_D]"",""[COMPANY_E]"",""[COMPANY_F]"",""[COMPANY_G]"",""[COMPANY_H]"",""[COMPANY_I]"",""[PRODUCT_A]""],""ko"":[""[COMPANY_A]"",""[COMPANY_B]"",""[COMPANY_C]"",""[COMPANY_D]"",""[COMPANY_E]"",""[COMPANY_F]"",""[COMPANY_G]"",""[COMPANY_H]"",""[COMPANY_I]"",""[PRODUCT_A]""],""status"":""pass""}",pass,"{""en"":{""duplicates"":[],""status"":""pass""},""ko"":{""duplicates"":[],""status"":""pass""}}",pass,pass,pass,"{""en"":{""jurisdiction_leakage_evidence"":[],""jurisdiction_leakage_status"":""pass"",""legal_leakage_evidence"":[],""legal_leakage_status"":""pass"",""procedural_leakage_status"":""pass"",""strict_leakage_evidence"":{""currency"":[],""customary_unit"":[],""jurisdiction_placeholder"":[],""kr_institution"":[],""legal_conclusion"":[],""procedural"":[]}},""ko"":{""jurisdiction_leakage_evidence"":[],""jurisdiction_leakage_status"":""pass"",""legal_leakage_evidence"":[],""legal_leakage_status"":""pass"",""procedural_leakage_status"":""pass"",""strict_leakage_evidence"":{""currency"":[],""customary_unit"":[],""jurisdiction_placeholder"":[],""kr_institution"":[],""legal_conclusion"":[],""procedural"":[]}}}",pass,"{""source"":{""1"":1,""11"":1,""2013"":1,""3"":1},""target"":{""1"":1,""11"":1,""2013"":1,""3"":1}}",[],[],True,pass,[],False,True,pass,deterministic
KR_bcc14552a5ebdd0945,pass,pass,pass,pass,pass,"{""en"":{""hangul"":0,""latin"":898,""reason"":null,""status"":""pass""},""ko"":{""hangul"":279,""latin"":121,""reason"":null,""status"":""pass""}}",pass,"{""en"":[""[COMPANY_A]"",""[PERSON_A]"",""[PERSON_B]"",""[PERSON_C]"",""[PERSON_D]""],""ko"":[""[COMPANY_A]"",""[PERSON_A]"",""[PERSON_B]"",""[PERSON_C]"",""[PERSON_D]""],""status"":""pass""}",pass,"{""en"":{""duplicates"":[],""status"":""pass""},""ko"":{""duplicates"":[],""status"":""pass""}}",pass,pass,pass,"{""en"":{""jurisdiction_leakage_evidence"":[],""jurisdiction_leakage_status"":""pass"",""legal_leakage_evidence"":[],""legal_leakage_status"":""pass"",""procedural_leakage_status"":""pass"",""strict_leakage_evidence"":{""currency"":[],""customary_unit"":[],""jurisdiction_placeholder"":[],""kr_institution"":[],""legal_conclusion"":[],""procedural"":[]}},""ko"":{""jurisdiction_leakage_evidence"":[],""jurisdiction_leakage_status"":""pass"",""legal_leakage_evidence"":[],""legal_leakage_status"":""pass"",""procedural_leakage_status"":""pass"",""strict_leakage_evidence"":{""currency"":[],""customary_unit"":[],""jurisdiction_placeholder"":[],""kr_institution"":[],""legal_conclusion"":[],""procedural"":[]}}}",pass,"{""source"":{""12"":1,""19"":1,""2004"":1,""21"":1,""30"":1,""6"":1},""target"":{""00"":1,""12"":1,""19"":1,""2004"":1,""21"":1,""30"":1,""6"":1}}",[],"[""numerical_unit_status""]",True,pass,[],False,True,fail,semantic_equivalence_confirmed
KR_bd5712bcc29293f8e7,pass,pass,pass,pass,pass,"{""en"":{""hangul"":0,""latin"":3095,""reason"":null,""status"":""pass""},""ko"":{""hangul"":830,""latin"":358,""reason"":null,""status"":""pass""}}",pass,"{""en"":[""[COMPANY_A]"",""[COMPANY_B]"",""[COMPANY_C]"",""[COMPANY_D]"",""[COMPANY_F]"",""[COMPANY_G]"",""[ORGANIZATION_A]"",""[ORGANIZATION_B]"",""[PERSON_A]"",""[PERSON_B]""],""ko"":[""[COMPANY_A]"",""[COMPANY_B]"",""[COMPANY_C]"",""[COMPANY_D]"",""[COMPANY_F]"",""[COMPANY_G]"",""[ORGANIZATION_A]"",""[ORGANIZATION_B]"",""[PERSON_A]"",""[PERSON_B]""],""status"":""pass""}",pass,"{""en"":{""duplicates"":[],""status"":""pass""},""ko"":{""duplicates"":[],""status"":""pass""}}",pass,pass,pass,"{""en"":{""jurisdiction_leakage_evidence"":[],""jurisdiction_leakage_status"":""pass"",""legal_leakage_evidence"":[],""legal_leakage_status"":""pass"",""procedural_leakage_status"":""pass"",""strict_leakage_evidence"":{""currency"":[],""customary_unit"":[],""jurisdiction_placeholder"":[],""kr_institution"":[],""legal_conclusion"":[],""procedural"":[]}},""ko"":{""jurisdiction_leakage_evidence"":[],""jurisdiction_leakage_status"":""pass"",""legal_leakage_evidence"":[],""legal_leakage_status"":""pass"",""procedural_leakage_status"":""pass"",""strict_leakage_evidence"":{""currency"":[],""customary_unit"":[],""jurisdiction_placeholder"":[],""kr_institution"":[],""legal_conclusion"":[],""procedural"":[]}}}",pass,"{""source"":{""1"":1,""10"":1,""2004"":1,""2006"":1,""2011"":2,""2012"":1,""2014"":2,""2016"":1,""3"":3,""31"":1,""4"":1,""7"":1},""target"":{""1"":1,""10"":1,""2"":1,""2004"":1,""2006"":1,""2011"":2,""2012"":1,""2014"":2,""2016"":1,""3"":3,""31"":1,""4"":1,""7"":1}}",[],"[""numerical_unit_status""]",True,pass,[],False,True,fail,semantic_equivalence_confirmed
KR_bd9cba7b4f62c65d0a,pass,pass,pass,pass,pass,"{""en"":{""hangul"":0,""latin"":1116,""reason"":null,""status"":""pass""},""ko"":{""hangul"":375,""latin"":113,""reason"":null,""status"":""pass""}}",pass,"{""en"":[""[COMPANY_A]"",""[CURRENCY_AMOUNT_A]"",""[LOCATION_A]"",""[PERSON_A]"",""[PERSON_B]"",""[PERSON_C]"",""[VEHICLE_A]""],""ko"":[""[COMPANY_A]"",""[CURRENCY_AMOUNT_A]"",""[LOCATION_A]"",""[PERSON_A]"",""[PERSON_B]"",""[PERSON_C]"",""[VEHICLE_A]""],""status"":""pass""}",pass,"{""en"":{""duplicates"":[],""status"":""pass""},""ko"":{""duplicates"":[],""status"":""pass""}}",pass,pass,pass,"{""en"":{""jurisdiction_leakage_evidence"":[],""jurisdiction_leakage_status"":""pass"",""legal_leakage_evidence"":[],""legal_leakage_status"":""pass"",""procedural_leakage_status"":""pass"",""strict_leakage_evidence"":{""currency"":[],""customary_unit"":[],""jurisdiction_placeholder"":[],""kr_institution"":[],""legal_conclusion"":[],""procedural"":[]}},""ko"":{""jurisdiction_leakage_evidence"":[],""jurisdiction_leakage_status"":""pass"",""legal_leakage_evidence"":[],""legal_leakage_status"":""pass"",""procedural_leakage_status"":""pass"",""strict_leakage_evidence"":{""currency"":[],""customary_unit"":[],""jurisdiction_placeholder"":[],""kr_institution"":[],""legal_conclusion"":[],""procedural"":[]}}}",pass,"{""source"":{""1"":1,""11"":1,""18"":1,""1992"":2,""1993"":3,""21"":1,""23"":1,""3"":1,""30"":1,""4"":2,""40"":1,""50"":1,""6"":1,""8"":1},""target"":{""1"":1,""11"":1,""18"":1,""1992"":2,""1993"":3,""2"":1,""21"":1,""23"":1,""3"":1,""30"":1,""4"":2,""40"":1,""50"":1,""6"":1,""8"":1}}",[],"[""numerical_unit_status""]",True,pass,[],False,True,fail,semantic_equivalence_confirmed
KR_c2567a4fb9e71fc1f7,pass,pass,pass,pass,pass,"{""en"":{""hangul"":0,""latin"":1694,""reason"":null,""status"":""pass""},""ko"":{""hangul"":505,""latin"":302,""reason"":null,""status"":""pass""}}",pass,"{""en"":[""[COMPANY_A]"",""[COMPANY_B]"",""[CURRENCY_AMOUNT_A]"",""[CURRENCY_AMOUNT_B]"",""[PERSON_B]"",""[PERSON_C]"",""[PERSON_D]"",""[PERSON_E]"",""[VEHICLE_A]"",""[VEHICLE_B]""],""ko"":[""[COMPANY_A]"",""[COMPANY_B]"",""[CURRENCY_AMOUNT_A]"",""[CURRENCY_AMOUNT_B]"",""[PERSON_B]"",""[PERSON_C]"",""[PERSON_D]"",""[PERSON_E]"",""[VEHICLE_A]"",""[VEHICLE_B]""],""status"":""pass""}",pass,"{""en"":{""duplicates"":[],""status"":""pass""},""ko"":{""duplicates"":[],""status"":""pass""}}",pass,pass,pass,"{""en"":{""jurisdiction_leakage_evidence"":[],""jurisdiction_leakage_status"":""pass"",""legal_leakage_evidence"":[],""legal_leakage_status"":""pass"",""procedural_leakage_status"":""pass"",""strict_leakage_evidence"":{""currency"":[],""customary_unit"":[],""jurisdiction_placeholder"":[],""kr_institution"":[],""legal_conclusion"":[],""procedural"":[]}},""ko"":{""jurisdiction_leakage_evidence"":[],""jurisdiction_leakage_status"":""pass"",""legal_leakage_evidence"":[],""legal_leakage_status"":""pass"",""procedural_leakage_status"":""pass"",""strict_leakage_evidence"":{""currency"":[],""customary_unit"":[],""jurisdiction_placeholder"":[],""kr_institution"":[],""legal_conclusion"":[],""procedural"":[]}}}",pass,"{""source"":{""1"":3,""113"":1,""13"":3,""15"":1,""1996"":6,""2"":1,""21"":2,""3"":2,""64"":1,""7"":1,""70"":1,""8"":3,""9"":3},""target"":{""1"":3,""113"":1,""13"":3,""15"":1,""1996"":6,""2"":1,""21"":2,""3"":2,""64"":1,""7"":1,""70"":1,""8"":3,""9"":3}}",[],[],True,pass,[],False,True,pass,deterministic
KR_c6a564478fdecad238,pass,pass,pass,pass,pass,"{""en"":{""hangul"":0,""latin"":1114,""reason"":null,""status"":""pass""},""ko"":{""hangul"":296,""latin"":245,""reason"":null,""status"":""pass""}}",pass,"{""en"":[""[COMPANY_A]"",""[COMPANY_B]"",""[CURRENCY_AMOUNT_A]"",""[ORGANIZATION_A]"",""[ORGANIZATION_B]"",""[PERSON_A]"",""[PERSON_B]"",""[PERSON_C]"",""[PERSON_D]"",""[PRODUCT_A]"",""[PROPERTY_A]""],""ko"":[""[COMPANY_A]"",""[COMPANY_B]"",""[CURRENCY_AMOUNT_A]"",""[ORGANIZATION_A]"",""[ORGANIZATION_B]"",""[PERSON_A]"",""[PERSON_B]"",""[PERSON_C]"",""[PERSON_D]"",""[PRODUCT_A]"",""[PROPERTY_A]""],""status"":""pass""}",pass,"{""en"":{""duplicates"":[],""status"":""pass""},""ko"":{""duplicates"":[],""status"":""pass""}}",pass,pass,pass,"{""en"":{""jurisdiction_leakage_evidence"":[],""jurisdiction_leakage_status"":""pass"",""legal_leakage_evidence"":[],""legal_leakage_status"":""pass"",""procedural_leakage_status"":""pass"",""strict_leakage_evidence"":{""currency"":[],""customary_unit"":[],""jurisdiction_placeholder"":[],""kr_institution"":[],""legal_conclusion"":[],""procedural"":[]}},""ko"":{""jurisdiction_leakage_evidence"":[],""jurisdiction_leakage_status"":""pass"",""legal_leakage_evidence"":[],""legal_leakage_status"":""pass"",""procedural_leakage_status"":""pass"",""strict_leakage_evidence"":{""currency"":[],""customary_unit"":[],""jurisdiction_placeholder"":[],""kr_institution"":[],""legal_conclusion"":[],""procedural"":[]}}}",pass,"{""source"":{""16"":1,""18"":1,""2019"":1,""2020"":5,""25"":1,""26"":1,""29"":1,""3"":1,""5"":5,""8"":1},""target"":{""16"":1,""18"":1,""2019"":1,""2020"":5,""25"":1,""26"":1,""29"":1,""3"":1,""5"":5,""8"":1}}",[],[],True,pass,[],False,True,pass,deterministic
KR_c6d493a48f0b6b6912,pass,pass,pass,pass,pass,"{""en"":{""hangul"":0,""latin"":798,""reason"":null,""status"":""pass""},""ko"":{""hangul"":216,""latin"":113,""reason"":null,""status"":""pass""}}",pass,"{""en"":[""[COMPANY_A]"",""[PERSON_A]"",""[PERSON_B]"",""[PERSON_C]"",""[PERSON_D]""],""ko"":[""[COMPANY_A]"",""[PERSON_A]"",""[PERSON_B]"",""[PERSON_C]"",""[PERSON_D]""],""status"":""pass""}",pass,"{""en"":{""duplicates"":[],""status"":""pass""},""ko"":{""duplicates"":[],""status"":""pass""}}",pass,pass,pass,"{""en"":{""jurisdiction_leakage_evidence"":[],""jurisdiction_leakage_status"":""pass"",""legal_leakage_evidence"":[],""legal_leakage_status"":""pass"",""procedural_leakage_status"":""pass"",""strict_leakage_evidence"":{""currency"":[],""customary_unit"":[],""jurisdiction_placeholder"":[],""kr_institution"":[],""legal_conclusion"":[],""procedural"":[]}},""ko"":{""jurisdiction_leakage_evidence"":[],""jurisdiction_leakage_status"":""pass"",""legal_leakage_evidence"":[],""legal_leakage_status"":""pass"",""procedural_leakage_status"":""pass"",""strict_leakage_evidence"":{""currency"":[],""customary_unit"":[],""jurisdiction_placeholder"":[],""kr_institution"":[],""legal_conclusion"":[],""procedural"":[]}}}",pass,"{""source"":{},""target"":{}}",[],[],True,pass,[],False,True,pass,deterministic
KR_c7ec53e12d00dabce6,pass,pass,pass,pass,pass,"{""en"":{""hangul"":0,""latin"":256,""reason"":null,""status"":""pass""},""ko"":{""hangul"":75,""latin"":56,""reason"":null,""status"":""pass""}}",pass,"{""en"":[""[COMPANY_A]"",""[LOCATION_A]"",""[PROPERTY_B]""],""ko"":[""[COMPANY_A]"",""[LOCATION_A]"",""[PROPERTY_B]""],""status"":""pass""}",pass,"{""en"":{""duplicates"":[],""status"":""pass""},""ko"":{""duplicates"":[],""status"":""pass""}}",pass,pass,pass,"{""en"":{""jurisdiction_leakage_evidence"":[],""jurisdiction_leakage_status"":""pass"",""legal_leakage_evidence"":[],""legal_leakage_status"":""pass"",""procedural_leakage_status"":""pass"",""strict_leakage_evidence"":{""currency"":[],""customary_unit"":[],""jurisdiction_placeholder"":[],""kr_institution"":[],""legal_conclusion"":[],""procedural"":[]}},""ko"":{""jurisdiction_leakage_evidence"":[],""jurisdiction_leakage_status"":""pass"",""legal_leakage_evidence"":[],""legal_leakage_status"":""pass"",""procedural_leakage_status"":""pass"",""strict_leakage_evidence"":{""currency"":[],""customary_unit"":[],""jurisdiction_placeholder"":[],""kr_institution"":[],""legal_conclusion"":[],""procedural"":[]}}}",pass,"{""source"":{""11"":1,""1995"":1,""20"":1},""target"":{""11"":1,""1995"":1,""20"":1}}",[],[],True,pass,[],False,True,pass,deterministic
KR_c93d64dedb05abdc5b,pass,pass,pass,pass,pass,"{""en"":{""hangul"":0,""latin"":1308,""reason"":null,""status"":""pass""},""ko"":{""hangul"":421,""latin"":118,""reason"":null,""status"":""pass""}}",pass,"{""en"":[""[INSTITUTION_A]"",""[PERSON_A]""],""ko"":[""[INSTITUTION_A]"",""[PERSON_A]""],""status"":""pass""}",pass,"{""en"":{""duplicates"":[],""status"":""pass""},""ko"":{""duplicates"":[],""status"":""pass""}}",pass,pass,pass,"{""en"":{""jurisdiction_leakage_evidence"":[],""jurisdiction_leakage_status"":""pass"",""legal_leakage_evidence"":[],""legal_leakage_status"":""pass"",""procedural_leakage_status"":""pass"",""strict_leakage_evidence"":{""currency"":[],""customary_unit"":[],""jurisdiction_placeholder"":[],""kr_institution"":[],""legal_conclusion"":[],""procedural"":[]}},""ko"":{""jurisdiction_leakage_evidence"":[],""jurisdiction_leakage_status"":""pass"",""legal_leakage_evidence"":[],""legal_leakage_status"":""pass"",""procedural_leakage_status"":""pass"",""strict_leakage_evidence"":{""currency"":[],""customary_unit"":[],""jurisdiction_placeholder"":[],""kr_institution"":[],""legal_conclusion"":[],""procedural"":[]}}}",pass,"{""source"":{""12"":1,""42"":1,""7.309"":1},""target"":{""1"":2,""12"":1,""42"":1,""7.309"":1}}",[],"[""numerical_unit_status""]",True,pass,[],False,True,fail,semantic_equivalence_confirmed
KR_c9a36c832dbc482f8f,pass,pass,pass,pass,pass,"{""en"":{""hangul"":0,""latin"":1928,""reason"":null,""status"":""pass""},""ko"":{""hangul"":505,""latin"":314,""reason"":null,""status"":""pass""}}",pass,"{""en"":[""[COMPANY_A]"",""[COMPANY_B]"",""[COMPANY_C]"",""[PERSON_A]"",""[PERSON_B]"",""[PERSON_C]"",""[PROPERTY_A]""],""ko"":[""[COMPANY_A]"",""[COMPANY_B]"",""[COMPANY_C]"",""[PERSON_A]"",""[PERSON_B]"",""[PERSON_C]"",""[PROPERTY_A]""],""status"":""pass""}",pass,"{""en"":{""duplicates"":[],""status"":""pass""},""ko"":{""duplicates"":[],""status"":""pass""}}",pass,pass,pass,"{""en"":{""jurisdiction_leakage_evidence"":[],""jurisdiction_leakage_status"":""pass"",""legal_leakage_evidence"":[],""legal_leakage_status"":""pass"",""procedural_leakage_status"":""pass"",""strict_leakage_evidence"":{""currency"":[],""customary_unit"":[],""jurisdiction_placeholder"":[],""kr_institution"":[],""legal_conclusion"":[],""procedural"":[]}},""ko"":{""jurisdiction_leakage_evidence"":[],""jurisdiction_leakage_status"":""pass"",""legal_leakage_evidence"":[],""legal_leakage_status"":""pass"",""procedural_leakage_status"":""pass"",""strict_leakage_evidence"":{""currency"":[],""customary_unit"":[],""jurisdiction_placeholder"":[],""kr_institution"":[],""legal_conclusion"":[],""procedural"":[]}}}",pass,"{""source"":{""1"":1,""12"":1,""13.5"":1,""1953"":1,""1970"":1,""1979"":1,""23"":1,""26"":1,""28"":1,""3"":2,""48"":1,""5"":1,""5.7"":1,""7"":1},""target"":{""1"":1,""12"":1,""13.5"":1,""1953"":1,""1970"":1,""1979"":1,""23"":1,""26"":1,""28"":1,""3"":2,""48"":1,""5"":1,""5.7"":1,""7"":1}}",[],[],True,pass,[],False,True,pass,deterministic
KR_c9b0b61cc030200a6a,pass,pass,pass,pass,pass,"{""en"":{""hangul"":0,""latin"":2059,""reason"":null,""status"":""pass""},""ko"":{""hangul"":623,""latin"":363,""reason"":null,""status"":""pass""}}",pass,"{""en"":[""[COMPANY_A]"",""[CURRENCY_AMOUNT_A]"",""[CURRENCY_AMOUNT_B]"",""[CURRENCY_AMOUNT_C]"",""[CURRENCY_AMOUNT_D]"",""[INSTITUTION_A]"",""[LOCATION_A]"",""[ORGANIZATION_A]"",""[PERSON_A]""],""ko"":[""[COMPANY_A]"",""[CURRENCY_AMOUNT_A]"",""[CURRENCY_AMOUNT_B]"",""[CURRENCY_AMOUNT_C]"",""[CURRENCY_AMOUNT_D]"",""[INSTITUTION_A]"",""[LOCATION_A]"",""[ORGANIZATION_A]"",""[PERSON_A]""],""status"":""pass""}",pass,"{""en"":{""duplicates"":[],""status"":""pass""},""ko"":{""duplicates"":[],""status"":""pass""}}",pass,pass,pass,"{""en"":{""jurisdiction_leakage_evidence"":[],""jurisdiction_leakage_status"":""pass"",""legal_leakage_evidence"":[],""legal_leakage_status"":""pass"",""procedural_leakage_status"":""pass"",""strict_leakage_evidence"":{""currency"":[],""customary_unit"":[],""jurisdiction_placeholder"":[],""kr_institution"":[],""legal_conclusion"":[],""procedural"":[]}},""ko"":{""jurisdiction_leakage_evidence"":[],""jurisdiction_leakage_status"":""pass"",""legal_leakage_evidence"":[],""legal_leakage_status"":""pass"",""procedural_leakage_status"":""pass"",""strict_leakage_evidence"":{""currency"":[],""customary_unit"":[],""jurisdiction_placeholder"":[],""kr_institution"":[],""legal_conclusion"":[],""procedural"":[]}}}",pass,"{""source"":{""130"":1,""1988"":1,""1999"":3,""2"":2,""2000"":1,""2001"":1,""2002"":1,""23"":1,""26"":1,""27"":1,""4"":1,""6"":1,""60"":2},""target"":{""130"":1,""1988"":1,""1999"":3,""2"":2,""2000"":1,""2001"":1,""2002"":1,""23"":1,""26"":1,""27"":1,""4"":1,""6"":1,""60"":2}}",[],[],True,resolved_by_direct_source_adjudication,"[""The final factual content is duplicated: the failure to recover [CURRENCY_AMOUNT_B] is stated twice in both languages. The second statement adds the pre-supply and lack-of-notification context but repeats the same recovery failure and amount.""]",False,True,pass,deterministic
KR_cc8813e6652ff8b3e4,pass,pass,pass,pass,pass,"{""en"":{""hangul"":0,""latin"":297,""reason"":null,""status"":""pass""},""ko"":{""hangul"":94,""latin"":71,""reason"":null,""status"":""pass""}}",pass,"{""en"":[""[COMPANY_A]"",""[LOCATION_A]"",""[PERSON_A]"",""[PROPERTY_A]"",""[VEHICLE_A]""],""ko"":[""[COMPANY_A]"",""[LOCATION_A]"",""[PERSON_A]"",""[PROPERTY_A]"",""[VEHICLE_A]""],""status"":""pass""}",pass,"{""en"":{""duplicates"":[],""status"":""pass""},""ko"":{""duplicates"":[],""status"":""pass""}}",pass,pass,pass,"{""en"":{""jurisdiction_leakage_evidence"":[],""jurisdiction_leakage_status"":""pass"",""legal_leakage_evidence"":[],""legal_leakage_status"":""pass"",""procedural_leakage_status"":""pass"",""strict_leakage_evidence"":{""currency"":[],""customary_unit"":[],""jurisdiction_placeholder"":[],""kr_institution"":[],""legal_conclusion"":[],""procedural"":[]}},""ko"":{""jurisdiction_leakage_evidence"":[],""jurisdiction_leakage_status"":""pass"",""legal_leakage_evidence"":[],""legal_leakage_status"":""pass"",""procedural_leakage_status"":""pass"",""strict_leakage_evidence"":{""currency"":[],""customary_unit"":[],""jurisdiction_placeholder"":[],""kr_institution"":[],""legal_conclusion"":[],""procedural"":[]}}}",pass,"{""source"":{""17"":1,""2008"":1,""26"":1,""30"":1,""7"":1},""target"":{""00"":1,""17"":1,""2008"":1,""26"":1,""30"":1,""7"":1}}",[],"[""numerical_unit_status""]",True,pass,[],False,True,fail,semantic_equivalence_confirmed
KR_cd0b887a7a431369b9,pass,pass,pass,pass,pass,"{""en"":{""hangul"":0,""latin"":1155,""reason"":null,""status"":""pass""},""ko"":{""hangul"":312,""latin"":277,""reason"":null,""status"":""pass""}}",pass,"{""en"":[""[COMPANY_B]"",""[CURRENCY_AMOUNT_A]"",""[CURRENCY_AMOUNT_B]"",""[CURRENCY_AMOUNT_C]"",""[CURRENCY_AMOUNT_D]"",""[CURRENCY_AMOUNT_E]"",""[LOCATION_A]"",""[ORGANIZATION_A]"",""[PERSON_A]"",""[PERSON_B]"",""[PERSON_C]"",""[PRODUCT_A]""],""ko"":[""[COMPANY_B]"",""[CURRENCY_AMOUNT_A]"",""[CURRENCY_AMOUNT_B]"",""[CURRENCY_AMOUNT_C]"",""[CURRENCY_AMOUNT_D]"",""[CURRENCY_AMOUNT_E]"",""[LOCATION_A]"",""[ORGANIZATION_A]"",""[PERSON_A]"",""[PERSON_B]"",""[PERSON_C]"",""[PRODUCT_A]""],""status"":""pass""}",pass,"{""en"":{""duplicates"":[],""status"":""pass""},""ko"":{""duplicates"":[],""status"":""pass""}}",pass,pass,pass,"{""en"":{""jurisdiction_leakage_evidence"":[],""jurisdiction_leakage_status"":""pass"",""legal_leakage_evidence"":[],""legal_leakage_status"":""pass"",""procedural_leakage_status"":""pass"",""strict_leakage_evidence"":{""currency"":[],""customary_unit"":[],""jurisdiction_placeholder"":[],""kr_institution"":[],""legal_conclusion"":[],""procedural"":[]}},""ko"":{""jurisdiction_leakage_evidence"":[],""jurisdiction_leakage_status"":""pass"",""legal_leakage_evidence"":[],""legal_leakage_status"":""pass"",""procedural_leakage_status"":""pass"",""strict_leakage_evidence"":{""currency"":[],""customary_unit"":[],""jurisdiction_placeholder"":[],""kr_institution"":[],""legal_conclusion"":[],""procedural"":[]}}}",pass,"{""source"":{""1"":1,""11"":1,""12"":1,""1998"":1,""20"":1,""31"":1,""4"":1,""50"":1},""target"":{""1"":1,""11"":1,""12"":1,""1998"":1,""20"":1,""31"":1,""4"":1,""50"":1}}",[],[],True,pass,[],False,True,pass,deterministic
KR_cda2f7ae1f9162201f,pass,pass,pass,pass,pass,"{""en"":{""hangul"":0,""latin"":1325,""reason"":null,""status"":""pass""},""ko"":{""hangul"":429,""latin"":191,""reason"":null,""status"":""pass""}}",pass,"{""en"":[""[COMPANY_A]"",""[COMPANY_B]"",""[COMPANY_C]"",""[LOCATION_A]"",""[PERSON_A]"",""[PRODUCT_A]"",""[PROPERTY_A]"",""[VEHICLE_A]""],""ko"":[""[COMPANY_A]"",""[COMPANY_B]"",""[COMPANY_C]"",""[LOCATION_A]"",""[PERSON_A]"",""[PRODUCT_A]"",""[PROPERTY_A]"",""[VEHICLE_A]""],""status"":""pass""}",pass,"{""en"":{""duplicates"":[],""status"":""pass""},""ko"":{""duplicates"":[],""status"":""pass""}}",pass,pass,pass,"{""en"":{""jurisdiction_leakage_evidence"":[],""jurisdiction_leakage_status"":""pass"",""legal_leakage_evidence"":[],""legal_leakage_status"":""pass"",""procedural_leakage_status"":""pass"",""strict_leakage_evidence"":{""currency"":[],""customary_unit"":[],""jurisdiction_placeholder"":[],""kr_institution"":[],""legal_conclusion"":[],""procedural"":[]}},""ko"":{""jurisdiction_leakage_evidence"":[],""jurisdiction_leakage_status"":""pass"",""legal_leakage_evidence"":[],""legal_leakage_status"":""pass"",""procedural_leakage_status"":""pass"",""strict_leakage_evidence"":{""currency"":[],""customary_unit"":[],""jurisdiction_placeholder"":[],""kr_institution"":[],""legal_conclusion"":[],""procedural"":[]}}}",pass,"{""source"":{""18"":1,""1996"":1,""1997"":1,""2"":1,""3"":1},""target"":{""00"":1,""18"":1,""1996"":1,""1997"":1,""2"":1,""3"":1}}",[],"[""numerical_unit_status""]",True,pass,[],False,True,fail,semantic_equivalence_confirmed
KR_ce03d7157e09c4d242,pass,pass,pass,pass,pass,"{""en"":{""hangul"":0,""latin"":765,""reason"":null,""status"":""pass""},""ko"":{""hangul"":199,""latin"":185,""reason"":null,""status"":""pass""}}",pass,"{""en"":[""[COMPANY_A]"",""[ORGANIZATION_B]"",""[ORGANIZATION_C]"",""[PERSON_A]"",""[PERSON_B]"",""[PERSON_C]"",""[PERSON_D]"",""[PRODUCT_A]""],""ko"":[""[COMPANY_A]"",""[ORGANIZATION_B]"",""[ORGANIZATION_C]"",""[PERSON_A]"",""[PERSON_B]"",""[PERSON_C]"",""[PERSON_D]"",""[PRODUCT_A]""],""status"":""pass""}",pass,"{""en"":{""duplicates"":[],""status"":""pass""},""ko"":{""duplicates"":[],""status"":""pass""}}",pass,pass,pass,"{""en"":{""jurisdiction_leakage_evidence"":[],""jurisdiction_leakage_status"":""pass"",""legal_leakage_evidence"":[],""legal_leakage_status"":""pass"",""procedural_leakage_status"":""pass"",""strict_leakage_evidence"":{""currency"":[],""customary_unit"":[],""jurisdiction_placeholder"":[],""kr_institution"":[],""legal_conclusion"":[],""procedural"":[]}},""ko"":{""jurisdiction_leakage_evidence"":[],""jurisdiction_leakage_status"":""pass"",""legal_leakage_evidence"":[],""legal_leakage_status"":""pass"",""procedural_leakage_status"":""pass"",""strict_leakage_evidence"":{""currency"":[],""customary_unit"":[],""jurisdiction_placeholder"":[],""kr_institution"":[],""legal_conclusion"":[],""procedural"":[]}}}",pass,"{""source"":{""16"":1,""2001"":3,""30"":2,""7"":1,""8"":2},""target"":{""16"":1,""2001"":3,""30"":2,""7"":1,""8"":2}}",[],[],True,pass,[],False,True,pass,deterministic
KR_d0cfadb984b62f020b,pass,pass,pass,pass,pass,"{""en"":{""hangul"":0,""latin"":834,""reason"":null,""status"":""pass""},""ko"":{""hangul"":268,""latin"":71,""reason"":null,""status"":""pass""}}",pass,"{""en"":[""[COMPANY_A]"",""[PRODUCT_A]""],""ko"":[""[COMPANY_A]"",""[PRODUCT_A]""],""status"":""pass""}",pass,"{""en"":{""duplicates"":[],""status"":""pass""},""ko"":{""duplicates"":[],""status"":""pass""}}",pass,pass,pass,"{""en"":{""jurisdiction_leakage_evidence"":[],""jurisdiction_leakage_status"":""pass"",""legal_leakage_evidence"":[],""legal_leakage_status"":""pass"",""procedural_leakage_status"":""pass"",""strict_leakage_evidence"":{""currency"":[],""customary_unit"":[],""jurisdiction_placeholder"":[],""kr_institution"":[],""legal_conclusion"":[],""procedural"":[]}},""ko"":{""jurisdiction_leakage_evidence"":[],""jurisdiction_leakage_status"":""pass"",""legal_leakage_evidence"":[],""legal_leakage_status"":""pass"",""procedural_leakage_status"":""pass"",""strict_leakage_evidence"":{""currency"":[],""customary_unit"":[],""jurisdiction_placeholder"":[],""kr_institution"":[],""legal_conclusion"":[],""procedural"":[]}}}",pass,"{""source"":{""2"":1,""5"":1},""target"":{""2"":1,""5"":1}}",[],[],True,pass,[],False,True,pass,deterministic
KR_d35502ba94fbfc6c92,pass,pass,pass,pass,pass,"{""en"":{""hangul"":0,""latin"":683,""reason"":null,""status"":""pass""},""ko"":{""hangul"":216,""latin"":55,""reason"":null,""status"":""pass""}}",pass,"{""en"":[""[ORGANIZATION_B]"",""[PERSON_A]""],""ko"":[""[ORGANIZATION_B]"",""[PERSON_A]""],""status"":""pass""}",pass,"{""en"":{""duplicates"":[],""status"":""pass""},""ko"":{""duplicates"":[],""status"":""pass""}}",pass,pass,pass,"{""en"":{""jurisdiction_leakage_evidence"":[],""jurisdiction_leakage_status"":""pass"",""legal_leakage_evidence"":[],""legal_leakage_status"":""pass"",""procedural_leakage_status"":""pass"",""strict_leakage_evidence"":{""currency"":[],""customary_unit"":[],""jurisdiction_placeholder"":[],""kr_institution"":[],""legal_conclusion"":[],""procedural"":[]}},""ko"":{""jurisdiction_leakage_evidence"":[],""jurisdiction_leakage_status"":""pass"",""legal_leakage_evidence"":[],""legal_leakage_status"":""pass"",""procedural_leakage_status"":""pass"",""strict_leakage_evidence"":{""currency"":[],""customary_unit"":[],""jurisdiction_placeholder"":[],""kr_institution"":[],""legal_conclusion"":[],""procedural"":[]}}}",pass,"{""source"":{""18"":1,""19"":1,""1973"":6,""20"":1,""3"":1,""4"":6,""6"":2},""target"":{""18"":1,""19"":1,""1973"":6,""20"":1,""3"":1,""4"":6,""6"":2}}",[],[],True,pass,[],False,True,pass,deterministic
KR_d4a866bf8f86262c7f,pass,pass,pass,pass,pass,"{""en"":{""hangul"":0,""latin"":1389,""reason"":null,""status"":""pass""},""ko"":{""hangul"":396,""latin"":251,""reason"":null,""status"":""pass""}}",pass,"{""en"":[""[COMPANY_A]"",""[PERSON_A]"",""[PERSON_B]"",""[PERSON_C]"",""[PERSON_D]"",""[PERSON_E]"",""[PROPERTY_A]"",""[PROPERTY_B]"",""[PROPERTY_C]""],""ko"":[""[COMPANY_A]"",""[PERSON_A]"",""[PERSON_B]"",""[PERSON_C]"",""[PERSON_D]"",""[PERSON_E]"",""[PROPERTY_A]"",""[PROPERTY_B]"",""[PROPERTY_C]""],""status"":""pass""}",pass,"{""en"":{""duplicates"":[],""status"":""pass""},""ko"":{""duplicates"":[],""status"":""pass""}}",pass,pass,pass,"{""en"":{""jurisdiction_leakage_evidence"":[],""jurisdiction_leakage_status"":""pass"",""legal_leakage_evidence"":[],""legal_leakage_status"":""pass"",""procedural_leakage_status"":""pass"",""strict_leakage_evidence"":{""currency"":[],""customary_unit"":[],""jurisdiction_placeholder"":[],""kr_institution"":[],""legal_conclusion"":[],""procedural"":[]}},""ko"":{""jurisdiction_leakage_evidence"":[],""jurisdiction_leakage_status"":""pass"",""legal_leakage_evidence"":[],""legal_leakage_status"":""pass"",""procedural_leakage_status"":""pass"",""strict_leakage_evidence"":{""currency"":[],""customary_unit"":[],""jurisdiction_placeholder"":[],""kr_institution"":[],""legal_conclusion"":[],""procedural"":[]}}}",pass,"{""source"":{""0.76"":1,""0.86"":1,""0.92"":1,""0.94"":1,""0.99"":1,""00"":1,""1"":5,""2"":4,""2004"":1,""21"":1,""22"":1,""3"":1,""50"":1,""7"":1,""9"":1},""target"":{""0.76"":1,""0.86"":1,""0.92"":1,""0.94"":1,""0.99"":1,""00"":1,""1"":5,""2"":5,""2004"":1,""21"":1,""22"":1,""3"":1,""50"":1,""7"":1,""9"":1}}",[],"[""numerical_unit_status""]",True,pass,[],False,True,fail,semantic_equivalence_confirmed
KR_d614974ea605954ae6,pass,pass,pass,pass,pass,"{""en"":{""hangul"":0,""latin"":721,""reason"":null,""status"":""pass""},""ko"":{""hangul"":195,""latin"":147,""reason"":null,""status"":""pass""}}",pass,"{""en"":[""[PERSON_A]"",""[PERSON_B]"",""[PERSON_C]"",""[PERSON_D]""],""ko"":[""[PERSON_A]"",""[PERSON_B]"",""[PERSON_C]"",""[PERSON_D]""],""status"":""pass""}",pass,"{""en"":{""duplicates"":[],""status"":""pass""},""ko"":{""duplicates"":[],""status"":""pass""}}",pass,pass,pass,"{""en"":{""jurisdiction_leakage_evidence"":[],""jurisdiction_leakage_status"":""pass"",""legal_leakage_evidence"":[],""legal_leakage_status"":""pass"",""procedural_leakage_status"":""pass"",""strict_leakage_evidence"":{""currency"":[],""customary_unit"":[],""jurisdiction_placeholder"":[],""kr_institution"":[],""legal_conclusion"":[],""procedural"":[]}},""ko"":{""jurisdiction_leakage_evidence"":[],""jurisdiction_leakage_status"":""pass"",""legal_leakage_evidence"":[],""legal_leakage_status"":""pass"",""procedural_leakage_status"":""pass"",""strict_leakage_evidence"":{""currency"":[],""customary_unit"":[],""jurisdiction_placeholder"":[],""kr_institution"":[],""legal_conclusion"":[],""procedural"":[]}}}",pass,"{""source"":{},""target"":{}}",[],[],True,pass,[],False,True,pass,deterministic
KR_d7658dab9202d2e025,pass,pass,pass,pass,pass,"{""en"":{""hangul"":0,""latin"":1821,""reason"":null,""status"":""pass""},""ko"":{""hangul"":524,""latin"":197,""reason"":null,""status"":""pass""}}",pass,"{""en"":[""[INSTITUTION_A]"",""[INSTITUTION_B]"",""[PERSON_A]""],""ko"":[""[INSTITUTION_A]"",""[INSTITUTION_B]"",""[PERSON_A]""],""status"":""pass""}",pass,"{""en"":{""duplicates"":[],""status"":""pass""},""ko"":{""duplicates"":[],""status"":""pass""}}",pass,pass,pass,"{""en"":{""jurisdiction_leakage_evidence"":[],""jurisdiction_leakage_status"":""pass"",""legal_leakage_evidence"":[],""legal_leakage_status"":""pass"",""procedural_leakage_status"":""pass"",""strict_leakage_evidence"":{""currency"":[],""customary_unit"":[],""jurisdiction_placeholder"":[],""kr_institution"":[],""legal_conclusion"":[],""procedural"":[]}},""ko"":{""jurisdiction_leakage_evidence"":[],""jurisdiction_leakage_status"":""pass"",""legal_leakage_evidence"":[],""legal_leakage_status"":""pass"",""procedural_leakage_status"":""pass"",""strict_leakage_evidence"":{""currency"":[],""customary_unit"":[],""jurisdiction_placeholder"":[],""kr_institution"":[],""legal_conclusion"":[],""procedural"":[]}}}",pass,"{""source"":{""10"":1,""11"":1,""12"":1,""2"":1,""2005"":2,""28"":1,""3.5"":1,""8"":1,""9"":1},""target"":{""10"":1,""11"":1,""12"":1,""2"":1,""2005"":2,""28"":1,""3.5"":1,""8"":1,""9"":1}}",[],[],True,pass,[],False,True,pass,deterministic
KR_d9b3ee3b261df8b463,pass,pass,pass,pass,pass,"{""en"":{""hangul"":0,""latin"":781,""reason"":null,""status"":""pass""},""ko"":{""hangul"":234,""latin"":120,""reason"":null,""status"":""pass""}}",pass,"{""en"":[""[COMPANY_A]"",""[PERSON_A]"",""[PERSON_B]"",""[PERSON_C]"",""[VEHICLE_A]"",""[VEHICLE_B]""],""ko"":[""[COMPANY_A]"",""[PERSON_A]"",""[PERSON_B]"",""[PERSON_C]"",""[VEHICLE_A]"",""[VEHICLE_B]""],""status"":""pass""}",pass,"{""en"":{""duplicates"":[],""status"":""pass""},""ko"":{""duplicates"":[],""status"":""pass""}}",pass,pass,pass,"{""en"":{""jurisdiction_leakage_evidence"":[],""jurisdiction_leakage_status"":""pass"",""legal_leakage_evidence"":[],""legal_leakage_status"":""pass"",""procedural_leakage_status"":""pass"",""strict_leakage_evidence"":{""currency"":[],""customary_unit"":[],""jurisdiction_placeholder"":[],""kr_institution"":[],""legal_conclusion"":[],""procedural"":[]}},""ko"":{""jurisdiction_leakage_evidence"":[],""jurisdiction_leakage_status"":""pass"",""legal_leakage_evidence"":[],""legal_leakage_status"":""pass"",""procedural_leakage_status"":""pass"",""strict_leakage_evidence"":{""currency"":[],""customary_unit"":[],""jurisdiction_placeholder"":[],""kr_institution"":[],""legal_conclusion"":[],""procedural"":[]}}}",pass,"{""source"":{""1"":1,""14"":1,""2"":1},""target"":{""1"":1,""14"":1,""2"":1}}",[],[],True,pass,[],False,True,pass,deterministic
KR_df9ae8ebb4355cf9ab,pass,pass,pass,pass,pass,"{""en"":{""hangul"":0,""latin"":1693,""reason"":null,""status"":""pass""},""ko"":{""hangul"":490,""latin"":248,""reason"":null,""status"":""pass""}}",pass,"{""en"":[""[COMPANY_A]"",""[COMPANY_B]"",""[LOCATION_A]"",""[LOCATION_B]"",""[ORGANIZATION_A]"",""[PERSON_A]"",""[PERSON_B]"",""[PERSON_C]""],""ko"":[""[COMPANY_A]"",""[COMPANY_B]"",""[LOCATION_A]"",""[LOCATION_B]"",""[ORGANIZATION_A]"",""[PERSON_A]"",""[PERSON_B]"",""[PERSON_C]""],""status"":""pass""}",pass,"{""en"":{""duplicates"":[],""status"":""pass""},""ko"":{""duplicates"":[],""status"":""pass""}}",pass,pass,pass,"{""en"":{""jurisdiction_leakage_evidence"":[],""jurisdiction_leakage_status"":""pass"",""legal_leakage_evidence"":[],""legal_leakage_status"":""pass"",""procedural_leakage_status"":""pass"",""strict_leakage_evidence"":{""currency"":[],""customary_unit"":[],""jurisdiction_placeholder"":[],""kr_institution"":[],""legal_conclusion"":[],""procedural"":[]}},""ko"":{""jurisdiction_leakage_evidence"":[],""jurisdiction_leakage_status"":""pass"",""legal_leakage_evidence"":[],""legal_leakage_status"":""pass"",""procedural_leakage_status"":""pass"",""strict_leakage_evidence"":{""currency"":[],""customary_unit"":[],""jurisdiction_placeholder"":[],""kr_institution"":[],""legal_conclusion"":[],""procedural"":[]}}}",pass,"{""source"":{""2014"":1,""2016"":1},""target"":{""2"":2,""2014"":1,""2016"":1}}",[],"[""numerical_unit_status""]",True,pass,[],False,True,fail,semantic_equivalence_confirmed
KR_e841c27e080fa0659c,pass,pass,pass,pass,pass,"{""en"":{""hangul"":0,""latin"":372,""reason"":null,""status"":""pass""},""ko"":{""hangul"":108,""latin"":88,""reason"":null,""status"":""pass""}}",pass,"{""en"":[""[COMPANY_A]"",""[PERSON_A]"",""[PERSON_B]"",""[PERSON_C]"",""[PERSON_D]"",""[VEHICLE_A]""],""ko"":[""[COMPANY_A]"",""[PERSON_A]"",""[PERSON_B]"",""[PERSON_C]"",""[PERSON_D]"",""[VEHICLE_A]""],""status"":""pass""}",pass,"{""en"":{""duplicates"":[],""status"":""pass""},""ko"":{""duplicates"":[],""status"":""pass""}}",pass,pass,pass,"{""en"":{""jurisdiction_leakage_evidence"":[],""jurisdiction_leakage_status"":""pass"",""legal_leakage_evidence"":[],""legal_leakage_status"":""pass"",""procedural_leakage_status"":""pass"",""strict_leakage_evidence"":{""currency"":[],""customary_unit"":[],""jurisdiction_placeholder"":[],""kr_institution"":[],""legal_conclusion"":[],""procedural"":[]}},""ko"":{""jurisdiction_leakage_evidence"":[],""jurisdiction_leakage_status"":""pass"",""legal_leakage_evidence"":[],""legal_leakage_status"":""pass"",""procedural_leakage_status"":""pass"",""strict_leakage_evidence"":{""currency"":[],""customary_unit"":[],""jurisdiction_placeholder"":[],""kr_institution"":[],""legal_conclusion"":[],""procedural"":[]}}}",pass,"{""source"":{""3"":1},""target"":{""3"":1}}",[],[],True,pass,[],False,True,pass,deterministic
KR_eee8ecec3165d10cc6,pass,pass,pass,pass,pass,"{""en"":{""hangul"":0,""latin"":610,""reason"":null,""status"":""pass""},""ko"":{""hangul"":189,""latin"":185,""reason"":null,""status"":""pass""}}",pass,"{""en"":[""[COMPANY_A]"",""[CURRENCY_AMOUNT_A]"",""[CURRENCY_AMOUNT_B]"",""[CURRENCY_AMOUNT_C]"",""[CURRENCY_AMOUNT_D]"",""[INSTITUTION_A]"",""[ORGANIZATION_A]"",""[PERSON_A]"",""[PERSON_B]""],""ko"":[""[COMPANY_A]"",""[CURRENCY_AMOUNT_A]"",""[CURRENCY_AMOUNT_B]"",""[CURRENCY_AMOUNT_C]"",""[CURRENCY_AMOUNT_D]"",""[INSTITUTION_A]"",""[ORGANIZATION_A]"",""[PERSON_A]"",""[PERSON_B]""],""status"":""pass""}",pass,"{""en"":{""duplicates"":[],""status"":""pass""},""ko"":{""duplicates"":[],""status"":""pass""}}",pass,pass,pass,"{""en"":{""jurisdiction_leakage_evidence"":[],""jurisdiction_leakage_status"":""pass"",""legal_leakage_evidence"":[],""legal_leakage_status"":""pass"",""procedural_leakage_status"":""pass"",""strict_leakage_evidence"":{""currency"":[],""customary_unit"":[],""jurisdiction_placeholder"":[],""kr_institution"":[],""legal_conclusion"":[],""procedural"":[]}},""ko"":{""jurisdiction_leakage_evidence"":[],""jurisdiction_leakage_status"":""pass"",""legal_leakage_evidence"":[],""legal_leakage_status"":""pass"",""procedural_leakage_status"":""pass"",""strict_leakage_evidence"":{""currency"":[],""customary_unit"":[],""jurisdiction_placeholder"":[],""kr_institution"":[],""legal_conclusion"":[],""procedural"":[]}}}",pass,"{""source"":{""11"":1,""16"":1,""2018"":5,""2019"":1,""2020"":1,""23"":1,""24"":2,""26"":1,""3"":1,""30"":1,""31"":2,""4"":1,""5"":1,""7"":2,""8"":3,""9"":1},""target"":{""11"":1,""16"":1,""2018"":5,""2019"":1,""2020"":1,""23"":1,""24"":2,""26"":1,""3"":1,""30"":1,""31"":2,""4"":1,""5"":1,""7"":2,""8"":3,""9"":1}}",[],[],True,pass,[],False,True,pass,deterministic
KR_f1f9176685f8c1c0db,pass,pass,pass,pass,pass,"{""en"":{""hangul"":0,""latin"":839,""reason"":null,""status"":""pass""},""ko"":{""hangul"":242,""latin"":111,""reason"":null,""status"":""pass""}}",pass,"{""en"":[""[ORGANIZATION_A]"",""[ORGANIZATION_B]"",""[PERSON_A]"",""[PERSON_B]"",""[VEHICLE_A]""],""ko"":[""[ORGANIZATION_A]"",""[ORGANIZATION_B]"",""[PERSON_A]"",""[PERSON_B]"",""[VEHICLE_A]""],""status"":""pass""}",pass,"{""en"":{""duplicates"":[],""status"":""pass""},""ko"":{""duplicates"":[],""status"":""pass""}}",pass,pass,pass,"{""en"":{""jurisdiction_leakage_evidence"":[],""jurisdiction_leakage_status"":""pass"",""legal_leakage_evidence"":[],""legal_leakage_status"":""pass"",""procedural_leakage_status"":""pass"",""strict_leakage_evidence"":{""currency"":[],""customary_unit"":[],""jurisdiction_placeholder"":[],""kr_institution"":[],""legal_conclusion"":[],""procedural"":[]}},""ko"":{""jurisdiction_leakage_evidence"":[],""jurisdiction_leakage_status"":""pass"",""legal_leakage_evidence"":[],""legal_leakage_status"":""pass"",""procedural_leakage_status"":""pass"",""strict_leakage_evidence"":{""currency"":[],""customary_unit"":[],""jurisdiction_placeholder"":[],""kr_institution"":[],""legal_conclusion"":[],""procedural"":[]}}}",pass,"{""source"":{""12"":2,""2"":1,""2013"":2,""2014"":3,""22"":1,""28"":3,""3"":1,""4"":1,""5"":2,""70"":1},""target"":{""12"":2,""2"":1,""2013"":2,""2014"":3,""22"":1,""28"":3,""3"":1,""4"":1,""5"":2,""70"":1}}",[],[],True,pass,[],False,True,pass,deterministic
KR_f358ab674e5ded71f1,pass,pass,pass,pass,pass,"{""en"":{""hangul"":0,""latin"":1338,""reason"":null,""status"":""pass""},""ko"":{""hangul"":389,""latin"":240,""reason"":null,""status"":""pass""}}",pass,"{""en"":[""[COMPANY_A]"",""[CURRENCY_AMOUNT_A]"",""[CURRENCY_AMOUNT_B]"",""[INSTITUTION_A]"",""[LOCATION_A]"",""[PERSON_A]"",""[PERSON_B]"",""[PERSON_C]""],""ko"":[""[COMPANY_A]"",""[CURRENCY_AMOUNT_A]"",""[CURRENCY_AMOUNT_B]"",""[INSTITUTION_A]"",""[LOCATION_A]"",""[PERSON_A]"",""[PERSON_B]"",""[PERSON_C]""],""status"":""pass""}",pass,"{""en"":{""duplicates"":[],""status"":""pass""},""ko"":{""duplicates"":[],""status"":""pass""}}",pass,pass,pass,"{""en"":{""jurisdiction_leakage_evidence"":[],""jurisdiction_leakage_status"":""pass"",""legal_leakage_evidence"":[],""legal_leakage_status"":""pass"",""procedural_leakage_status"":""pass"",""strict_leakage_evidence"":{""currency"":[],""customary_unit"":[],""jurisdiction_placeholder"":[],""kr_institution"":[],""legal_conclusion"":[],""procedural"":[]}},""ko"":{""jurisdiction_leakage_evidence"":[],""jurisdiction_leakage_status"":""pass"",""legal_leakage_evidence"":[],""legal_leakage_status"":""pass"",""procedural_leakage_status"":""pass"",""strict_leakage_evidence"":{""currency"":[],""customary_unit"":[],""jurisdiction_placeholder"":[],""kr_institution"":[],""legal_conclusion"":[],""procedural"":[]}}}",pass,"{""source"":{""10"":2,""18"":1,""2001"":2,""22"":1},""target"":{""10"":2,""18"":1,""2001"":2,""22"":1}}",[],[],True,pass,[],False,True,pass,deterministic
KR_f3fe352a4c02d16f80,pass,pass,pass,pass,pass,"{""en"":{""hangul"":0,""latin"":211,""reason"":null,""status"":""pass""},""ko"":{""hangul"":80,""latin"":7,""reason"":null,""status"":""pass""}}",pass,"{""en"":[""[PERSON_A]""],""ko"":[""[PERSON_A]""],""status"":""pass""}",pass,"{""en"":{""duplicates"":[],""status"":""pass""},""ko"":{""duplicates"":[],""status"":""pass""}}",pass,pass,pass,"{""en"":{""jurisdiction_leakage_evidence"":[],""jurisdiction_leakage_status"":""pass"",""legal_leakage_evidence"":[],""legal_leakage_status"":""pass"",""procedural_leakage_status"":""pass"",""strict_leakage_evidence"":{""currency"":[],""customary_unit"":[],""jurisdiction_placeholder"":[],""kr_institution"":[],""legal_conclusion"":[],""procedural"":[]}},""ko"":{""jurisdiction_leakage_evidence"":[],""jurisdiction_leakage_status"":""pass"",""legal_leakage_evidence"":[],""legal_leakage_status"":""pass"",""procedural_leakage_status"":""pass"",""strict_leakage_evidence"":{""currency"":[],""customary_unit"":[],""jurisdiction_placeholder"":[],""kr_institution"":[],""legal_conclusion"":[],""procedural"":[]}}}",pass,"{""source"":{},""target"":{}}",[],[],True,pass,[],False,True,pass,deterministic
KR_f5a5d762462130dccb,pass,pass,pass,pass,pass,"{""en"":{""hangul"":0,""latin"":3899,""reason"":null,""status"":""pass""},""ko"":{""hangul"":1087,""latin"":299,""reason"":null,""status"":""pass""}}",pass,"{""en"":[""[ORGANIZATION_A]"",""[ORGANIZATION_B]"",""[ORGANIZATION_C]""],""ko"":[""[ORGANIZATION_A]"",""[ORGANIZATION_B]"",""[ORGANIZATION_C]""],""status"":""pass""}",pass,"{""en"":{""duplicates"":[],""status"":""pass""},""ko"":{""duplicates"":[],""status"":""pass""}}",pass,pass,pass,"{""en"":{""jurisdiction_leakage_evidence"":[],""jurisdiction_leakage_status"":""pass"",""legal_leakage_evidence"":[],""legal_leakage_status"":""pass"",""procedural_leakage_status"":""pass"",""strict_leakage_evidence"":{""currency"":[],""customary_unit"":[],""jurisdiction_placeholder"":[],""kr_institution"":[],""legal_conclusion"":[],""procedural"":[]}},""ko"":{""jurisdiction_leakage_evidence"":[],""jurisdiction_leakage_status"":""pass"",""legal_leakage_evidence"":[],""legal_leakage_status"":""pass"",""procedural_leakage_status"":""pass"",""strict_leakage_evidence"":{""currency"":[],""customary_unit"":[],""jurisdiction_placeholder"":[],""kr_institution"":[],""legal_conclusion"":[],""procedural"":[]}}}",pass,"{""source"":{""15"":1,""1903"":1,""1967"":1,""2"":3,""2003"":2,""2004"":5,""2005"":2,""2006"":2,""2007"":1,""21"":1,""22"":1,""26"":1,""3"":1,""5"":3,""6"":1,""83"":1},""target"":{""15"":1,""1903"":1,""1967"":1,""2"":3,""2003"":2,""2004"":5,""2005"":2,""2006"":2,""2007"":1,""21"":1,""22"":1,""26"":1,""3"":1,""5"":3,""6"":1,""83"":1}}",[],[],True,pass,[],False,True,pass,deterministic
KR_f8eefffc009c58124b,pass,pass,pass,pass,pass,"{""en"":{""hangul"":0,""latin"":597,""reason"":null,""status"":""pass""},""ko"":{""hangul"":164,""latin"":210,""reason"":null,""status"":""pass""}}",pass,"{""en"":[""[COMPANY_A]"",""[CURRENCY_AMOUNT_A]"",""[CURRENCY_AMOUNT_B]"",""[CURRENCY_AMOUNT_C]"",""[CURRENCY_AMOUNT_D]"",""[CURRENCY_AMOUNT_E]"",""[ORGANIZATION_A]"",""[VEHICLE_A]"",""[VEHICLE_B]"",""[VEHICLE_C]""],""ko"":[""[COMPANY_A]"",""[CURRENCY_AMOUNT_A]"",""[CURRENCY_AMOUNT_B]"",""[CURRENCY_AMOUNT_C]"",""[CURRENCY_AMOUNT_D]"",""[CURRENCY_AMOUNT_E]"",""[ORGANIZATION_A]"",""[VEHICLE_A]"",""[VEHICLE_B]"",""[VEHICLE_C]""],""status"":""pass""}",pass,"{""en"":{""duplicates"":[],""status"":""pass""},""ko"":{""duplicates"":[],""status"":""pass""}}",pass,pass,pass,"{""en"":{""jurisdiction_leakage_evidence"":[],""jurisdiction_leakage_status"":""pass"",""legal_leakage_evidence"":[],""legal_leakage_status"":""pass"",""procedural_leakage_status"":""pass"",""strict_leakage_evidence"":{""currency"":[],""customary_unit"":[],""jurisdiction_placeholder"":[],""kr_institution"":[],""legal_conclusion"":[],""procedural"":[]}},""ko"":{""jurisdiction_leakage_evidence"":[],""jurisdiction_leakage_status"":""pass"",""legal_leakage_evidence"":[],""legal_leakage_status"":""pass"",""procedural_leakage_status"":""pass"",""strict_leakage_evidence"":{""currency"":[],""customary_unit"":[],""jurisdiction_placeholder"":[],""kr_institution"":[],""legal_conclusion"":[],""procedural"":[]}}}",pass,"{""source"":{""1"":1,""2019"":1},""target"":{""1"":2,""2019"":1}}",[],"[""numerical_unit_status""]",True,pass,[],False,True,fail,semantic_equivalence_confirmed
KR_f92051e8c5598d8ccc,pass,pass,pass,pass,pass,"{""en"":{""hangul"":0,""latin"":1612,""reason"":null,""status"":""pass""},""ko"":{""hangul"":396,""latin"":279,""reason"":null,""status"":""pass""}}",pass,"{""en"":[""[COMPANY_A]"",""[COMPANY_B]"",""[INSTITUTION_A]"",""[INSTITUTION_B]"",""[PERSON_A]"",""[PERSON_B]"",""[PROPERTY_A]""],""ko"":[""[COMPANY_A]"",""[COMPANY_B]"",""[INSTITUTION_A]"",""[INSTITUTION_B]"",""[PERSON_A]"",""[PERSON_B]"",""[PROPERTY_A]""],""status"":""pass""}",pass,"{""en"":{""duplicates"":[],""status"":""pass""},""ko"":{""duplicates"":[],""status"":""pass""}}",pass,pass,pass,"{""en"":{""jurisdiction_leakage_evidence"":[],""jurisdiction_leakage_status"":""pass"",""legal_leakage_evidence"":[],""legal_leakage_status"":""pass"",""procedural_leakage_status"":""pass"",""strict_leakage_evidence"":{""currency"":[],""customary_unit"":[],""jurisdiction_placeholder"":[],""kr_institution"":[],""legal_conclusion"":[],""procedural"":[]}},""ko"":{""jurisdiction_leakage_evidence"":[],""jurisdiction_leakage_status"":""pass"",""legal_leakage_evidence"":[],""legal_leakage_status"":""pass"",""procedural_leakage_status"":""pass"",""strict_leakage_evidence"":{""currency"":[],""customary_unit"":[],""jurisdiction_placeholder"":[],""kr_institution"":[],""legal_conclusion"":[],""procedural"":[]}}}",pass,"{""source"":{""1"":1,""10"":1,""16"":1,""1996"":2,""29"":1,""30"":1,""7"":2},""target"":{""00"":2,""1"":2,""10"":1,""16"":1,""1996"":2,""29"":1,""30"":1,""7"":2}}",[],"[""numerical_unit_status""]",True,pass,[],False,True,fail,semantic_equivalence_confirmed
KR_fade97268b1abdcfa2,pass,pass,pass,pass,pass,"{""en"":{""hangul"":0,""latin"":1049,""reason"":null,""status"":""pass""},""ko"":{""hangul"":287,""latin"":115,""reason"":null,""status"":""pass""}}",pass,"{""en"":[""[COMPANY_B]"",""[COMPANY_C]"",""[CURRENCY_AMOUNT_A]"",""[ORGANIZATION_B]"",""[PERSON_A]"",""[PERSON_B]""],""ko"":[""[COMPANY_B]"",""[COMPANY_C]"",""[CURRENCY_AMOUNT_A]"",""[ORGANIZATION_B]"",""[PERSON_A]"",""[PERSON_B]""],""status"":""pass""}",pass,"{""en"":{""duplicates"":[],""status"":""pass""},""ko"":{""duplicates"":[],""status"":""pass""}}",pass,pass,pass,"{""en"":{""jurisdiction_leakage_evidence"":[],""jurisdiction_leakage_status"":""pass"",""legal_leakage_evidence"":[],""legal_leakage_status"":""pass"",""procedural_leakage_status"":""pass"",""strict_leakage_evidence"":{""currency"":[],""customary_unit"":[],""jurisdiction_placeholder"":[],""kr_institution"":[],""legal_conclusion"":[],""procedural"":[]}},""ko"":{""jurisdiction_leakage_evidence"":[],""jurisdiction_leakage_status"":""pass"",""legal_leakage_evidence"":[],""legal_leakage_status"":""pass"",""procedural_leakage_status"":""pass"",""strict_leakage_evidence"":{""currency"":[],""customary_unit"":[],""jurisdiction_placeholder"":[],""kr_institution"":[],""legal_conclusion"":[],""procedural"":[]}}}",pass,"{""source"":{""1995"":2,""42"":1},""target"":{""1995"":2,""42"":1}}",[],[],True,pass,[],False,True,pass,deterministic
KR_fdfefa335ed21439c0,pass,pass,pass,pass,pass,"{""en"":{""hangul"":0,""latin"":1660,""reason"":null,""status"":""pass""},""ko"":{""hangul"":509,""latin"":266,""reason"":null,""status"":""pass""}}",pass,"{""en"":[""[INSTITUTION_A]"",""[ORGANIZATION_A]"",""[PERSON_A]"",""[PERSON_B]"",""[PERSON_C]"",""[PERSON_D]"",""[PERSON_E]"",""[PERSON_F]"",""[PERSON_G]"",""[PERSON_H]""],""ko"":[""[INSTITUTION_A]"",""[ORGANIZATION_A]"",""[PERSON_A]"",""[PERSON_B]"",""[PERSON_C]"",""[PERSON_D]"",""[PERSON_E]"",""[PERSON_F]"",""[PERSON_G]"",""[PERSON_H]""],""status"":""pass""}",pass,"{""en"":{""duplicates"":[],""status"":""pass""},""ko"":{""duplicates"":[],""status"":""pass""}}",pass,pass,pass,"{""en"":{""jurisdiction_leakage_evidence"":[],""jurisdiction_leakage_status"":""pass"",""legal_leakage_evidence"":[],""legal_leakage_status"":""pass"",""procedural_leakage_status"":""pass"",""strict_leakage_evidence"":{""currency"":[],""customary_unit"":[],""jurisdiction_placeholder"":[],""kr_institution"":[],""legal_conclusion"":[],""procedural"":[]}},""ko"":{""jurisdiction_leakage_evidence"":[],""jurisdiction_leakage_status"":""pass"",""legal_leakage_evidence"":[],""legal_leakage_status"":""pass"",""procedural_leakage_status"":""pass"",""strict_leakage_evidence"":{""currency"":[],""customary_unit"":[],""jurisdiction_placeholder"":[],""kr_institution"":[],""legal_conclusion"":[],""procedural"":[]}}}",pass,"{""source"":{""00"":2,""07"":1,""08"":1,""09"":2,""11"":4,""13"":1,""18"":1,""19"":1,""1998"":3,""2"":1,""20"":1,""22"":1,""25"":2,""26"":1,""30"":1,""35"":1,""36"":1,""40"":1,""50"":3,""6"":1},""target"":{""00"":2,""07"":1,""08"":1,""09"":2,""1"":2,""11"":4,""13"":1,""18"":1,""19"":1,""1998"":3,""20"":1,""22"":1,""25"":2,""26"":1,""30"":1,""35"":1,""36"":1,""40"":1,""50"":3,""6"":1}}",[],"[""numerical_unit_status""]",True,pass,[],False,True,fail,semantic_equivalence_confirmed
US_00df5ba88ee9d43fd5,pass,pass,pass,pass,pass,"{""en"":{""hangul"":0,""latin"":896,""reason"":null,""status"":""pass""},""ko"":{""hangul"":391,""latin"":32,""reason"":null,""status"":""pass""}}",pass,"{""en"":[""[COMPANY_A]"",""[COMPANY_B]""],""ko"":[""[COMPANY_A]"",""[COMPANY_B]""],""status"":""pass""}",pass,"{""en"":{""duplicates"":[],""status"":""pass""},""ko"":{""duplicates"":[],""status"":""pass""}}",pass,pass,pass,"{""en"":{""jurisdiction_leakage_evidence"":[],""jurisdiction_leakage_status"":""pass"",""legal_leakage_evidence"":[],""legal_leakage_status"":""pass"",""procedural_leakage_status"":""pass"",""strict_leakage_evidence"":{""currency"":[],""customary_unit"":[],""jurisdiction_placeholder"":[],""kr_institution"":[],""legal_conclusion"":[],""procedural"":[]}},""ko"":{""jurisdiction_leakage_evidence"":[],""jurisdiction_leakage_status"":""pass"",""legal_leakage_evidence"":[],""legal_leakage_status"":""pass"",""procedural_leakage_status"":""pass"",""strict_leakage_evidence"":{""currency"":[],""customary_unit"":[],""jurisdiction_placeholder"":[],""kr_institution"":[],""legal_conclusion"":[],""procedural"":[]}}}",pass,"{""source"":{""2004"":2,""3"":1,""6"":1,""7"":1,""8"":1},""target"":{""2"":1,""2004"":2,""6"":1,""7"":1,""8"":1}}",[],"[""numerical_unit_status""]",True,pass,[],False,True,fail,semantic_equivalence_confirmed
US_03aa3f07d9d0e5332a,pass,pass,pass,pass,pass,"{""en"":{""hangul"":0,""latin"":1454,""reason"":null,""status"":""pass""},""ko"":{""hangul"":495,""latin"":235,""reason"":null,""status"":""pass""}}",pass,"{""en"":[""[COMPANY_A]"",""[COMPANY_B]"",""[CURRENCY_AMOUNT_A]"",""[PERSON_A]"",""[PROPERTY_A]""],""ko"":[""[COMPANY_A]"",""[COMPANY_B]"",""[CURRENCY_AMOUNT_A]"",""[PERSON_A]"",""[PROPERTY_A]""],""status"":""pass""}",pass,"{""en"":{""duplicates"":[],""status"":""pass""},""ko"":{""duplicates"":[],""status"":""pass""}}",pass,pass,pass,"{""en"":{""jurisdiction_leakage_evidence"":[],""jurisdiction_leakage_status"":""pass"",""legal_leakage_evidence"":[],""legal_leakage_status"":""pass"",""procedural_leakage_status"":""pass"",""strict_leakage_evidence"":{""currency"":[],""customary_unit"":[],""jurisdiction_placeholder"":[],""kr_institution"":[],""legal_conclusion"":[],""procedural"":[]}},""ko"":{""jurisdiction_leakage_evidence"":[],""jurisdiction_leakage_status"":""pass"",""legal_leakage_evidence"":[],""legal_leakage_status"":""pass"",""procedural_leakage_status"":""pass"",""strict_leakage_evidence"":{""currency"":[],""customary_unit"":[],""jurisdiction_placeholder"":[],""kr_institution"":[],""legal_conclusion"":[],""procedural"":[]}}}",pass,"{""source"":{""1.22"":1,""10"":1,""1987"":1,""1999"":1,""25"":1,""3.35"":1,""6"":1},""target"":{""1.22"":1,""10"":1,""1987"":1,""1999"":1,""25"":1,""3.35"":1,""6"":1}}",[],[],True,pass,[],False,True,pass,deterministic
US_04cf5031ab373b2ef6,pass,pass,pass,pass,pass,"{""en"":{""hangul"":0,""latin"":817,""reason"":null,""status"":""pass""},""ko"":{""hangul"":302,""latin"":187,""reason"":null,""status"":""pass""}}",pass,"{""en"":[""[COMPANY_A]"",""[COMPANY_B]"",""[PERSON_A]"",""[PERSON_B]"",""[PROPERTY_A]""],""ko"":[""[COMPANY_A]"",""[COMPANY_B]"",""[PERSON_A]"",""[PERSON_B]"",""[PROPERTY_A]""],""status"":""pass""}",pass,"{""en"":{""duplicates"":[],""status"":""pass""},""ko"":{""duplicates"":[],""status"":""pass""}}",pass,pass,pass,"{""en"":{""jurisdiction_leakage_evidence"":[],""jurisdiction_leakage_status"":""pass"",""legal_leakage_evidence"":[],""legal_leakage_status"":""pass"",""procedural_leakage_status"":""pass"",""strict_leakage_evidence"":{""currency"":[],""customary_unit"":[],""jurisdiction_placeholder"":[],""kr_institution"":[],""legal_conclusion"":[],""procedural"":[]}},""ko"":{""jurisdiction_leakage_evidence"":[],""jurisdiction_leakage_status"":""pass"",""legal_leakage_evidence"":[],""legal_leakage_status"":""pass"",""procedural_leakage_status"":""pass"",""strict_leakage_evidence"":{""currency"":[],""customary_unit"":[],""jurisdiction_placeholder"":[],""kr_institution"":[],""legal_conclusion"":[],""procedural"":[]}}}",pass,"{""source"":{""2"":1},""target"":{}}",[],"[""numerical_unit_status""]",True,pass,[],False,True,fail,semantic_equivalence_confirmed
US_061c987e5f6b8cf2e8,pass,pass,pass,pass,pass,"{""en"":{""hangul"":0,""latin"":1911,""reason"":null,""status"":""pass""},""ko"":{""hangul"":691,""latin"":446,""reason"":null,""status"":""pass""}}",pass,"{""en"":[""[COMPANY_A]"",""[INSTITUTION_A]"",""[INSTITUTION_B]"",""[PERSON_A]"",""[PERSON_B]"",""[PERSON_C]""],""ko"":[""[COMPANY_A]"",""[INSTITUTION_A]"",""[INSTITUTION_B]"",""[PERSON_A]"",""[PERSON_B]"",""[PERSON_C]""],""status"":""pass""}",pass,"{""en"":{""duplicates"":[],""status"":""pass""},""ko"":{""duplicates"":[],""status"":""pass""}}",pass,pass,pass,"{""en"":{""jurisdiction_leakage_evidence"":[],""jurisdiction_leakage_status"":""pass"",""legal_leakage_evidence"":[],""legal_leakage_status"":""pass"",""procedural_leakage_status"":""pass"",""strict_leakage_evidence"":{""currency"":[],""customary_unit"":[],""jurisdiction_placeholder"":[],""kr_institution"":[],""legal_conclusion"":[],""procedural"":[]}},""ko"":{""jurisdiction_leakage_evidence"":[],""jurisdiction_leakage_status"":""pass"",""legal_leakage_evidence"":[],""legal_leakage_status"":""pass"",""procedural_leakage_status"":""pass"",""strict_leakage_evidence"":{""currency"":[],""customary_unit"":[],""jurisdiction_placeholder"":[],""kr_institution"":[],""legal_conclusion"":[],""procedural"":[]}}}",pass,"{""source"":{""12"":1,""16"":1,""17"":1,""1989"":1,""1992"":7,""27"":1,""3"":1,""5"":1,""6"":3,""7"":2,""9"":1},""target"":{""12"":1,""16"":1,""17"":1,""1989"":1,""1992"":7,""27"":1,""3"":1,""5"":1,""6"":3,""7"":2,""9"":1}}",[],[],True,pass,[],False,True,pass,deterministic
US_0852f7949bcaa2bb53,pass,pass,pass,pass,pass,"{""en"":{""hangul"":0,""latin"":1288,""reason"":null,""status"":""pass""},""ko"":{""hangul"":471,""latin"":244,""reason"":null,""status"":""pass""}}",pass,"{""en"":[""[COMPANY_A]"",""[COMPANY_C]"",""[COMPANY_D]"",""[LOCATION_A]"",""[PERSON_A]"",""[PERSON_B]"",""[PERSON_C]"",""[PERSON_D]"",""[PERSON_E]""],""ko"":[""[COMPANY_A]"",""[COMPANY_C]"",""[COMPANY_D]"",""[LOCATION_A]"",""[PERSON_A]"",""[PERSON_B]"",""[PERSON_C]"",""[PERSON_D]"",""[PERSON_E]""],""status"":""pass""}",pass,"{""en"":{""duplicates"":[],""status"":""pass""},""ko"":{""duplicates"":[],""status"":""pass""}}",pass,pass,pass,"{""en"":{""jurisdiction_leakage_evidence"":[],""jurisdiction_leakage_status"":""pass"",""legal_leakage_evidence"":[],""legal_leakage_status"":""pass"",""procedural_leakage_status"":""pass"",""strict_leakage_evidence"":{""currency"":[],""customary_unit"":[],""jurisdiction_placeholder"":[],""kr_institution"":[],""legal_conclusion"":[],""procedural"":[]}},""ko"":{""jurisdiction_leakage_evidence"":[],""jurisdiction_leakage_status"":""pass"",""legal_leakage_evidence"":[],""legal_leakage_status"":""pass"",""procedural_leakage_status"":""pass"",""strict_leakage_evidence"":{""currency"":[],""customary_unit"":[],""jurisdiction_placeholder"":[],""kr_institution"":[],""legal_conclusion"":[],""procedural"":[]}}}",pass,"{""source"":{""10"":1,""17"":1,""1995"":1,""3"":1,""5"":2},""target"":{""10"":1,""15"":1,""17"":1,""1995"":1,""3"":1}}",[],"[""numerical_unit_status""]",True,pass,[],False,True,fail,semantic_equivalence_confirmed
US_0b0596e3f457282cc2,pass,pass,pass,pass,pass,"{""en"":{""hangul"":0,""latin"":1269,""reason"":null,""status"":""pass""},""ko"":{""hangul"":472,""latin"":167,""reason"":null,""status"":""pass""}}",pass,"{""en"":[""[COMPANY_A]"",""[COMPANY_B]"",""[CURRENCY_AMOUNT_A]"",""[PERSON_A]"",""[PERSON_B]"",""[PERSON_C]""],""ko"":[""[COMPANY_A]"",""[COMPANY_B]"",""[CURRENCY_AMOUNT_A]"",""[PERSON_A]"",""[PERSON_B]"",""[PERSON_C]""],""status"":""pass""}",pass,"{""en"":{""duplicates"":[],""status"":""pass""},""ko"":{""duplicates"":[],""status"":""pass""}}",pass,pass,pass,"{""en"":{""jurisdiction_leakage_evidence"":[],""jurisdiction_leakage_status"":""pass"",""legal_leakage_evidence"":[],""legal_leakage_status"":""pass"",""procedural_leakage_status"":""pass"",""strict_leakage_evidence"":{""currency"":[],""customary_unit"":[],""jurisdiction_placeholder"":[],""kr_institution"":[],""legal_conclusion"":[],""procedural"":[]}},""ko"":{""jurisdiction_leakage_evidence"":[],""jurisdiction_leakage_status"":""pass"",""legal_leakage_evidence"":[],""legal_leakage_status"":""pass"",""procedural_leakage_status"":""pass"",""strict_leakage_evidence"":{""currency"":[],""customary_unit"":[],""jurisdiction_placeholder"":[],""kr_institution"":[],""legal_conclusion"":[],""procedural"":[]}}}",pass,"{""source"":{""10"":1,""12"":1,""2"":2,""2000"":4,""21"":1,""23"":1,""30,000"":1,""33,084"":1,""45,000"":1,""8"":2},""target"":{""10"":1,""12"":1,""2"":1,""2000"":4,""21"":1,""23"":1,""30,000"":1,""33,084"":1,""45,000"":1,""8"":2}}",[],"[""numerical_unit_status""]",True,pass,[],False,True,fail,semantic_equivalence_confirmed
US_0cb53a4c10c6b8a81c,pass,pass,pass,pass,pass,"{""en"":{""hangul"":0,""latin"":613,""reason"":null,""status"":""pass""},""ko"":{""hangul"":232,""latin"":121,""reason"":null,""status"":""pass""}}",pass,"{""en"":[""[LOCATION_A]"",""[ORGANIZATION_A]"",""[PERSON_A]"",""[PERSON_D]"",""[PRODUCT_A]"",""[PRODUCT_B]""],""ko"":[""[LOCATION_A]"",""[ORGANIZATION_A]"",""[PERSON_A]"",""[PERSON_D]"",""[PRODUCT_A]"",""[PRODUCT_B]""],""status"":""pass""}",pass,"{""en"":{""duplicates"":[],""status"":""pass""},""ko"":{""duplicates"":[],""status"":""pass""}}",pass,pass,pass,"{""en"":{""jurisdiction_leakage_evidence"":[],""jurisdiction_leakage_status"":""pass"",""legal_leakage_evidence"":[],""legal_leakage_status"":""pass"",""procedural_leakage_status"":""pass"",""strict_leakage_evidence"":{""currency"":[],""customary_unit"":[],""jurisdiction_placeholder"":[],""kr_institution"":[],""legal_conclusion"":[],""procedural"":[]}},""ko"":{""jurisdiction_leakage_evidence"":[],""jurisdiction_leakage_status"":""pass"",""legal_leakage_evidence"":[],""legal_leakage_status"":""pass"",""procedural_leakage_status"":""pass"",""strict_leakage_evidence"":{""currency"":[],""customary_unit"":[],""jurisdiction_placeholder"":[],""kr_institution"":[],""legal_conclusion"":[],""procedural"":[]}}}",pass,"{""source"":{""1"":1,""1,049"":1,""10"":2,""12"":1,""2017"":1,""58"":1},""target"":{""1"":1,""1,049"":1,""10"":2,""12"":1,""2017"":1,""58"":1}}",[],[],True,pass,[],False,True,pass,deterministic
US_0cdf24e76568435f05,pass,pass,pass,pass,pass,"{""en"":{""hangul"":0,""latin"":717,""reason"":null,""status"":""pass""},""ko"":{""hangul"":243,""latin"":82,""reason"":null,""status"":""pass""}}",pass,"{""en"":[""[INSTITUTION_A]"",""[PERSON_A]"",""[PERSON_B]""],""ko"":[""[INSTITUTION_A]"",""[PERSON_A]"",""[PERSON_B]""],""status"":""pass""}",pass,"{""en"":{""duplicates"":[],""status"":""pass""},""ko"":{""duplicates"":[],""status"":""pass""}}",pass,pass,pass,"{""en"":{""jurisdiction_leakage_evidence"":[],""jurisdiction_leakage_status"":""pass"",""legal_leakage_evidence"":[],""legal_leakage_status"":""pass"",""procedural_leakage_status"":""pass"",""strict_leakage_evidence"":{""currency"":[],""customary_unit"":[],""jurisdiction_placeholder"":[],""kr_institution"":[],""legal_conclusion"":[],""procedural"":[]}},""ko"":{""jurisdiction_leakage_evidence"":[],""jurisdiction_leakage_status"":""pass"",""legal_leakage_evidence"":[],""legal_leakage_status"":""pass"",""procedural_leakage_status"":""pass"",""strict_leakage_evidence"":{""currency"":[],""customary_unit"":[],""jurisdiction_placeholder"":[],""kr_institution"":[],""legal_conclusion"":[],""procedural"":[]}}}",pass,"{""source"":{},""target"":{""15"":1}}",[],"[""numerical_unit_status""]",True,pass,[],False,True,fail,semantic_equivalence_confirmed
US_0eaf2fe14baa5be05e,pass,pass,pass,pass,pass,"{""en"":{""hangul"":0,""latin"":1254,""reason"":null,""status"":""pass""},""ko"":{""hangul"":461,""latin"":179,""reason"":null,""status"":""pass""}}",pass,"{""en"":[""[LOCATION_A]"",""[LOCATION_B]"",""[ORGANIZATION_A]"",""[PERSON_A]"",""[PERSON_B]"",""[VEHICLE_A]""],""ko"":[""[LOCATION_A]"",""[LOCATION_B]"",""[ORGANIZATION_A]"",""[PERSON_A]"",""[PERSON_B]"",""[VEHICLE_A]""],""status"":""pass""}",pass,"{""en"":{""duplicates"":[],""status"":""pass""},""ko"":{""duplicates"":[],""status"":""pass""}}",pass,pass,pass,"{""en"":{""jurisdiction_leakage_evidence"":[],""jurisdiction_leakage_status"":""pass"",""legal_leakage_evidence"":[],""legal_leakage_status"":""pass"",""procedural_leakage_status"":""pass"",""strict_leakage_evidence"":{""currency"":[],""customary_unit"":[],""jurisdiction_placeholder"":[],""kr_institution"":[],""legal_conclusion"":[],""procedural"":[]}},""ko"":{""jurisdiction_leakage_evidence"":[],""jurisdiction_leakage_status"":""pass"",""legal_leakage_evidence"":[],""legal_leakage_status"":""pass"",""procedural_leakage_status"":""pass"",""strict_leakage_evidence"":{""currency"":[],""customary_unit"":[],""jurisdiction_placeholder"":[],""kr_institution"":[],""legal_conclusion"":[],""procedural"":[]}}}",pass,"{""source"":{""1"":1,""1991"":1,""26"":1},""target"":{""1"":1,""1991"":1,""26"":1}}",[],[],True,pass,[],False,True,pass,deterministic
US_0ed0e9c92a0a12ceca,pass,pass,pass,pass,pass,"{""en"":{""hangul"":0,""latin"":1374,""reason"":null,""status"":""pass""},""ko"":{""hangul"":513,""latin"":334,""reason"":null,""status"":""pass""}}",pass,"{""en"":[""[COMPANY_A]"",""[COMPANY_B]"",""[COMPANY_D]"",""[COMPANY_E]"",""[CURRENCY_AMOUNT_A]"",""[CURRENCY_AMOUNT_B]"",""[PERSON_A]"",""[PERSON_B]"",""[VEHICLE_A]""],""ko"":[""[COMPANY_A]"",""[COMPANY_B]"",""[COMPANY_D]"",""[COMPANY_E]"",""[CURRENCY_AMOUNT_A]"",""[CURRENCY_AMOUNT_B]"",""[PERSON_A]"",""[PERSON_B]"",""[VEHICLE_A]""],""status"":""pass""}",pass,"{""en"":{""duplicates"":[],""status"":""pass""},""ko"":{""duplicates"":[],""status"":""pass""}}",pass,pass,pass,"{""en"":{""jurisdiction_leakage_evidence"":[],""jurisdiction_leakage_status"":""pass"",""legal_leakage_evidence"":[],""legal_leakage_status"":""pass"",""procedural_leakage_status"":""pass"",""strict_leakage_evidence"":{""currency"":[],""customary_unit"":[],""jurisdiction_placeholder"":[],""kr_institution"":[],""legal_conclusion"":[],""procedural"":[]}},""ko"":{""jurisdiction_leakage_evidence"":[],""jurisdiction_leakage_status"":""pass"",""legal_leakage_evidence"":[],""legal_leakage_status"":""pass"",""procedural_leakage_status"":""pass"",""strict_leakage_evidence"":{""currency"":[],""customary_unit"":[],""jurisdiction_placeholder"":[],""kr_institution"":[],""legal_conclusion"":[],""procedural"":[]}}}",pass,"{""source"":{""10"":1,""11"":1,""2"":1,""2002"":2,""4"":2,""500"":1},""target"":{""10"":1,""11"":1,""2"":1,""2002"":2,""4"":2,""500"":1}}",[],[],True,pass,[],False,True,pass,deterministic
US_1042602a184dd1c50b,pass,pass,pass,pass,pass,"{""en"":{""hangul"":0,""latin"":681,""reason"":null,""status"":""pass""},""ko"":{""hangul"":233,""latin"":130,""reason"":null,""status"":""pass""}}",pass,"{""en"":[""[ORGANIZATION_A]"",""[PERSON_A]"",""[PERSON_B]"",""[PERSON_C]""],""ko"":[""[ORGANIZATION_A]"",""[PERSON_A]"",""[PERSON_B]"",""[PERSON_C]""],""status"":""pass""}",pass,"{""en"":{""duplicates"":[],""status"":""pass""},""ko"":{""duplicates"":[],""status"":""pass""}}",pass,pass,pass,"{""en"":{""jurisdiction_leakage_evidence"":[],""jurisdiction_leakage_status"":""pass"",""legal_leakage_evidence"":[],""legal_leakage_status"":""pass"",""procedural_leakage_status"":""pass"",""strict_leakage_evidence"":{""currency"":[],""customary_unit"":[],""jurisdiction_placeholder"":[],""kr_institution"":[],""legal_conclusion"":[],""procedural"":[]}},""ko"":{""jurisdiction_leakage_evidence"":[],""jurisdiction_leakage_status"":""pass"",""legal_leakage_evidence"":[],""legal_leakage_status"":""pass"",""procedural_leakage_status"":""pass"",""strict_leakage_evidence"":{""currency"":[],""customary_unit"":[],""jurisdiction_placeholder"":[],""kr_institution"":[],""legal_conclusion"":[],""procedural"":[]}}}",pass,"{""source"":{""12"":3,""1996"":2,""2"":1,""20"":1,""25"":1,""3"":2,""5"":1,""6"":2},""target"":{""1"":1,""12"":3,""14"":1,""1996"":2,""20"":1,""25"":1,""3"":1,""5"":1,""6"":2}}",[],"[""numerical_unit_status""]",True,pass,[],False,True,fail,semantic_equivalence_confirmed
US_143504a555ba2b1572,pass,pass,pass,pass,pass,"{""en"":{""hangul"":0,""latin"":2503,""reason"":null,""status"":""pass""},""ko"":{""hangul"":910,""latin"":288,""reason"":null,""status"":""pass""}}",pass,"{""en"":[""[LOCATION_JURISDICTION]"",""[ORGANIZATION_A]"",""[PERSON_A]"",""[PERSON_B]"",""[PERSON_C]"",""[PERSON_D]"",""[PERSON_E]""],""ko"":[""[LOCATION_JURISDICTION]"",""[ORGANIZATION_A]"",""[PERSON_A]"",""[PERSON_B]"",""[PERSON_C]"",""[PERSON_D]"",""[PERSON_E]""],""status"":""pass""}",pass,"{""en"":{""duplicates"":[],""status"":""pass""},""ko"":{""duplicates"":[],""status"":""pass""}}",pass,pass,pass,"{""en"":{""jurisdiction_leakage_evidence"":[],""jurisdiction_leakage_status"":""pass"",""legal_leakage_evidence"":[],""legal_leakage_status"":""pass"",""procedural_leakage_status"":""pass"",""strict_leakage_evidence"":{""currency"":[],""customary_unit"":[],""jurisdiction_placeholder"":[],""kr_institution"":[],""legal_conclusion"":[],""procedural"":[]}},""ko"":{""jurisdiction_leakage_evidence"":[],""jurisdiction_leakage_status"":""pass"",""legal_leakage_evidence"":[],""legal_leakage_status"":""pass"",""procedural_leakage_status"":""pass"",""strict_leakage_evidence"":{""currency"":[],""customary_unit"":[],""jurisdiction_placeholder"":[],""kr_institution"":[],""legal_conclusion"":[],""procedural"":[]}}}",pass,"{""source"":{""1"":5,""11"":3,""1995"":3,""1996"":2,""1998"":1,""2"":6,""25"":2,""3"":4,""30"":2,""45"":1,""5"":3,""8"":1,""9"":1},""target"":{""1"":3,""11"":3,""1995"":3,""1996"":2,""1998"":1,""2"":4,""25"":2,""3"":3,""30"":2,""45"":1,""5"":2,""8"":1,""9"":1}}",[],"[""numerical_unit_status""]",True,pass,[],False,True,fail,semantic_equivalence_confirmed
US_157a99d9bc34ad07c0,pass,pass,pass,pass,pass,"{""en"":{""hangul"":0,""latin"":1242,""reason"":null,""status"":""pass""},""ko"":{""hangul"":435,""latin"":173,""reason"":null,""status"":""pass""}}",pass,"{""en"":[""[LOCATION_A]"",""[LOCATION_B]"",""[LOCATION_C]"",""[ORGANIZATION_B]"",""[PERSON_A]"",""[PERSON_C]""],""ko"":[""[LOCATION_A]"",""[LOCATION_B]"",""[LOCATION_C]"",""[ORGANIZATION_B]"",""[PERSON_A]"",""[PERSON_C]""],""status"":""pass""}",pass,"{""en"":{""duplicates"":[],""status"":""pass""},""ko"":{""duplicates"":[],""status"":""pass""}}",pass,pass,pass,"{""en"":{""jurisdiction_leakage_evidence"":[],""jurisdiction_leakage_status"":""pass"",""legal_leakage_evidence"":[],""legal_leakage_status"":""pass"",""procedural_leakage_status"":""pass"",""strict_leakage_evidence"":{""currency"":[],""customary_unit"":[],""jurisdiction_placeholder"":[],""kr_institution"":[],""legal_conclusion"":[],""procedural"":[]}},""ko"":{""jurisdiction_leakage_evidence"":[],""jurisdiction_leakage_status"":""pass"",""legal_leakage_evidence"":[],""legal_leakage_status"":""pass"",""procedural_leakage_status"":""pass"",""strict_leakage_evidence"":{""currency"":[],""customary_unit"":[],""jurisdiction_placeholder"":[],""kr_institution"":[],""legal_conclusion"":[],""procedural"":[]}}}",pass,"{""source"":{""18"":1,""1992"":1,""1993"":1,""28"":1,""4"":1,""5"":2,""88.5"":1},""target"":{""18"":1,""1992"":1,""1993"":1,""28"":1,""5"":2,""88.5"":1}}",[],"[""numerical_unit_status""]",True,pass,[],False,True,fail,semantic_equivalence_confirmed
US_15e86d45f19b975195,pass,pass,pass,pass,pass,"{""en"":{""hangul"":0,""latin"":2388,""reason"":null,""status"":""pass""},""ko"":{""hangul"":759,""latin"":633,""reason"":null,""status"":""pass""}}",pass,"{""en"":[""[INSTITUTION_A]"",""[LOCATION_A]"",""[ORGANIZATION_A]"",""[PERSON_A]"",""[PERSON_B]"",""[PERSON_C]"",""[PERSON_F]""],""ko"":[""[INSTITUTION_A]"",""[LOCATION_A]"",""[ORGANIZATION_A]"",""[PERSON_A]"",""[PERSON_B]"",""[PERSON_C]"",""[PERSON_F]""],""status"":""pass""}",pass,"{""en"":{""duplicates"":[],""status"":""pass""},""ko"":{""duplicates"":[],""status"":""pass""}}",pass,pass,pass,"{""en"":{""jurisdiction_leakage_evidence"":[],""jurisdiction_leakage_status"":""pass"",""legal_leakage_evidence"":[],""legal_leakage_status"":""pass"",""procedural_leakage_status"":""pass"",""strict_leakage_evidence"":{""currency"":[],""customary_unit"":[],""jurisdiction_placeholder"":[],""kr_institution"":[],""legal_conclusion"":[],""procedural"":[]}},""ko"":{""jurisdiction_leakage_evidence"":[],""jurisdiction_leakage_status"":""pass"",""legal_leakage_evidence"":[],""legal_leakage_status"":""pass"",""procedural_leakage_status"":""pass"",""strict_leakage_evidence"":{""currency"":[],""customary_unit"":[],""jurisdiction_placeholder"":[],""kr_institution"":[],""legal_conclusion"":[],""procedural"":[]}}}",pass,"{""source"":{""12"":1,""2010"":2,""2012"":1,""3"":1,""4"":1,""8"":1},""target"":{""12"":1,""2010"":2,""2012"":1,""3"":1,""8"":1}}",[],"[""numerical_unit_status""]",True,pass,[],False,True,fail,semantic_equivalence_confirmed
US_193c9ad26072b674b4,pass,pass,pass,pass,pass,"{""en"":{""hangul"":0,""latin"":2445,""reason"":null,""status"":""pass""},""ko"":{""hangul"":902,""latin"":381,""reason"":null,""status"":""pass""}}",pass,"{""en"":[""[COMPANY_A]"",""[LOCATION_A]"",""[ORGANIZATION_A]"",""[ORGANIZATION_B]"",""[PERSON_A]"",""[PERSON_B]"",""[PERSON_C]"",""[PERSON_D]"",""[PERSON_E]"",""[PERSON_F]"",""[PERSON_G]"",""[PERSON_H]"",""[PRODUCT_A]"",""[PRODUCT_B]"",""[PRODUCT_C]""],""ko"":[""[COMPANY_A]"",""[LOCATION_A]"",""[ORGANIZATION_A]"",""[ORGANIZATION_B]"",""[PERSON_A]"",""[PERSON_B]"",""[PERSON_C]"",""[PERSON_D]"",""[PERSON_E]"",""[PERSON_F]"",""[PERSON_G]"",""[PERSON_H]"",""[PRODUCT_A]"",""[PRODUCT_B]"",""[PRODUCT_C]""],""status"":""pass""}",pass,"{""en"":{""duplicates"":[],""status"":""pass""},""ko"":{""duplicates"":[],""status"":""pass""}}",pass,pass,pass,"{""en"":{""jurisdiction_leakage_evidence"":[],""jurisdiction_leakage_status"":""pass"",""legal_leakage_evidence"":[],""legal_leakage_status"":""pass"",""procedural_leakage_status"":""pass"",""strict_leakage_evidence"":{""currency"":[],""customary_unit"":[],""jurisdiction_placeholder"":[],""kr_institution"":[],""legal_conclusion"":[],""procedural"":[]}},""ko"":{""jurisdiction_leakage_evidence"":[],""jurisdiction_leakage_status"":""pass"",""legal_leakage_evidence"":[],""legal_leakage_status"":""pass"",""procedural_leakage_status"":""pass"",""strict_leakage_evidence"":{""currency"":[],""customary_unit"":[],""jurisdiction_placeholder"":[],""kr_institution"":[],""legal_conclusion"":[],""procedural"":[]}}}",pass,"{""source"":{""1"":1,""1981"":2,""1991"":1,""1993"":1,""2"":1,""29"":1,""3"":1,""5"":2},""target"":{""1981"":2,""1991"":1,""1993"":1,""2"":1,""29"":1,""5"":2}}",[],"[""numerical_unit_status""]",True,pass,[],False,True,fail,semantic_equivalence_confirmed
US_193fdb5b19590cbcab,pass,pass,pass,pass,pass,"{""en"":{""hangul"":0,""latin"":2206,""reason"":null,""status"":""pass""},""ko"":{""hangul"":858,""latin"":348,""reason"":null,""status"":""pass""}}",pass,"{""en"":[""[COMPANY_A]"",""[LOCATION_JURISDICTION]"",""[PERSON_A]"",""[PERSON_B]"",""[PERSON_C]"",""[PERSON_D]"",""[PERSON_E]"",""[PERSON_F]"",""[PERSON_G]"",""[PERSON_H]"",""[PERSON_I]"",""[PERSON_J]"",""[PERSON_K]""],""ko"":[""[COMPANY_A]"",""[LOCATION_JURISDICTION]"",""[PERSON_A]"",""[PERSON_B]"",""[PERSON_C]"",""[PERSON_D]"",""[PERSON_E]"",""[PERSON_F]"",""[PERSON_G]"",""[PERSON_H]"",""[PERSON_I]"",""[PERSON_J]"",""[PERSON_K]""],""status"":""pass""}",pass,"{""en"":{""duplicates"":[],""status"":""pass""},""ko"":{""duplicates"":[],""status"":""pass""}}",pass,pass,pass,"{""en"":{""jurisdiction_leakage_evidence"":[],""jurisdiction_leakage_status"":""pass"",""legal_leakage_evidence"":[],""legal_leakage_status"":""pass"",""procedural_leakage_status"":""pass"",""strict_leakage_evidence"":{""currency"":[],""customary_unit"":[],""jurisdiction_placeholder"":[],""kr_institution"":[],""legal_conclusion"":[],""procedural"":[]}},""ko"":{""jurisdiction_leakage_evidence"":[],""jurisdiction_leakage_status"":""pass"",""legal_leakage_evidence"":[],""legal_leakage_status"":""pass"",""procedural_leakage_status"":""pass"",""strict_leakage_evidence"":{""currency"":[],""customary_unit"":[],""jurisdiction_placeholder"":[],""kr_institution"":[],""legal_conclusion"":[],""procedural"":[]}}}",pass,"{""source"":{""1"":1,""12"":1,""1996"":6,""1997"":2,""21"":1,""26"":1,""29"":1,""3"":2,""4"":3,""7"":3,""8"":2,""9"":1},""target"":{""1"":1,""12"":1,""1996"":6,""1997"":2,""21"":1,""26"":1,""29"":1,""3"":2,""4"":3,""7"":3,""8"":2,""9"":1}}",[],[],True,pass,[],False,True,pass,deterministic
US_1aba36d98e0653f066,pass,pass,pass,pass,pass,"{""en"":{""hangul"":0,""latin"":1226,""reason"":null,""status"":""pass""},""ko"":{""hangul"":495,""latin"":192,""reason"":null,""status"":""pass""}}",pass,"{""en"":[""[COMPANY_A]"",""[PERSON_A]"",""[PERSON_B]""],""ko"":[""[COMPANY_A]"",""[PERSON_A]"",""[PERSON_B]""],""status"":""pass""}",pass,"{""en"":{""duplicates"":[],""status"":""pass""},""ko"":{""duplicates"":[],""status"":""pass""}}",pass,pass,pass,"{""en"":{""jurisdiction_leakage_evidence"":[],""jurisdiction_leakage_status"":""pass"",""legal_leakage_evidence"":[],""legal_leakage_status"":""pass"",""procedural_leakage_status"":""pass"",""strict_leakage_evidence"":{""currency"":[],""customary_unit"":[],""jurisdiction_placeholder"":[],""kr_institution"":[],""legal_conclusion"":[],""procedural"":[]}},""ko"":{""jurisdiction_leakage_evidence"":[],""jurisdiction_leakage_status"":""pass"",""legal_leakage_evidence"":[],""legal_leakage_status"":""pass"",""procedural_leakage_status"":""pass"",""strict_leakage_evidence"":{""currency"":[],""customary_unit"":[],""jurisdiction_placeholder"":[],""kr_institution"":[],""legal_conclusion"":[],""procedural"":[]}}}",pass,"{""source"":{""1"":3,""10"":1,""1995"":1,""1996"":1,""1997"":1,""1998"":2,""2"":1,""25"":1,""28"":1,""8"":2},""target"":{""10"":1,""1995"":1,""1996"":1,""1997"":1,""1998"":2,""2"":1,""25"":1,""28"":1,""8"":2}}",[],"[""numerical_unit_status""]",True,pass,[],False,True,fail,semantic_equivalence_confirmed
US_1cfe591dc59be857da,pass,pass,pass,pass,pass,"{""en"":{""hangul"":0,""latin"":907,""reason"":null,""status"":""pass""},""ko"":{""hangul"":365,""latin"":184,""reason"":null,""status"":""pass""}}",pass,"{""en"":[""[COMPANY_A]"",""[CURRENCY_AMOUNT_A]"",""[PERSON_A]"",""[PERSON_B]"",""[PERSON_C]"",""[PERSON_D]""],""ko"":[""[COMPANY_A]"",""[CURRENCY_AMOUNT_A]"",""[PERSON_A]"",""[PERSON_B]"",""[PERSON_C]"",""[PERSON_D]""],""status"":""pass""}",pass,"{""en"":{""duplicates"":[],""status"":""pass""},""ko"":{""duplicates"":[],""status"":""pass""}}",pass,pass,pass,"{""en"":{""jurisdiction_leakage_evidence"":[],""jurisdiction_leakage_status"":""pass"",""legal_leakage_evidence"":[],""legal_leakage_status"":""pass"",""procedural_leakage_status"":""pass"",""strict_leakage_evidence"":{""currency"":[],""customary_unit"":[],""jurisdiction_placeholder"":[],""kr_institution"":[],""legal_conclusion"":[],""procedural"":[]}},""ko"":{""jurisdiction_leakage_evidence"":[],""jurisdiction_leakage_status"":""pass"",""legal_leakage_evidence"":[],""legal_leakage_status"":""pass"",""procedural_leakage_status"":""pass"",""strict_leakage_evidence"":{""currency"":[],""customary_unit"":[],""jurisdiction_placeholder"":[],""kr_institution"":[],""legal_conclusion"":[],""procedural"":[]}}}",pass,"{""source"":{""2014"":1,""3"":1},""target"":{""2014"":1,""3"":1}}",[],[],True,pass,[],False,True,pass,deterministic
US_231c5e7fb867d9b8c2,pass,pass,pass,pass,pass,"{""en"":{""hangul"":0,""latin"":2023,""reason"":null,""status"":""pass""},""ko"":{""hangul"":738,""latin"":183,""reason"":null,""status"":""pass""}}",pass,"{""en"":[""[COMPANY_A]"",""[COMPANY_B]"",""[COMPANY_C]"",""[PERSON_A]""],""ko"":[""[COMPANY_A]"",""[COMPANY_B]"",""[COMPANY_C]"",""[PERSON_A]""],""status"":""pass""}",pass,"{""en"":{""duplicates"":[],""status"":""pass""},""ko"":{""duplicates"":[],""status"":""pass""}}",pass,pass,pass,"{""en"":{""jurisdiction_leakage_evidence"":[],""jurisdiction_leakage_status"":""pass"",""legal_leakage_evidence"":[],""legal_leakage_status"":""pass"",""procedural_leakage_status"":""pass"",""strict_leakage_evidence"":{""currency"":[],""customary_unit"":[],""jurisdiction_placeholder"":[],""kr_institution"":[],""legal_conclusion"":[],""procedural"":[]}},""ko"":{""jurisdiction_leakage_evidence"":[],""jurisdiction_leakage_status"":""pass"",""legal_leakage_evidence"":[],""legal_leakage_status"":""pass"",""procedural_leakage_status"":""pass"",""strict_leakage_evidence"":{""currency"":[],""customary_unit"":[],""jurisdiction_placeholder"":[],""kr_institution"":[],""legal_conclusion"":[],""procedural"":[]}}}",pass,"{""source"":{""1"":1,""10.16"":1,""93"":1},""target"":{""10.16"":1,""93"":1}}",[],"[""numerical_unit_status""]",True,pass,[],False,True,fail,semantic_equivalence_confirmed
US_286292f7d56c91120b,pass,pass,pass,pass,pass,"{""en"":{""hangul"":0,""latin"":1309,""reason"":null,""status"":""pass""},""ko"":{""hangul"":506,""latin"":250,""reason"":null,""status"":""pass""}}",pass,"{""en"":[""[LOCATION_A]"",""[LOCATION_B]"",""[ORGANIZATION_A]"",""[PERSON_A]"",""[PERSON_B]"",""[PERSON_C]""],""ko"":[""[LOCATION_A]"",""[LOCATION_B]"",""[ORGANIZATION_A]"",""[PERSON_A]"",""[PERSON_B]"",""[PERSON_C]""],""status"":""pass""}",pass,"{""en"":{""duplicates"":[],""status"":""pass""},""ko"":{""duplicates"":[],""status"":""pass""}}",pass,pass,pass,"{""en"":{""jurisdiction_leakage_evidence"":[],""jurisdiction_leakage_status"":""pass"",""legal_leakage_evidence"":[],""legal_leakage_status"":""pass"",""procedural_leakage_status"":""pass"",""strict_leakage_evidence"":{""currency"":[],""customary_unit"":[],""jurisdiction_placeholder"":[],""kr_institution"":[],""legal_conclusion"":[],""procedural"":[]}},""ko"":{""jurisdiction_leakage_evidence"":[],""jurisdiction_leakage_status"":""pass"",""legal_leakage_evidence"":[],""legal_leakage_status"":""pass"",""procedural_leakage_status"":""pass"",""strict_leakage_evidence"":{""currency"":[],""customary_unit"":[],""jurisdiction_placeholder"":[],""kr_institution"":[],""legal_conclusion"":[],""procedural"":[]}}}",pass,"{""source"":{""119.09"":1,""2"":2,""3"":1,""72.42"":1,""93.34"":1},""target"":{""119.09"":1,""3"":1,""72.42"":1,""93.34"":1}}",[],"[""numerical_unit_status""]",True,pass,[],False,True,fail,semantic_equivalence_confirmed
US_2ce3ed6c0e8a324589,pass,pass,pass,pass,pass,"{""en"":{""hangul"":0,""latin"":1748,""reason"":null,""status"":""pass""},""ko"":{""hangul"":615,""latin"":260,""reason"":null,""status"":""pass""}}",pass,"{""en"":[""[COMPANY_A]"",""[INSTITUTION_A]"",""[PERSON_A]"",""[PERSON_B]"",""[PERSON_C]"",""[PERSON_D]"",""[PERSON_E]""],""ko"":[""[COMPANY_A]"",""[INSTITUTION_A]"",""[PERSON_A]"",""[PERSON_B]"",""[PERSON_C]"",""[PERSON_D]"",""[PERSON_E]""],""status"":""pass""}",pass,"{""en"":{""duplicates"":[],""status"":""pass""},""ko"":{""duplicates"":[],""status"":""pass""}}",pass,pass,pass,"{""en"":{""jurisdiction_leakage_evidence"":[],""jurisdiction_leakage_status"":""pass"",""legal_leakage_evidence"":[],""legal_leakage_status"":""pass"",""procedural_leakage_status"":""pass"",""strict_leakage_evidence"":{""currency"":[],""customary_unit"":[],""jurisdiction_placeholder"":[],""kr_institution"":[],""legal_conclusion"":[],""procedural"":[]}},""ko"":{""jurisdiction_leakage_evidence"":[],""jurisdiction_leakage_status"":""pass"",""legal_leakage_evidence"":[],""legal_leakage_status"":""pass"",""procedural_leakage_status"":""pass"",""strict_leakage_evidence"":{""currency"":[],""customary_unit"":[],""jurisdiction_placeholder"":[],""kr_institution"":[],""legal_conclusion"":[],""procedural"":[]}}}",pass,"{""source"":{""1"":1,""118"":1,""177"":1,""2"":4,""207"":1,""27"":1,""29"":1,""3"":2,""30"":1,""38.3"":1,""4"":3,""5"":2,""7"":4,""8"":4,""89"":1},""target"":{""1"":1,""118"":1,""177"":1,""2"":1,""207"":1,""27"":1,""29"":1,""3"":1,""30"":1,""38.3"":1,""4"":3,""5"":2,""7"":3,""8"":4,""89"":1}}",[],"[""numerical_unit_status""]",True,pass,[],False,True,fail,semantic_equivalence_confirmed
US_2dc42d5d55548348de,pass,pass,pass,pass,pass,"{""en"":{""hangul"":0,""latin"":602,""reason"":null,""status"":""pass""},""ko"":{""hangul"":243,""latin"":66,""reason"":null,""status"":""pass""}}",pass,"{""en"":[""[COMPANY_A]"",""[COMPANY_B]"",""[PERSON_A]"",""[PERSON_B]""],""ko"":[""[COMPANY_A]"",""[COMPANY_B]"",""[PERSON_A]"",""[PERSON_B]""],""status"":""pass""}",pass,"{""en"":{""duplicates"":[],""status"":""pass""},""ko"":{""duplicates"":[],""status"":""pass""}}",pass,pass,pass,"{""en"":{""jurisdiction_leakage_evidence"":[],""jurisdiction_leakage_status"":""pass"",""legal_leakage_evidence"":[],""legal_leakage_status"":""pass"",""procedural_leakage_status"":""pass"",""strict_leakage_evidence"":{""currency"":[],""customary_unit"":[],""jurisdiction_placeholder"":[],""kr_institution"":[],""legal_conclusion"":[],""procedural"":[]}},""ko"":{""jurisdiction_leakage_evidence"":[],""jurisdiction_leakage_status"":""pass"",""legal_leakage_evidence"":[],""legal_leakage_status"":""pass"",""procedural_leakage_status"":""pass"",""strict_leakage_evidence"":{""currency"":[],""customary_unit"":[],""jurisdiction_placeholder"":[],""kr_institution"":[],""legal_conclusion"":[],""procedural"":[]}}}",pass,"{""source"":{""2"":1},""target"":{""2"":1}}",[],[],True,pass,[],False,True,pass,deterministic
US_32ce5cc46af8c47b58,pass,pass,pass,pass,pass,"{""en"":{""hangul"":0,""latin"":1051,""reason"":null,""status"":""pass""},""ko"":{""hangul"":348,""latin"":224,""reason"":null,""status"":""pass""}}",pass,"{""en"":[""[COMPANY_A]"",""[LOCATION_A]"",""[ORGANIZATION_A]"",""[ORGANIZATION_B]"",""[PERSON_A]"",""[PERSON_E]"",""[PROPERTY_A]""],""ko"":[""[COMPANY_A]"",""[LOCATION_A]"",""[ORGANIZATION_A]"",""[ORGANIZATION_B]"",""[PERSON_A]"",""[PERSON_E]"",""[PROPERTY_A]""],""status"":""pass""}",pass,"{""en"":{""duplicates"":[],""status"":""pass""},""ko"":{""duplicates"":[],""status"":""pass""}}",pass,pass,pass,"{""en"":{""jurisdiction_leakage_evidence"":[],""jurisdiction_leakage_status"":""pass"",""legal_leakage_evidence"":[],""legal_leakage_status"":""pass"",""procedural_leakage_status"":""pass"",""strict_leakage_evidence"":{""currency"":[],""customary_unit"":[],""jurisdiction_placeholder"":[],""kr_institution"":[],""legal_conclusion"":[],""procedural"":[]}},""ko"":{""jurisdiction_leakage_evidence"":[],""jurisdiction_leakage_status"":""pass"",""legal_leakage_evidence"":[],""legal_leakage_status"":""pass"",""procedural_leakage_status"":""pass"",""strict_leakage_evidence"":{""currency"":[],""customary_unit"":[],""jurisdiction_placeholder"":[],""kr_institution"":[],""legal_conclusion"":[],""procedural"":[]}}}",pass,"{""source"":{""10"":1,""11"":1,""13"":1,""1995"":3,""1996"":1,""1997"":2,""2"":1,""4"":2,""6"":2,""7"":1,""9"":4},""target"":{""10"":1,""11"":1,""13"":1,""1995"":3,""1996"":1,""1997"":2,""2"":1,""4"":2,""6"":2,""7"":1,""9"":4}}",[],[],True,pass,[],False,True,pass,deterministic
US_369a2f88efd4f55df4,pass,pass,pass,pass,pass,"{""en"":{""hangul"":0,""latin"":687,""reason"":null,""status"":""pass""},""ko"":{""hangul"":238,""latin"":187,""reason"":null,""status"":""pass""}}",pass,"{""en"":[""[LOCATION_A]"",""[LOCATION_B]"",""[PERSON_A]"",""[PERSON_B]"",""[PERSON_C]"",""[VEHICLE_A]"",""[VEHICLE_B]""],""ko"":[""[LOCATION_A]"",""[LOCATION_B]"",""[PERSON_A]"",""[PERSON_B]"",""[PERSON_C]"",""[VEHICLE_A]"",""[VEHICLE_B]""],""status"":""pass""}",pass,"{""en"":{""duplicates"":[],""status"":""pass""},""ko"":{""duplicates"":[],""status"":""pass""}}",pass,pass,pass,"{""en"":{""jurisdiction_leakage_evidence"":[],""jurisdiction_leakage_status"":""pass"",""legal_leakage_evidence"":[],""legal_leakage_status"":""pass"",""procedural_leakage_status"":""pass"",""strict_leakage_evidence"":{""currency"":[],""customary_unit"":[],""jurisdiction_placeholder"":[],""kr_institution"":[],""legal_conclusion"":[],""procedural"":[]}},""ko"":{""jurisdiction_leakage_evidence"":[],""jurisdiction_leakage_status"":""pass"",""legal_leakage_evidence"":[],""legal_leakage_status"":""pass"",""procedural_leakage_status"":""pass"",""strict_leakage_evidence"":{""currency"":[],""customary_unit"":[],""jurisdiction_placeholder"":[],""kr_institution"":[],""legal_conclusion"":[],""procedural"":[]}}}",pass,"{""source"":{""16"":1,""2014"":1,""6"":1},""target"":{""1"":1,""16"":1,""2014"":1,""6"":1}}",[],"[""numerical_unit_status""]",True,pass,[],False,True,fail,semantic_equivalence_confirmed
US_37fae4c5d51bff450a,pass,pass,pass,pass,pass,"{""en"":{""hangul"":0,""latin"":983,""reason"":null,""status"":""pass""},""ko"":{""hangul"":340,""latin"":151,""reason"":null,""status"":""pass""}}",pass,"{""en"":[""[COMPANY_A]"",""[CURRENCY_AMOUNT_A]"",""[PERSON_A]"",""[VEHICLE_A]""],""ko"":[""[COMPANY_A]"",""[CURRENCY_AMOUNT_A]"",""[PERSON_A]"",""[VEHICLE_A]""],""status"":""pass""}",pass,"{""en"":{""duplicates"":[],""status"":""pass""},""ko"":{""duplicates"":[],""status"":""pass""}}",pass,pass,pass,"{""en"":{""jurisdiction_leakage_evidence"":[],""jurisdiction_leakage_status"":""pass"",""legal_leakage_evidence"":[],""legal_leakage_status"":""pass"",""procedural_leakage_status"":""pass"",""strict_leakage_evidence"":{""currency"":[],""customary_unit"":[],""jurisdiction_placeholder"":[],""kr_institution"":[],""legal_conclusion"":[],""procedural"":[]}},""ko"":{""jurisdiction_leakage_evidence"":[],""jurisdiction_leakage_status"":""pass"",""legal_leakage_evidence"":[],""legal_leakage_status"":""pass"",""procedural_leakage_status"":""pass"",""strict_leakage_evidence"":{""currency"":[],""customary_unit"":[],""jurisdiction_placeholder"":[],""kr_institution"":[],""legal_conclusion"":[],""procedural"":[]}}}",pass,"{""source"":{""10"":2,""11"":1,""15"":1,""2003"":1,""2013"":2,""3"":1,""5"":1,""8"":1,""85,295"":1,""9"":1},""target"":{""10"":2,""11"":1,""15"":1,""2003"":1,""2013"":2,""3"":1,""5"":1,""8"":1,""85,295"":1,""9"":1}}",[],[],True,pass,[],False,True,pass,deterministic
US_38d924f1ad3609200a,pass,pass,pass,pass,pass,"{""en"":{""hangul"":0,""latin"":1305,""reason"":null,""status"":""pass""},""ko"":{""hangul"":432,""latin"":134,""reason"":null,""status"":""pass""}}",pass,"{""en"":[""[LOCATION_A]"",""[ORGANIZATION_A]"",""[ORGANIZATION_B]"",""[PERSON_A]"",""[PERSON_B]"",""[VEHICLE_A]""],""ko"":[""[LOCATION_A]"",""[ORGANIZATION_A]"",""[ORGANIZATION_B]"",""[PERSON_A]"",""[PERSON_B]"",""[VEHICLE_A]""],""status"":""pass""}",pass,"{""en"":{""duplicates"":[],""status"":""pass""},""ko"":{""duplicates"":[],""status"":""pass""}}",pass,pass,pass,"{""en"":{""jurisdiction_leakage_evidence"":[],""jurisdiction_leakage_status"":""pass"",""legal_leakage_evidence"":[],""legal_leakage_status"":""pass"",""procedural_leakage_status"":""pass"",""strict_leakage_evidence"":{""currency"":[],""customary_unit"":[],""jurisdiction_placeholder"":[],""kr_institution"":[],""legal_conclusion"":[],""procedural"":[]}},""ko"":{""jurisdiction_leakage_evidence"":[],""jurisdiction_leakage_status"":""pass"",""legal_leakage_evidence"":[],""legal_leakage_status"":""pass"",""procedural_leakage_status"":""pass"",""strict_leakage_evidence"":{""currency"":[],""customary_unit"":[],""jurisdiction_placeholder"":[],""kr_institution"":[],""legal_conclusion"":[],""procedural"":[]}}}",pass,"{""source"":{""1"":1,""1996"":1,""30"":1,""7"":2,""8"":1,""9"":1},""target"":{""1996"":1,""30"":1,""7"":2,""8"":1,""9"":1}}",[],"[""numerical_unit_status""]",True,pass,[],False,True,fail,semantic_equivalence_confirmed
US_3a3052ef67238d90fa,pass,pass,pass,pass,pass,"{""en"":{""hangul"":0,""latin"":355,""reason"":null,""status"":""pass""},""ko"":{""hangul"":112,""latin"":103,""reason"":null,""status"":""pass""}}",pass,"{""en"":[""[CURRENCY_AMOUNT_A]"",""[LOCATION_A]"",""[PERSON_A]"",""[PERSON_B]"",""[VEHICLE_A]""],""ko"":[""[CURRENCY_AMOUNT_A]"",""[LOCATION_A]"",""[PERSON_A]"",""[PERSON_B]"",""[VEHICLE_A]""],""status"":""pass""}",pass,"{""en"":{""duplicates"":[],""status"":""pass""},""ko"":{""duplicates"":[],""status"":""pass""}}",pass,pass,pass,"{""en"":{""jurisdiction_leakage_evidence"":[],""jurisdiction_leakage_status"":""pass"",""legal_leakage_evidence"":[],""legal_leakage_status"":""pass"",""procedural_leakage_status"":""pass"",""strict_leakage_evidence"":{""currency"":[],""customary_unit"":[],""jurisdiction_placeholder"":[],""kr_institution"":[],""legal_conclusion"":[],""procedural"":[]}},""ko"":{""jurisdiction_leakage_evidence"":[],""jurisdiction_leakage_status"":""pass"",""legal_leakage_evidence"":[],""legal_leakage_status"":""pass"",""procedural_leakage_status"":""pass"",""strict_leakage_evidence"":{""currency"":[],""customary_unit"":[],""jurisdiction_placeholder"":[],""kr_institution"":[],""legal_conclusion"":[],""procedural"":[]}}}",pass,"{""source"":{},""target"":{}}",[],[],True,pass,[],False,True,pass,deterministic
US_3f0101285fcc76e2b1,pass,pass,pass,pass,pass,"{""en"":{""hangul"":0,""latin"":728,""reason"":null,""status"":""pass""},""ko"":{""hangul"":262,""latin"":189,""reason"":null,""status"":""pass""}}",pass,"{""en"":[""[COMPANY_A]"",""[COMPANY_B]"",""[COMPANY_C]"",""[PERSON_A]"",""[PRODUCT_A]"",""[PRODUCT_B]""],""ko"":[""[COMPANY_A]"",""[COMPANY_B]"",""[COMPANY_C]"",""[PERSON_A]"",""[PRODUCT_A]"",""[PRODUCT_B]""],""status"":""pass""}",pass,"{""en"":{""duplicates"":[],""status"":""pass""},""ko"":{""duplicates"":[],""status"":""pass""}}",pass,pass,pass,"{""en"":{""jurisdiction_leakage_evidence"":[],""jurisdiction_leakage_status"":""pass"",""legal_leakage_evidence"":[],""legal_leakage_status"":""pass"",""procedural_leakage_status"":""pass"",""strict_leakage_evidence"":{""currency"":[],""customary_unit"":[],""jurisdiction_placeholder"":[],""kr_institution"":[],""legal_conclusion"":[],""procedural"":[]}},""ko"":{""jurisdiction_leakage_evidence"":[],""jurisdiction_leakage_status"":""pass"",""legal_leakage_evidence"":[],""legal_leakage_status"":""pass"",""procedural_leakage_status"":""pass"",""strict_leakage_evidence"":{""currency"":[],""customary_unit"":[],""jurisdiction_placeholder"":[],""kr_institution"":[],""legal_conclusion"":[],""procedural"":[]}}}",pass,"{""source"":{""10"":1,""11"":1,""1947"":1,""1963"":1,""1979"":1,""1996"":1,""2"":1,""90"":1},""target"":{""10"":1,""11"":1,""1947"":1,""1963"":1,""1979"":1,""1996"":1,""2"":1,""90"":1}}",[],[],True,resolved_by_direct_source_adjudication,"[""The final bilingual text contains redundant duplication of the same alleged injuries; the second sentence adds causation but substantially repeats the preceding factual statement.""]",False,True,pass,deterministic
US_43352148b1cf063f58,pass,pass,pass,pass,pass,"{""en"":{""hangul"":0,""latin"":1384,""reason"":null,""status"":""pass""},""ko"":{""hangul"":520,""latin"":314,""reason"":null,""status"":""pass""}}",pass,"{""en"":[""[INSTITUTION_A]"",""[PERSON_A]"",""[PERSON_B]"",""[PERSON_C]"",""[PERSON_D]"",""[PRODUCT_A]""],""ko"":[""[INSTITUTION_A]"",""[PERSON_A]"",""[PERSON_B]"",""[PERSON_C]"",""[PERSON_D]"",""[PRODUCT_A]""],""status"":""pass""}",pass,"{""en"":{""duplicates"":[],""status"":""pass""},""ko"":{""duplicates"":[],""status"":""pass""}}",pass,pass,pass,"{""en"":{""jurisdiction_leakage_evidence"":[],""jurisdiction_leakage_status"":""pass"",""legal_leakage_evidence"":[],""legal_leakage_status"":""pass"",""procedural_leakage_status"":""pass"",""strict_leakage_evidence"":{""currency"":[],""customary_unit"":[],""jurisdiction_placeholder"":[],""kr_institution"":[],""legal_conclusion"":[],""procedural"":[]}},""ko"":{""jurisdiction_leakage_evidence"":[],""jurisdiction_leakage_status"":""pass"",""legal_leakage_evidence"":[],""legal_leakage_status"":""pass"",""procedural_leakage_status"":""pass"",""strict_leakage_evidence"":{""currency"":[],""customary_unit"":[],""jurisdiction_placeholder"":[],""kr_institution"":[],""legal_conclusion"":[],""procedural"":[]}}}",pass,"{""source"":{""10"":1,""12"":1,""15"":1,""16"":3,""1998"":7,""21"":1,""3"":8,""6"":1},""target"":{""10"":1,""12"":1,""15"":1,""16"":3,""1998"":7,""21"":1,""3"":8,""6"":1}}",[],[],True,pass,[],False,True,pass,deterministic
US_45c1de8fa5ac8eefab,pass,pass,pass,pass,pass,"{""en"":{""hangul"":0,""latin"":593,""reason"":null,""status"":""pass""},""ko"":{""hangul"":219,""latin"":126,""reason"":null,""status"":""pass""}}",pass,"{""en"":[""[COMPANY_A]"",""[INSTITUTION_A]"",""[PERSON_A]"",""[PERSON_B]""],""ko"":[""[COMPANY_A]"",""[INSTITUTION_A]"",""[PERSON_A]"",""[PERSON_B]""],""status"":""pass""}",pass,"{""en"":{""duplicates"":[],""status"":""pass""},""ko"":{""duplicates"":[],""status"":""pass""}}",pass,pass,pass,"{""en"":{""jurisdiction_leakage_evidence"":[],""jurisdiction_leakage_status"":""pass"",""legal_leakage_evidence"":[],""legal_leakage_status"":""pass"",""procedural_leakage_status"":""pass"",""strict_leakage_evidence"":{""currency"":[],""customary_unit"":[],""jurisdiction_placeholder"":[],""kr_institution"":[],""legal_conclusion"":[],""procedural"":[]}},""ko"":{""jurisdiction_leakage_evidence"":[],""jurisdiction_leakage_status"":""pass"",""legal_leakage_evidence"":[],""legal_leakage_status"":""pass"",""procedural_leakage_status"":""pass"",""strict_leakage_evidence"":{""currency"":[],""customary_unit"":[],""jurisdiction_placeholder"":[],""kr_institution"":[],""legal_conclusion"":[],""procedural"":[]}}}",pass,"{""source"":{""1"":1,""11"":1,""2000"":2,""7"":1},""target"":{""1"":1,""11"":1,""2000"":2,""7"":1}}",[],[],True,pass,[],False,True,pass,deterministic
US_46a80b1c5e06a72d45,pass,pass,pass,pass,pass,"{""en"":{""hangul"":0,""latin"":333,""reason"":null,""status"":""pass""},""ko"":{""hangul"":116,""latin"":107,""reason"":null,""status"":""pass""}}",pass,"{""en"":[""[COMPANY_A]"",""[COMPANY_B]"",""[CURRENCY_AMOUNT_A]"",""[PROPERTY_A]""],""ko"":[""[COMPANY_A]"",""[COMPANY_B]"",""[CURRENCY_AMOUNT_A]"",""[PROPERTY_A]""],""status"":""pass""}",pass,"{""en"":{""duplicates"":[],""status"":""pass""},""ko"":{""duplicates"":[],""status"":""pass""}}",pass,pass,pass,"{""en"":{""jurisdiction_leakage_evidence"":[],""jurisdiction_leakage_status"":""pass"",""legal_leakage_evidence"":[],""legal_leakage_status"":""pass"",""procedural_leakage_status"":""pass"",""strict_leakage_evidence"":{""currency"":[],""customary_unit"":[],""jurisdiction_placeholder"":[],""kr_institution"":[],""legal_conclusion"":[],""procedural"":[]}},""ko"":{""jurisdiction_leakage_evidence"":[],""jurisdiction_leakage_status"":""pass"",""legal_leakage_evidence"":[],""legal_leakage_status"":""pass"",""procedural_leakage_status"":""pass"",""strict_leakage_evidence"":{""currency"":[],""customary_unit"":[],""jurisdiction_placeholder"":[],""kr_institution"":[],""legal_conclusion"":[],""procedural"":[]}}}",pass,"{""source"":{},""target"":{}}",[],[],True,pass,[],False,True,pass,deterministic
US_47210f2421779c756f,pass,pass,pass,pass,pass,"{""en"":{""hangul"":0,""latin"":844,""reason"":null,""status"":""pass""},""ko"":{""hangul"":259,""latin"":147,""reason"":null,""status"":""pass""}}",pass,"{""en"":[""[INSTITUTION_A]"",""[INSTITUTION_B]"",""[ORGANIZATION_A]"",""[ORGANIZATION_B]"",""[PERSON_A]""],""ko"":[""[INSTITUTION_A]"",""[INSTITUTION_B]"",""[ORGANIZATION_A]"",""[ORGANIZATION_B]"",""[PERSON_A]""],""status"":""pass""}",pass,"{""en"":{""duplicates"":[],""status"":""pass""},""ko"":{""duplicates"":[],""status"":""pass""}}",pass,pass,pass,"{""en"":{""jurisdiction_leakage_evidence"":[],""jurisdiction_leakage_status"":""pass"",""legal_leakage_evidence"":[],""legal_leakage_status"":""pass"",""procedural_leakage_status"":""pass"",""strict_leakage_evidence"":{""currency"":[],""customary_unit"":[],""jurisdiction_placeholder"":[],""kr_institution"":[],""legal_conclusion"":[],""procedural"":[]}},""ko"":{""jurisdiction_leakage_evidence"":[],""jurisdiction_leakage_status"":""pass"",""legal_leakage_evidence"":[],""legal_leakage_status"":""pass"",""procedural_leakage_status"":""pass"",""strict_leakage_evidence"":{""currency"":[],""customary_unit"":[],""jurisdiction_placeholder"":[],""kr_institution"":[],""legal_conclusion"":[],""procedural"":[]}}}",pass,"{""source"":{""11"":1,""1998"":1,""6"":1},""target"":{""11"":1,""1998"":1,""6"":1}}",[],[],True,pass,[],False,True,pass,deterministic
US_4bf2e6511806b25f10,pass,pass,pass,pass,pass,"{""en"":{""hangul"":0,""latin"":1486,""reason"":null,""status"":""pass""},""ko"":{""hangul"":530,""latin"":284,""reason"":null,""status"":""pass""}}",pass,"{""en"":[""[PERSON_A]"",""[PERSON_B]"",""[PERSON_C]"",""[PERSON_D]"",""[PERSON_E]""],""ko"":[""[PERSON_A]"",""[PERSON_B]"",""[PERSON_C]"",""[PERSON_D]"",""[PERSON_E]""],""status"":""pass""}",pass,"{""en"":{""duplicates"":[],""status"":""pass""},""ko"":{""duplicates"":[],""status"":""pass""}}",pass,pass,pass,"{""en"":{""jurisdiction_leakage_evidence"":[],""jurisdiction_leakage_status"":""pass"",""legal_leakage_evidence"":[],""legal_leakage_status"":""pass"",""procedural_leakage_status"":""pass"",""strict_leakage_evidence"":{""currency"":[],""customary_unit"":[],""jurisdiction_placeholder"":[],""kr_institution"":[],""legal_conclusion"":[],""procedural"":[]}},""ko"":{""jurisdiction_leakage_evidence"":[],""jurisdiction_leakage_status"":""pass"",""legal_leakage_evidence"":[],""legal_leakage_status"":""pass"",""procedural_leakage_status"":""pass"",""strict_leakage_evidence"":{""currency"":[],""customary_unit"":[],""jurisdiction_placeholder"":[],""kr_institution"":[],""legal_conclusion"":[],""procedural"":[]}}}",pass,"{""source"":{""11"":1,""2001"":1,""2010"":1,""2011"":1,""3"":2,""8"":1,""9"":1},""target"":{""11"":1,""2001"":1,""2010"":1,""2011"":1,""3"":2,""8"":1,""9"":1}}",[],[],True,pass,[],False,True,pass,deterministic
US_512d2cb96959fe1764,pass,pass,pass,pass,pass,"{""en"":{""hangul"":0,""latin"":583,""reason"":null,""status"":""pass""},""ko"":{""hangul"":199,""latin"":94,""reason"":null,""status"":""pass""}}",pass,"{""en"":[""[PERSON_A]"",""[PERSON_B]"",""[VEHICLE_A]""],""ko"":[""[PERSON_A]"",""[PERSON_B]"",""[VEHICLE_A]""],""status"":""pass""}",pass,"{""en"":{""duplicates"":[],""status"":""pass""},""ko"":{""duplicates"":[],""status"":""pass""}}",pass,pass,pass,"{""en"":{""jurisdiction_leakage_evidence"":[],""jurisdiction_leakage_status"":""pass"",""legal_leakage_evidence"":[],""legal_leakage_status"":""pass"",""procedural_leakage_status"":""pass"",""strict_leakage_evidence"":{""currency"":[],""customary_unit"":[],""jurisdiction_placeholder"":[],""kr_institution"":[],""legal_conclusion"":[],""procedural"":[]}},""ko"":{""jurisdiction_leakage_evidence"":[],""jurisdiction_leakage_status"":""pass"",""legal_leakage_evidence"":[],""legal_leakage_status"":""pass"",""procedural_leakage_status"":""pass"",""strict_leakage_evidence"":{""currency"":[],""customary_unit"":[],""jurisdiction_placeholder"":[],""kr_institution"":[],""legal_conclusion"":[],""procedural"":[]}}}",pass,"{""source"":{""0.31"":1,""2"":1,""2002"":1,""21"":1,""4"":1,""7"":1},""target"":{""0.31"":1,""2"":1,""2002"":1,""21"":1,""4"":1,""7"":1}}",[],[],True,pass,[],False,True,pass,deterministic
US_5334a4131f192eab74,pass,pass,pass,pass,pass,"{""en"":{""hangul"":0,""latin"":1006,""reason"":null,""status"":""pass""},""ko"":{""hangul"":356,""latin"":157,""reason"":null,""status"":""pass""}}",pass,"{""en"":[""[COMPANY_A]"",""[ORGANIZATION_A]"",""[PERSON_A]"",""[PERSON_B]""],""ko"":[""[COMPANY_A]"",""[ORGANIZATION_A]"",""[PERSON_A]"",""[PERSON_B]""],""status"":""pass""}",pass,"{""en"":{""duplicates"":[],""status"":""pass""},""ko"":{""duplicates"":[],""status"":""pass""}}",pass,pass,pass,"{""en"":{""jurisdiction_leakage_evidence"":[],""jurisdiction_leakage_status"":""pass"",""legal_leakage_evidence"":[],""legal_leakage_status"":""pass"",""procedural_leakage_status"":""pass"",""strict_leakage_evidence"":{""currency"":[],""customary_unit"":[],""jurisdiction_placeholder"":[],""kr_institution"":[],""legal_conclusion"":[],""procedural"":[]}},""ko"":{""jurisdiction_leakage_evidence"":[],""jurisdiction_leakage_status"":""pass"",""legal_leakage_evidence"":[],""legal_leakage_status"":""pass"",""procedural_leakage_status"":""pass"",""strict_leakage_evidence"":{""currency"":[],""customary_unit"":[],""jurisdiction_placeholder"":[],""kr_institution"":[],""legal_conclusion"":[],""procedural"":[]}}}",pass,"{""source"":{""1998"":1,""20"":1,""23"":1,""3"":1},""target"":{""1998"":1,""20"":1,""23"":1,""3"":1}}",[],[],True,pass,[],False,True,pass,deterministic
US_545cf69d7c7286aae7,pass,pass,pass,pass,pass,"{""en"":{""hangul"":0,""latin"":1473,""reason"":null,""status"":""pass""},""ko"":{""hangul"":517,""latin"":197,""reason"":null,""status"":""pass""}}",pass,"{""en"":[""[COMPANY_A]"",""[ORGANIZATION_A]"",""[PERSON_A]""],""ko"":[""[COMPANY_A]"",""[ORGANIZATION_A]"",""[PERSON_A]""],""status"":""pass""}",pass,"{""en"":{""duplicates"":[],""status"":""pass""},""ko"":{""duplicates"":[],""status"":""pass""}}",pass,pass,pass,"{""en"":{""jurisdiction_leakage_evidence"":[],""jurisdiction_leakage_status"":""pass"",""legal_leakage_evidence"":[],""legal_leakage_status"":""pass"",""procedural_leakage_status"":""pass"",""strict_leakage_evidence"":{""currency"":[],""customary_unit"":[],""jurisdiction_placeholder"":[],""kr_institution"":[],""legal_conclusion"":[],""procedural"":[]}},""ko"":{""jurisdiction_leakage_evidence"":[],""jurisdiction_leakage_status"":""pass"",""legal_leakage_evidence"":[],""legal_leakage_status"":""pass"",""procedural_leakage_status"":""pass"",""strict_leakage_evidence"":{""currency"":[],""customary_unit"":[],""jurisdiction_placeholder"":[],""kr_institution"":[],""legal_conclusion"":[],""procedural"":[]}}}",pass,"{""source"":{""18.3"":1,""1993"":2,""2"":3,""3"":3,""4"":1},""target"":{""18.3"":1,""1993"":2,""2"":1,""3"":3,""4"":1}}",[],"[""numerical_unit_status""]",True,pass,[],False,True,fail,semantic_equivalence_confirmed
US_5786f3c28c6014a17f,pass,pass,pass,pass,pass,"{""en"":{""hangul"":0,""latin"":1042,""reason"":null,""status"":""pass""},""ko"":{""hangul"":358,""latin"":168,""reason"":null,""status"":""pass""}}",pass,"{""en"":[""[COMPANY_A]"",""[COMPANY_B]"",""[LOCATION_A]"",""[PERSON_A]"",""[PERSON_B]"",""[PRODUCT_A]"",""[VEHICLE_B]""],""ko"":[""[COMPANY_A]"",""[COMPANY_B]"",""[LOCATION_A]"",""[PERSON_A]"",""[PERSON_B]"",""[PRODUCT_A]"",""[VEHICLE_B]""],""status"":""pass""}",pass,"{""en"":{""duplicates"":[],""status"":""pass""},""ko"":{""duplicates"":[],""status"":""pass""}}",pass,pass,pass,"{""en"":{""jurisdiction_leakage_evidence"":[],""jurisdiction_leakage_status"":""pass"",""legal_leakage_evidence"":[],""legal_leakage_status"":""pass"",""procedural_leakage_status"":""pass"",""strict_leakage_evidence"":{""currency"":[],""customary_unit"":[],""jurisdiction_placeholder"":[],""kr_institution"":[],""legal_conclusion"":[],""procedural"":[]}},""ko"":{""jurisdiction_leakage_evidence"":[],""jurisdiction_leakage_status"":""pass"",""legal_leakage_evidence"":[],""legal_leakage_status"":""pass"",""procedural_leakage_status"":""pass"",""strict_leakage_evidence"":{""currency"":[],""customary_unit"":[],""jurisdiction_placeholder"":[],""kr_institution"":[],""legal_conclusion"":[],""procedural"":[]}}}",pass,"{""source"":{""14"":1,""2011"":1,""7"":1},""target"":{""14"":1,""2011"":1,""7"":1}}",[],[],True,pass,[],False,True,pass,deterministic
US_5905b849c15a6fb3d6,pass,pass,pass,pass,pass,"{""en"":{""hangul"":0,""latin"":620,""reason"":null,""status"":""pass""},""ko"":{""hangul"":194,""latin"":213,""reason"":null,""status"":""pass""}}",pass,"{""en"":[""[LOCATION_A]"",""[LOCATION_B]"",""[ORGANIZATION_A]"",""[PERSON_A]"",""[VEHICLE_A]""],""ko"":[""[LOCATION_A]"",""[LOCATION_B]"",""[ORGANIZATION_A]"",""[PERSON_A]"",""[VEHICLE_A]""],""status"":""pass""}",pass,"{""en"":{""duplicates"":[],""status"":""pass""},""ko"":{""duplicates"":[],""status"":""pass""}}",pass,pass,pass,"{""en"":{""jurisdiction_leakage_evidence"":[],""jurisdiction_leakage_status"":""pass"",""legal_leakage_evidence"":[],""legal_leakage_status"":""pass"",""procedural_leakage_status"":""pass"",""strict_leakage_evidence"":{""currency"":[],""customary_unit"":[],""jurisdiction_placeholder"":[],""kr_institution"":[],""legal_conclusion"":[],""procedural"":[]}},""ko"":{""jurisdiction_leakage_evidence"":[],""jurisdiction_leakage_status"":""pass"",""legal_leakage_evidence"":[],""legal_leakage_status"":""pass"",""procedural_leakage_status"":""pass"",""strict_leakage_evidence"":{""currency"":[],""customary_unit"":[],""jurisdiction_placeholder"":[],""kr_institution"":[],""legal_conclusion"":[],""procedural"":[]}}}",pass,"{""source"":{""2"":1},""target"":{""2"":1}}",[],[],True,pass,[],False,True,pass,deterministic
US_5d2b0b2b4752431c53,pass,pass,pass,pass,pass,"{""en"":{""hangul"":0,""latin"":2015,""reason"":null,""status"":""pass""},""ko"":{""hangul"":758,""latin"":206,""reason"":null,""status"":""pass""}}",pass,"{""en"":[""[COMPANY_A]"",""[COMPANY_B]"",""[ORGANIZATION_A]"",""[PERSON_A]"",""[PERSON_B]""],""ko"":[""[COMPANY_A]"",""[COMPANY_B]"",""[ORGANIZATION_A]"",""[PERSON_A]"",""[PERSON_B]""],""status"":""pass""}",pass,"{""en"":{""duplicates"":[],""status"":""pass""},""ko"":{""duplicates"":[],""status"":""pass""}}",pass,pass,pass,"{""en"":{""jurisdiction_leakage_evidence"":[],""jurisdiction_leakage_status"":""pass"",""legal_leakage_evidence"":[],""legal_leakage_status"":""pass"",""procedural_leakage_status"":""pass"",""strict_leakage_evidence"":{""currency"":[],""customary_unit"":[],""jurisdiction_placeholder"":[],""kr_institution"":[],""legal_conclusion"":[],""procedural"":[]}},""ko"":{""jurisdiction_leakage_evidence"":[],""jurisdiction_leakage_status"":""pass"",""legal_leakage_evidence"":[],""legal_leakage_status"":""pass"",""procedural_leakage_status"":""pass"",""strict_leakage_evidence"":{""currency"":[],""customary_unit"":[],""jurisdiction_placeholder"":[],""kr_institution"":[],""legal_conclusion"":[],""procedural"":[]}}}",pass,"{""source"":{""1"":1,""1.2"":1,""12"":2,""1999"":2,""8.5"":1},""target"":{""1"":1,""1.2"":1,""12"":2,""1999"":2,""8.5"":1}}",[],[],True,pass,[],False,True,pass,deterministic
US_5e6f9cfe4d6f03fb7f,pass,pass,pass,pass,pass,"{""en"":{""hangul"":0,""latin"":632,""reason"":null,""status"":""pass""},""ko"":{""hangul"":250,""latin"":36,""reason"":null,""status"":""pass""}}",pass,"{""en"":[""[COMPANY_A]"",""[PERSON_A]"",""[PERSON_B]""],""ko"":[""[COMPANY_A]"",""[PERSON_A]"",""[PERSON_B]""],""status"":""pass""}",pass,"{""en"":{""duplicates"":[],""status"":""pass""},""ko"":{""duplicates"":[],""status"":""pass""}}",pass,pass,pass,"{""en"":{""jurisdiction_leakage_evidence"":[],""jurisdiction_leakage_status"":""pass"",""legal_leakage_evidence"":[],""legal_leakage_status"":""pass"",""procedural_leakage_status"":""pass"",""strict_leakage_evidence"":{""currency"":[],""customary_unit"":[],""jurisdiction_placeholder"":[],""kr_institution"":[],""legal_conclusion"":[],""procedural"":[]}},""ko"":{""jurisdiction_leakage_evidence"":[],""jurisdiction_leakage_status"":""pass"",""legal_leakage_evidence"":[],""legal_leakage_status"":""pass"",""procedural_leakage_status"":""pass"",""strict_leakage_evidence"":{""currency"":[],""customary_unit"":[],""jurisdiction_placeholder"":[],""kr_institution"":[],""legal_conclusion"":[],""procedural"":[]}}}",pass,"{""source"":{""1970"":1,""1980"":1,""1986"":1,""1993"":1},""target"":{""1970"":1,""1980"":1,""1986"":1,""1993"":1}}",[],[],True,pass,[],False,True,pass,deterministic
US_60f81ce937468b4218,pass,pass,pass,pass,pass,"{""en"":{""hangul"":0,""latin"":343,""reason"":null,""status"":""pass""},""ko"":{""hangul"":138,""latin"":73,""reason"":null,""status"":""pass""}}",pass,"{""en"":[""[ORGANIZATION_A]"",""[PERSON_A]""],""ko"":[""[ORGANIZATION_A]"",""[PERSON_A]""],""status"":""pass""}",pass,"{""en"":{""duplicates"":[],""status"":""pass""},""ko"":{""duplicates"":[],""status"":""pass""}}",pass,pass,pass,"{""en"":{""jurisdiction_leakage_evidence"":[],""jurisdiction_leakage_status"":""pass"",""legal_leakage_evidence"":[],""legal_leakage_status"":""pass"",""procedural_leakage_status"":""pass"",""strict_leakage_evidence"":{""currency"":[],""customary_unit"":[],""jurisdiction_placeholder"":[],""kr_institution"":[],""legal_conclusion"":[],""procedural"":[]}},""ko"":{""jurisdiction_leakage_evidence"":[],""jurisdiction_leakage_status"":""pass"",""legal_leakage_evidence"":[],""legal_leakage_status"":""pass"",""procedural_leakage_status"":""pass"",""strict_leakage_evidence"":{""currency"":[],""customary_unit"":[],""jurisdiction_placeholder"":[],""kr_institution"":[],""legal_conclusion"":[],""procedural"":[]}}}",pass,"{""source"":{},""target"":{}}",[],[],True,pass,[],False,True,pass,deterministic
US_63ffb974f8488a5664,pass,pass,pass,pass,pass,"{""en"":{""hangul"":0,""latin"":1533,""reason"":null,""status"":""pass""},""ko"":{""hangul"":564,""latin"":234,""reason"":null,""status"":""pass""}}",pass,"{""en"":[""[COMPANY_A]"",""[CURRENCY_AMOUNT_A]"",""[ORGANIZATION_A]"",""[ORGANIZATION_B]"",""[PERSON_A]"",""[PERSON_B]"",""[PERSON_C]"",""[PRODUCT_A]""],""ko"":[""[COMPANY_A]"",""[CURRENCY_AMOUNT_A]"",""[ORGANIZATION_A]"",""[ORGANIZATION_B]"",""[PERSON_A]"",""[PERSON_B]"",""[PERSON_C]"",""[PRODUCT_A]""],""status"":""pass""}",pass,"{""en"":{""duplicates"":[],""status"":""pass""},""ko"":{""duplicates"":[],""status"":""pass""}}",pass,pass,pass,"{""en"":{""jurisdiction_leakage_evidence"":[],""jurisdiction_leakage_status"":""pass"",""legal_leakage_evidence"":[],""legal_leakage_status"":""pass"",""procedural_leakage_status"":""pass"",""strict_leakage_evidence"":{""currency"":[],""customary_unit"":[],""jurisdiction_placeholder"":[],""kr_institution"":[],""legal_conclusion"":[],""procedural"":[]}},""ko"":{""jurisdiction_leakage_evidence"":[],""jurisdiction_leakage_status"":""pass"",""legal_leakage_evidence"":[],""legal_leakage_status"":""pass"",""procedural_leakage_status"":""pass"",""strict_leakage_evidence"":{""currency"":[],""customary_unit"":[],""jurisdiction_placeholder"":[],""kr_institution"":[],""legal_conclusion"":[],""procedural"":[]}}}",pass,"{""source"":{""1993"":1,""1996"":1,""1997"":3,""2"":2,""4"":1,""8"":2},""target"":{""1"":1,""1993"":1,""1996"":1,""1997"":3,""2"":2,""4"":1,""8"":2}}",[],"[""numerical_unit_status""]",True,pass,[],False,True,fail,semantic_equivalence_confirmed
US_667a9b663657012cdc,pass,pass,pass,pass,pass,"{""en"":{""hangul"":0,""latin"":1877,""reason"":null,""status"":""pass""},""ko"":{""hangul"":709,""latin"":407,""reason"":null,""status"":""pass""}}",pass,"{""en"":[""[COMPANY_A]"",""[COMPANY_B]"",""[COMPANY_C]"",""[LOCATION_A]"",""[PERSON_A]"",""[PERSON_B]"",""[PERSON_C]"",""[PERSON_D]"",""[PERSON_E]"",""[PERSON_F]"",""[PERSON_G]"",""[VEHICLE_A]"",""[VEHICLE_B]"",""[VEHICLE_C]""],""ko"":[""[COMPANY_A]"",""[COMPANY_B]"",""[COMPANY_C]"",""[LOCATION_A]"",""[PERSON_A]"",""[PERSON_B]"",""[PERSON_C]"",""[PERSON_D]"",""[PERSON_E]"",""[PERSON_F]"",""[PERSON_G]"",""[VEHICLE_A]"",""[VEHICLE_B]"",""[VEHICLE_C]""],""status"":""pass""}",pass,"{""en"":{""duplicates"":[],""status"":""pass""},""ko"":{""duplicates"":[],""status"":""pass""}}",pass,pass,pass,"{""en"":{""jurisdiction_leakage_evidence"":[],""jurisdiction_leakage_status"":""pass"",""legal_leakage_evidence"":[],""legal_leakage_status"":""pass"",""procedural_leakage_status"":""pass"",""strict_leakage_evidence"":{""currency"":[],""customary_unit"":[],""jurisdiction_placeholder"":[],""kr_institution"":[],""legal_conclusion"":[],""procedural"":[]}},""ko"":{""jurisdiction_leakage_evidence"":[],""jurisdiction_leakage_status"":""pass"",""legal_leakage_evidence"":[],""legal_leakage_status"":""pass"",""procedural_leakage_status"":""pass"",""strict_leakage_evidence"":{""currency"":[],""customary_unit"":[],""jurisdiction_placeholder"":[],""kr_institution"":[],""legal_conclusion"":[],""procedural"":[]}}}",pass,"{""source"":{""1"":2,""12,392"":1,""13"":2,""21"":2,""3"":4,""4"":1,""6"":1},""target"":{""1"":1,""12,392"":1,""13"":2,""21"":2,""24"":1,""3"":4,""6"":1}}",[],"[""numerical_unit_status""]",True,pass,[],False,True,fail,semantic_equivalence_confirmed
US_67cc0f02a85dfe7f69,pass,pass,pass,pass,pass,"{""en"":{""hangul"":0,""latin"":822,""reason"":null,""status"":""pass""},""ko"":{""hangul"":254,""latin"":267,""reason"":null,""status"":""pass""}}",pass,"{""en"":[""[ORGANIZATION_A]"",""[ORGANIZATION_B]"",""[PERSON_A]"",""[PERSON_C]"",""[PERSON_D]""],""ko"":[""[ORGANIZATION_A]"",""[ORGANIZATION_B]"",""[PERSON_A]"",""[PERSON_C]"",""[PERSON_D]""],""status"":""pass""}",pass,"{""en"":{""duplicates"":[],""status"":""pass""},""ko"":{""duplicates"":[],""status"":""pass""}}",pass,pass,pass,"{""en"":{""jurisdiction_leakage_evidence"":[],""jurisdiction_leakage_status"":""pass"",""legal_leakage_evidence"":[],""legal_leakage_status"":""pass"",""procedural_leakage_status"":""pass"",""strict_leakage_evidence"":{""currency"":[],""customary_unit"":[],""jurisdiction_placeholder"":[],""kr_institution"":[],""legal_conclusion"":[],""procedural"":[]}},""ko"":{""jurisdiction_leakage_evidence"":[],""jurisdiction_leakage_status"":""pass"",""legal_leakage_evidence"":[],""legal_leakage_status"":""pass"",""procedural_leakage_status"":""pass"",""strict_leakage_evidence"":{""currency"":[],""customary_unit"":[],""jurisdiction_placeholder"":[],""kr_institution"":[],""legal_conclusion"":[],""procedural"":[]}}}",pass,"{""source"":{""2013"":1},""target"":{""2013"":1}}",[],[],True,pass,[],False,True,pass,deterministic
US_6ba935b9156e1996aa,pass,pass,pass,pass,pass,"{""en"":{""hangul"":0,""latin"":695,""reason"":null,""status"":""pass""},""ko"":{""hangul"":238,""latin"":122,""reason"":null,""status"":""pass""}}",pass,"{""en"":[""[INSTITUTION_A]"",""[PERSON_A]"",""[PERSON_B]"",""[PERSON_C]""],""ko"":[""[INSTITUTION_A]"",""[PERSON_A]"",""[PERSON_B]"",""[PERSON_C]""],""status"":""pass""}",pass,"{""en"":{""duplicates"":[],""status"":""pass""},""ko"":{""duplicates"":[],""status"":""pass""}}",pass,pass,pass,"{""en"":{""jurisdiction_leakage_evidence"":[],""jurisdiction_leakage_status"":""pass"",""legal_leakage_evidence"":[],""legal_leakage_status"":""pass"",""procedural_leakage_status"":""pass"",""strict_leakage_evidence"":{""currency"":[],""customary_unit"":[],""jurisdiction_placeholder"":[],""kr_institution"":[],""legal_conclusion"":[],""procedural"":[]}},""ko"":{""jurisdiction_leakage_evidence"":[],""jurisdiction_leakage_status"":""pass"",""legal_leakage_evidence"":[],""legal_leakage_status"":""pass"",""procedural_leakage_status"":""pass"",""strict_leakage_evidence"":{""currency"":[],""customary_unit"":[],""jurisdiction_placeholder"":[],""kr_institution"":[],""legal_conclusion"":[],""procedural"":[]}}}",pass,"{""source"":{""10"":1,""11"":1,""2"":1,""2009"":3,""9"":1},""target"":{""1"":1,""10"":1,""11"":1,""2"":1,""2009"":3,""9"":1}}",[],"[""numerical_unit_status""]",True,pass,[],False,True,fail,semantic_equivalence_confirmed
US_6d3421be0f42fb2f6b,pass,pass,pass,pass,pass,"{""en"":{""hangul"":0,""latin"":982,""reason"":null,""status"":""pass""},""ko"":{""hangul"":390,""latin"":96,""reason"":null,""status"":""pass""}}",pass,"{""en"":[""[COMPANY_A]"",""[COMPANY_C]"",""[COMPANY_D]"",""[PERSON_A]"",""[PERSON_B]"",""[PRODUCT_A]""],""ko"":[""[COMPANY_A]"",""[COMPANY_C]"",""[COMPANY_D]"",""[PERSON_A]"",""[PERSON_B]"",""[PRODUCT_A]""],""status"":""pass""}",pass,"{""en"":{""duplicates"":[],""status"":""pass""},""ko"":{""duplicates"":[],""status"":""pass""}}",pass,pass,pass,"{""en"":{""jurisdiction_leakage_evidence"":[],""jurisdiction_leakage_status"":""pass"",""legal_leakage_evidence"":[],""legal_leakage_status"":""pass"",""procedural_leakage_status"":""pass"",""strict_leakage_evidence"":{""currency"":[],""customary_unit"":[],""jurisdiction_placeholder"":[],""kr_institution"":[],""legal_conclusion"":[],""procedural"":[]}},""ko"":{""jurisdiction_leakage_evidence"":[],""jurisdiction_leakage_status"":""pass"",""legal_leakage_evidence"":[],""legal_leakage_status"":""pass"",""procedural_leakage_status"":""pass"",""strict_leakage_evidence"":{""currency"":[],""customary_unit"":[],""jurisdiction_placeholder"":[],""kr_institution"":[],""legal_conclusion"":[],""procedural"":[]}}}",pass,"{""source"":{""1"":1,""11"":1,""1999"":1,""2"":1,""4"":1,""8"":1},""target"":{""11"":1,""1999"":1,""4"":1,""8"":1}}",[],"[""numerical_unit_status""]",True,pass,[],False,True,fail,semantic_equivalence_confirmed
US_6dff55c6853f31d0a6,pass,pass,pass,pass,pass,"{""en"":{""hangul"":0,""latin"":1314,""reason"":null,""status"":""pass""},""ko"":{""hangul"":481,""latin"":218,""reason"":null,""status"":""pass""}}",pass,"{""en"":[""[ORGANIZATION_A]"",""[PERSON_A]"",""[PERSON_B]"",""[PERSON_C]""],""ko"":[""[ORGANIZATION_A]"",""[PERSON_A]"",""[PERSON_B]"",""[PERSON_C]""],""status"":""pass""}",pass,"{""en"":{""duplicates"":[],""status"":""pass""},""ko"":{""duplicates"":[],""status"":""pass""}}",pass,pass,pass,"{""en"":{""jurisdiction_leakage_evidence"":[],""jurisdiction_leakage_status"":""pass"",""legal_leakage_evidence"":[],""legal_leakage_status"":""pass"",""procedural_leakage_status"":""pass"",""strict_leakage_evidence"":{""currency"":[],""customary_unit"":[],""jurisdiction_placeholder"":[],""kr_institution"":[],""legal_conclusion"":[],""procedural"":[]}},""ko"":{""jurisdiction_leakage_evidence"":[],""jurisdiction_leakage_status"":""pass"",""legal_leakage_evidence"":[],""legal_leakage_status"":""pass"",""procedural_leakage_status"":""pass"",""strict_leakage_evidence"":{""currency"":[],""customary_unit"":[],""jurisdiction_placeholder"":[],""kr_institution"":[],""legal_conclusion"":[],""procedural"":[]}}}",pass,"{""source"":{""00"":1,""1"":1,""2"":2,""20"":2,""2014"":3,""24"":1,""3"":1,""30"":2,""45"":1,""5"":1,""6"":2,""90"":1},""target"":{""1"":2,""2"":1,""20"":2,""2014"":3,""24"":1,""3"":1,""30"":2,""45"":1,""5"":1,""6"":2,""90"":1}}",[],"[""numerical_unit_status""]",True,pass,[],False,True,fail,semantic_equivalence_confirmed
US_6e861d05305c993ccb,pass,pass,pass,pass,pass,"{""en"":{""hangul"":0,""latin"":1561,""reason"":null,""status"":""pass""},""ko"":{""hangul"":575,""latin"":314,""reason"":null,""status"":""pass""}}",pass,"{""en"":[""[COMPANY_A]"",""[ORGANIZATION_A]"",""[ORGANIZATION_B]"",""[ORGANIZATION_C]"",""[ORGANIZATION_D]"",""[PERSON_A]"",""[PERSON_B]"",""[PERSON_C]"",""[PERSON_D]"",""[PERSON_E]"",""[PERSON_F]"",""[PERSON_G]""],""ko"":[""[COMPANY_A]"",""[ORGANIZATION_A]"",""[ORGANIZATION_B]"",""[ORGANIZATION_C]"",""[ORGANIZATION_D]"",""[PERSON_A]"",""[PERSON_B]"",""[PERSON_C]"",""[PERSON_D]"",""[PERSON_E]"",""[PERSON_F]"",""[PERSON_G]""],""status"":""pass""}",pass,"{""en"":{""duplicates"":[],""status"":""pass""},""ko"":{""duplicates"":[],""status"":""pass""}}",pass,pass,pass,"{""en"":{""jurisdiction_leakage_evidence"":[],""jurisdiction_leakage_status"":""pass"",""legal_leakage_evidence"":[],""legal_leakage_status"":""pass"",""procedural_leakage_status"":""pass"",""strict_leakage_evidence"":{""currency"":[],""customary_unit"":[],""jurisdiction_placeholder"":[],""kr_institution"":[],""legal_conclusion"":[],""procedural"":[]}},""ko"":{""jurisdiction_leakage_evidence"":[],""jurisdiction_leakage_status"":""pass"",""legal_leakage_evidence"":[],""legal_leakage_status"":""pass"",""procedural_leakage_status"":""pass"",""strict_leakage_evidence"":{""currency"":[],""customary_unit"":[],""jurisdiction_placeholder"":[],""kr_institution"":[],""legal_conclusion"":[],""procedural"":[]}}}",pass,"{""source"":{""12"":1,""14"":1,""2"":1,""2009"":1},""target"":{""12"":1,""14"":1,""2009"":1}}",[],"[""numerical_unit_status""]",True,pass,[],False,True,fail,semantic_equivalence_confirmed
US_6e94c6d394acfdcdc7,pass,pass,pass,pass,pass,"{""en"":{""hangul"":0,""latin"":1482,""reason"":null,""status"":""pass""},""ko"":{""hangul"":492,""latin"":299,""reason"":null,""status"":""pass""}}",pass,"{""en"":[""[COMPANY_A]"",""[CURRENCY_AMOUNT_A]"",""[PERSON_A]"",""[PERSON_B]"",""[PRODUCT_A]"",""[PRODUCT_B]""],""ko"":[""[COMPANY_A]"",""[CURRENCY_AMOUNT_A]"",""[PERSON_A]"",""[PERSON_B]"",""[PRODUCT_A]"",""[PRODUCT_B]""],""status"":""pass""}",pass,"{""en"":{""duplicates"":[],""status"":""pass""},""ko"":{""duplicates"":[],""status"":""pass""}}",pass,pass,pass,"{""en"":{""jurisdiction_leakage_evidence"":[],""jurisdiction_leakage_status"":""pass"",""legal_leakage_evidence"":[],""legal_leakage_status"":""pass"",""procedural_leakage_status"":""pass"",""strict_leakage_evidence"":{""currency"":[],""customary_unit"":[],""jurisdiction_placeholder"":[],""kr_institution"":[],""legal_conclusion"":[],""procedural"":[]}},""ko"":{""jurisdiction_leakage_evidence"":[],""jurisdiction_leakage_status"":""pass"",""legal_leakage_evidence"":[],""legal_leakage_status"":""pass"",""procedural_leakage_status"":""pass"",""strict_leakage_evidence"":{""currency"":[],""customary_unit"":[],""jurisdiction_placeholder"":[],""kr_institution"":[],""legal_conclusion"":[],""procedural"":[]}}}",pass,"{""source"":{""1992"":1,""1994"":1,""2"":1,""20"":1,""4"":1,""42"":1,""65"":2},""target"":{""1992"":1,""1994"":1,""2"":1,""20"":1,""4"":1,""42"":1,""65"":2}}",[],[],True,pass,[],False,True,pass,deterministic
US_71162df598a424d867,pass,pass,pass,pass,pass,"{""en"":{""hangul"":0,""latin"":778,""reason"":null,""status"":""pass""},""ko"":{""hangul"":265,""latin"":112,""reason"":null,""status"":""pass""}}",pass,"{""en"":[""[COMPANY_A]"",""[PERSON_A]"",""[PERSON_B]"",""[PERSON_C]"",""[PRODUCT_A]""],""ko"":[""[COMPANY_A]"",""[PERSON_A]"",""[PERSON_B]"",""[PERSON_C]"",""[PRODUCT_A]""],""status"":""pass""}",pass,"{""en"":{""duplicates"":[],""status"":""pass""},""ko"":{""duplicates"":[],""status"":""pass""}}",pass,pass,pass,"{""en"":{""jurisdiction_leakage_evidence"":[],""jurisdiction_leakage_status"":""pass"",""legal_leakage_evidence"":[],""legal_leakage_status"":""pass"",""procedural_leakage_status"":""pass"",""strict_leakage_evidence"":{""currency"":[],""customary_unit"":[],""jurisdiction_placeholder"":[],""kr_institution"":[],""legal_conclusion"":[],""procedural"":[]}},""ko"":{""jurisdiction_leakage_evidence"":[],""jurisdiction_leakage_status"":""pass"",""legal_leakage_evidence"":[],""legal_leakage_status"":""pass"",""procedural_leakage_status"":""pass"",""strict_leakage_evidence"":{""currency"":[],""customary_unit"":[],""jurisdiction_placeholder"":[],""kr_institution"":[],""legal_conclusion"":[],""procedural"":[]}}}",pass,"{""source"":{""1"":1,""11"":1,""13"":1,""2"":1,""2000"":1,""8"":1},""target"":{""11"":1,""13"":1,""2000"":1,""8"":1}}",[],"[""numerical_unit_status""]",True,pass,[],False,True,fail,semantic_equivalence_confirmed
US_73b5710930ed47d628,pass,pass,pass,pass,pass,"{""en"":{""hangul"":0,""latin"":1503,""reason"":null,""status"":""pass""},""ko"":{""hangul"":561,""latin"":278,""reason"":null,""status"":""pass""}}",pass,"{""en"":[""[COMPANY_A]"",""[ORGANIZATION_A]"",""[PERSON_A]"",""[PERSON_B]"",""[PERSON_C]"",""[PERSON_D]"",""[PERSON_E]"",""[PERSON_F]"",""[PERSON_G]""],""ko"":[""[COMPANY_A]"",""[ORGANIZATION_A]"",""[PERSON_A]"",""[PERSON_B]"",""[PERSON_C]"",""[PERSON_D]"",""[PERSON_E]"",""[PERSON_F]"",""[PERSON_G]""],""status"":""pass""}",pass,"{""en"":{""duplicates"":[],""status"":""pass""},""ko"":{""duplicates"":[],""status"":""pass""}}",pass,pass,pass,"{""en"":{""jurisdiction_leakage_evidence"":[],""jurisdiction_leakage_status"":""pass"",""legal_leakage_evidence"":[],""legal_leakage_status"":""pass"",""procedural_leakage_status"":""pass"",""strict_leakage_evidence"":{""currency"":[],""customary_unit"":[],""jurisdiction_placeholder"":[],""kr_institution"":[],""legal_conclusion"":[],""procedural"":[]}},""ko"":{""jurisdiction_leakage_evidence"":[],""jurisdiction_leakage_status"":""pass"",""legal_leakage_evidence"":[],""legal_leakage_status"":""pass"",""procedural_leakage_status"":""pass"",""strict_leakage_evidence"":{""currency"":[],""customary_unit"":[],""jurisdiction_placeholder"":[],""kr_institution"":[],""legal_conclusion"":[],""procedural"":[]}}}",pass,"{""source"":{""1"":2,""11"":1,""12"":1,""2"":2,""2003"":1,""3"":2,""38.1"":1,""45.7"":1,""6.1"":1},""target"":{""12"":1,""2"":2,""2003"":1,""38.1"":1,""45.7"":1,""6.1"":1}}",[],"[""numerical_unit_status""]",True,pass,[],False,True,fail,semantic_equivalence_confirmed
US_74c861440b330e42dc,pass,pass,pass,pass,pass,"{""en"":{""hangul"":0,""latin"":1574,""reason"":null,""status"":""pass""},""ko"":{""hangul"":599,""latin"":273,""reason"":null,""status"":""pass""}}",pass,"{""en"":[""[COMPANY_A]"",""[COMPANY_B]"",""[LOCATION_A]"",""[ORGANIZATION_A]"",""[PERSON_A]"",""[PERSON_B]"",""[PERSON_C]""],""ko"":[""[COMPANY_A]"",""[COMPANY_B]"",""[LOCATION_A]"",""[ORGANIZATION_A]"",""[PERSON_A]"",""[PERSON_B]"",""[PERSON_C]""],""status"":""pass""}",pass,"{""en"":{""duplicates"":[],""status"":""pass""},""ko"":{""duplicates"":[],""status"":""pass""}}",pass,pass,pass,"{""en"":{""jurisdiction_leakage_evidence"":[],""jurisdiction_leakage_status"":""pass"",""legal_leakage_evidence"":[],""legal_leakage_status"":""pass"",""procedural_leakage_status"":""pass"",""strict_leakage_evidence"":{""currency"":[],""customary_unit"":[],""jurisdiction_placeholder"":[],""kr_institution"":[],""legal_conclusion"":[],""procedural"":[]}},""ko"":{""jurisdiction_leakage_evidence"":[],""jurisdiction_leakage_status"":""pass"",""legal_leakage_evidence"":[],""legal_leakage_status"":""pass"",""procedural_leakage_status"":""pass"",""strict_leakage_evidence"":{""currency"":[],""customary_unit"":[],""jurisdiction_placeholder"":[],""kr_institution"":[],""legal_conclusion"":[],""procedural"":[]}}}",pass,"{""source"":{""1"":1,""1,700"":2,""3"":1,""500"":1,""700"":1},""target"":{""1"":1,""1,700"":2,""3"":1,""500"":1,""700"":1}}",[],[],True,pass,[],False,True,pass,deterministic
US_77921eca4293bb5c27,pass,pass,pass,pass,pass,"{""en"":{""hangul"":0,""latin"":1139,""reason"":null,""status"":""pass""},""ko"":{""hangul"":410,""latin"":241,""reason"":null,""status"":""pass""}}",pass,"{""en"":[""[COMPANY_A]"",""[PERSON_A]"",""[PERSON_B]"",""[PERSON_C]"",""[PERSON_D]"",""[PRODUCT_A]""],""ko"":[""[COMPANY_A]"",""[PERSON_A]"",""[PERSON_B]"",""[PERSON_C]"",""[PERSON_D]"",""[PRODUCT_A]""],""status"":""pass""}",pass,"{""en"":{""duplicates"":[],""status"":""pass""},""ko"":{""duplicates"":[],""status"":""pass""}}",pass,pass,pass,"{""en"":{""jurisdiction_leakage_evidence"":[],""jurisdiction_leakage_status"":""pass"",""legal_leakage_evidence"":[],""legal_leakage_status"":""pass"",""procedural_leakage_status"":""pass"",""strict_leakage_evidence"":{""currency"":[],""customary_unit"":[],""jurisdiction_placeholder"":[],""kr_institution"":[],""legal_conclusion"":[],""procedural"":[]}},""ko"":{""jurisdiction_leakage_evidence"":[],""jurisdiction_leakage_status"":""pass"",""legal_leakage_evidence"":[],""legal_leakage_status"":""pass"",""procedural_leakage_status"":""pass"",""strict_leakage_evidence"":{""currency"":[],""customary_unit"":[],""jurisdiction_placeholder"":[],""kr_institution"":[],""legal_conclusion"":[],""procedural"":[]}}}",pass,"{""source"":{""15"":1,""30"":1,""45"":1,""60"":1},""target"":{""15"":1,""30"":1,""45"":1,""60"":1}}",[],[],True,pass,[],False,True,pass,deterministic
US_78f2e4c0127c877a51,pass,pass,pass,pass,pass,"{""en"":{""hangul"":0,""latin"":600,""reason"":null,""status"":""pass""},""ko"":{""hangul"":230,""latin"":101,""reason"":null,""status"":""pass""}}",pass,"{""en"":[""[COMPANY_A]"",""[PERSON_A]"",""[PERSON_B]""],""ko"":[""[COMPANY_A]"",""[PERSON_A]"",""[PERSON_B]""],""status"":""pass""}",pass,"{""en"":{""duplicates"":[],""status"":""pass""},""ko"":{""duplicates"":[],""status"":""pass""}}",pass,pass,pass,"{""en"":{""jurisdiction_leakage_evidence"":[],""jurisdiction_leakage_status"":""pass"",""legal_leakage_evidence"":[],""legal_leakage_status"":""pass"",""procedural_leakage_status"":""pass"",""strict_leakage_evidence"":{""currency"":[],""customary_unit"":[],""jurisdiction_placeholder"":[],""kr_institution"":[],""legal_conclusion"":[],""procedural"":[]}},""ko"":{""jurisdiction_leakage_evidence"":[],""jurisdiction_leakage_status"":""pass"",""legal_leakage_evidence"":[],""legal_leakage_status"":""pass"",""procedural_leakage_status"":""pass"",""strict_leakage_evidence"":{""currency"":[],""customary_unit"":[],""jurisdiction_placeholder"":[],""kr_institution"":[],""legal_conclusion"":[],""procedural"":[]}}}",pass,"{""source"":{""5"":1},""target"":{""1"":2}}",[],"[""numerical_unit_status""]",True,resolved_by_direct_source_adjudication,"[""The injury fact is substantively duplicated in both language versions. The second sentence adds causal wording but repeats the already stated broken-leg event, reducing neutral-fact concision and introducing redundant factual content.""]",False,True,fail,semantic_equivalence_confirmed
US_7cae584411e6f22f4b,pass,pass,pass,pass,pass,"{""en"":{""hangul"":0,""latin"":1238,""reason"":null,""status"":""pass""},""ko"":{""hangul"":437,""latin"":217,""reason"":null,""status"":""pass""}}",pass,"{""en"":[""[COMPANY_A]"",""[COMPANY_B]"",""[COMPANY_C]"",""[PERSON_A]"",""[PERSON_B]"",""[PERSON_C]"",""[PERSON_D]"",""[PERSON_G]"",""[PERSON_H]""],""ko"":[""[COMPANY_A]"",""[COMPANY_B]"",""[COMPANY_C]"",""[PERSON_A]"",""[PERSON_B]"",""[PERSON_C]"",""[PERSON_D]"",""[PERSON_G]"",""[PERSON_H]""],""status"":""pass""}",pass,"{""en"":{""duplicates"":[],""status"":""pass""},""ko"":{""duplicates"":[],""status"":""pass""}}",pass,pass,pass,"{""en"":{""jurisdiction_leakage_evidence"":[],""jurisdiction_leakage_status"":""pass"",""legal_leakage_evidence"":[],""legal_leakage_status"":""pass"",""procedural_leakage_status"":""pass"",""strict_leakage_evidence"":{""currency"":[],""customary_unit"":[],""jurisdiction_placeholder"":[],""kr_institution"":[],""legal_conclusion"":[],""procedural"":[]}},""ko"":{""jurisdiction_leakage_evidence"":[],""jurisdiction_leakage_status"":""pass"",""legal_leakage_evidence"":[],""legal_leakage_status"":""pass"",""procedural_leakage_status"":""pass"",""strict_leakage_evidence"":{""currency"":[],""customary_unit"":[],""jurisdiction_placeholder"":[],""kr_institution"":[],""legal_conclusion"":[],""procedural"":[]}}}",pass,"{""source"":{""00"":1,""1"":1,""11"":1,""16"":1,""1980"":1,""2"":1,""30"":2,""5"":2,""7"":1},""target"":{""1"":3,""11"":1,""16"":1,""1980"":1,""2"":2,""30"":2,""5"":2,""7"":1}}",[],"[""numerical_unit_status""]",True,pass,[],False,True,fail,semantic_equivalence_confirmed
US_7f556627654c5d3f9a,pass,pass,pass,pass,pass,"{""en"":{""hangul"":0,""latin"":1504,""reason"":null,""status"":""pass""},""ko"":{""hangul"":604,""latin"":189,""reason"":null,""status"":""pass""}}",pass,"{""en"":[""[PERSON_A]"",""[PERSON_B]"",""[PERSON_C]"",""[PERSON_D]"",""[PERSON_E]"",""[PERSON_F]""],""ko"":[""[PERSON_A]"",""[PERSON_B]"",""[PERSON_C]"",""[PERSON_D]"",""[PERSON_E]"",""[PERSON_F]""],""status"":""pass""}",pass,"{""en"":{""duplicates"":[],""status"":""pass""},""ko"":{""duplicates"":[],""status"":""pass""}}",pass,pass,pass,"{""en"":{""jurisdiction_leakage_evidence"":[],""jurisdiction_leakage_status"":""pass"",""legal_leakage_evidence"":[],""legal_leakage_status"":""pass"",""procedural_leakage_status"":""pass"",""strict_leakage_evidence"":{""currency"":[],""customary_unit"":[],""jurisdiction_placeholder"":[],""kr_institution"":[],""legal_conclusion"":[],""procedural"":[]}},""ko"":{""jurisdiction_leakage_evidence"":[],""jurisdiction_leakage_status"":""pass"",""legal_leakage_evidence"":[],""legal_leakage_status"":""pass"",""procedural_leakage_status"":""pass"",""strict_leakage_evidence"":{""currency"":[],""customary_unit"":[],""jurisdiction_placeholder"":[],""kr_institution"":[],""legal_conclusion"":[],""procedural"":[]}}}",pass,"{""source"":{""2011"":2,""27"":1,""3"":1,""4"":1,""9"":2},""target"":{""2011"":2,""24"":1,""27"":1,""3"":1,""9"":2}}",[],"[""numerical_unit_status""]",True,pass,[],False,True,fail,semantic_equivalence_confirmed
US_8026310f8d6a3819bd,pass,pass,pass,pass,pass,"{""en"":{""hangul"":0,""latin"":1294,""reason"":null,""status"":""pass""},""ko"":{""hangul"":453,""latin"":240,""reason"":null,""status"":""pass""}}",pass,"{""en"":[""[COMPANY_A]"",""[COMPANY_B]"",""[PERSON_A]"",""[PERSON_B]"",""[PERSON_C]"",""[PERSON_D]"",""[PERSON_E]""],""ko"":[""[COMPANY_A]"",""[COMPANY_B]"",""[PERSON_A]"",""[PERSON_B]"",""[PERSON_C]"",""[PERSON_D]"",""[PERSON_E]""],""status"":""pass""}",pass,"{""en"":{""duplicates"":[],""status"":""pass""},""ko"":{""duplicates"":[],""status"":""pass""}}",pass,pass,pass,"{""en"":{""jurisdiction_leakage_evidence"":[],""jurisdiction_leakage_status"":""pass"",""legal_leakage_evidence"":[],""legal_leakage_status"":""pass"",""procedural_leakage_status"":""pass"",""strict_leakage_evidence"":{""currency"":[],""customary_unit"":[],""jurisdiction_placeholder"":[],""kr_institution"":[],""legal_conclusion"":[],""procedural"":[]}},""ko"":{""jurisdiction_leakage_evidence"":[],""jurisdiction_leakage_status"":""pass"",""legal_leakage_evidence"":[],""legal_leakage_status"":""pass"",""procedural_leakage_status"":""pass"",""strict_leakage_evidence"":{""currency"":[],""customary_unit"":[],""jurisdiction_placeholder"":[],""kr_institution"":[],""legal_conclusion"":[],""procedural"":[]}}}",pass,"{""source"":{""1"":1,""1967"":2,""1997"":1,""3"":1,""6"":1},""target"":{""1"":1,""1967"":2,""1997"":1,""3"":1,""6"":1}}",[],[],True,pass,[],False,True,pass,deterministic
US_8273a9a891358bad5d,pass,pass,pass,pass,pass,"{""en"":{""hangul"":0,""latin"":1063,""reason"":null,""status"":""pass""},""ko"":{""hangul"":340,""latin"":196,""reason"":null,""status"":""pass""}}",pass,"{""en"":[""[COMPANY_A]"",""[COMPANY_B]"",""[COMPANY_C]"",""[LOCATION_A]"",""[ORGANIZATION_A]"",""[ORGANIZATION_B]"",""[ORGANIZATION_C]"",""[PERSON_A]""],""ko"":[""[COMPANY_A]"",""[COMPANY_B]"",""[COMPANY_C]"",""[LOCATION_A]"",""[ORGANIZATION_A]"",""[ORGANIZATION_B]"",""[ORGANIZATION_C]"",""[PERSON_A]""],""status"":""pass""}",pass,"{""en"":{""duplicates"":[],""status"":""pass""},""ko"":{""duplicates"":[],""status"":""pass""}}",pass,pass,pass,"{""en"":{""jurisdiction_leakage_evidence"":[],""jurisdiction_leakage_status"":""pass"",""legal_leakage_evidence"":[],""legal_leakage_status"":""pass"",""procedural_leakage_status"":""pass"",""strict_leakage_evidence"":{""currency"":[],""customary_unit"":[],""jurisdiction_placeholder"":[],""kr_institution"":[],""legal_conclusion"":[],""procedural"":[]}},""ko"":{""jurisdiction_leakage_evidence"":[],""jurisdiction_leakage_status"":""pass"",""legal_leakage_evidence"":[],""legal_leakage_status"":""pass"",""procedural_leakage_status"":""pass"",""strict_leakage_evidence"":{""currency"":[],""customary_unit"":[],""jurisdiction_placeholder"":[],""kr_institution"":[],""legal_conclusion"":[],""procedural"":[]}}}",pass,"{""source"":{""1997"":2,""1999"":1,""3"":4,""30"":1,""4"":1},""target"":{""1997"":2,""1999"":1,""3"":4,""30"":1,""4"":1}}",[],[],True,pass,[],False,True,pass,deterministic
US_8636c5a0c5ede55860,pass,pass,pass,pass,pass,"{""en"":{""hangul"":0,""latin"":1165,""reason"":null,""status"":""pass""},""ko"":{""hangul"":444,""latin"":160,""reason"":null,""status"":""pass""}}",pass,"{""en"":[""[COMPANY_A]"",""[PERSON_A]"",""[PRODUCT_A]""],""ko"":[""[COMPANY_A]"",""[PERSON_A]"",""[PRODUCT_A]""],""status"":""pass""}",pass,"{""en"":{""duplicates"":[],""status"":""pass""},""ko"":{""duplicates"":[],""status"":""pass""}}",pass,pass,pass,"{""en"":{""jurisdiction_leakage_evidence"":[],""jurisdiction_leakage_status"":""pass"",""legal_leakage_evidence"":[],""legal_leakage_status"":""pass"",""procedural_leakage_status"":""pass"",""strict_leakage_evidence"":{""currency"":[],""customary_unit"":[],""jurisdiction_placeholder"":[],""kr_institution"":[],""legal_conclusion"":[],""procedural"":[]}},""ko"":{""jurisdiction_leakage_evidence"":[],""jurisdiction_leakage_status"":""pass"",""legal_leakage_evidence"":[],""legal_leakage_status"":""pass"",""procedural_leakage_status"":""pass"",""strict_leakage_evidence"":{""currency"":[],""customary_unit"":[],""jurisdiction_placeholder"":[],""kr_institution"":[],""legal_conclusion"":[],""procedural"":[]}}}",pass,"{""source"":{""1"":3,""136.1"":1,""5.5"":1,""6.1"":1},""target"":{""1"":1,""136.1"":1,""5.5"":1,""6.1"":1}}",[],"[""numerical_unit_status""]",True,pass,[],False,True,fail,semantic_equivalence_confirmed
US_89752cdd8fe08c1031,pass,pass,pass,pass,pass,"{""en"":{""hangul"":0,""latin"":1024,""reason"":null,""status"":""pass""},""ko"":{""hangul"":387,""latin"":148,""reason"":null,""status"":""pass""}}",pass,"{""en"":[""[ORGANIZATION_A]"",""[ORGANIZATION_B]"",""[PERSON_A]"",""[PERSON_B]""],""ko"":[""[ORGANIZATION_A]"",""[ORGANIZATION_B]"",""[PERSON_A]"",""[PERSON_B]""],""status"":""pass""}",pass,"{""en"":{""duplicates"":[],""status"":""pass""},""ko"":{""duplicates"":[],""status"":""pass""}}",pass,pass,pass,"{""en"":{""jurisdiction_leakage_evidence"":[],""jurisdiction_leakage_status"":""pass"",""legal_leakage_evidence"":[],""legal_leakage_status"":""pass"",""procedural_leakage_status"":""pass"",""strict_leakage_evidence"":{""currency"":[],""customary_unit"":[],""jurisdiction_placeholder"":[],""kr_institution"":[],""legal_conclusion"":[],""procedural"":[]}},""ko"":{""jurisdiction_leakage_evidence"":[],""jurisdiction_leakage_status"":""pass"",""legal_leakage_evidence"":[],""legal_leakage_status"":""pass"",""procedural_leakage_status"":""pass"",""strict_leakage_evidence"":{""currency"":[],""customary_unit"":[],""jurisdiction_placeholder"":[],""kr_institution"":[],""legal_conclusion"":[],""procedural"":[]}}}",pass,"{""source"":{""1"":1,""2"":1,""9"":1},""target"":{""1"":1,""2"":1,""9"":1}}",[],[],True,pass,[],False,True,pass,deterministic
US_8b84f7c77a2cc4823f,pass,pass,pass,pass,pass,"{""en"":{""hangul"":0,""latin"":694,""reason"":null,""status"":""pass""},""ko"":{""hangul"":237,""latin"":133,""reason"":null,""status"":""pass""}}",pass,"{""en"":[""[LOCATION_A]"",""[ORGANIZATION_A]"",""[ORGANIZATION_B]"",""[PERSON_A]"",""[PERSON_B]"",""[PERSON_D]""],""ko"":[""[LOCATION_A]"",""[ORGANIZATION_A]"",""[ORGANIZATION_B]"",""[PERSON_A]"",""[PERSON_B]"",""[PERSON_D]""],""status"":""pass""}",pass,"{""en"":{""duplicates"":[],""status"":""pass""},""ko"":{""duplicates"":[],""status"":""pass""}}",pass,pass,pass,"{""en"":{""jurisdiction_leakage_evidence"":[],""jurisdiction_leakage_status"":""pass"",""legal_leakage_evidence"":[],""legal_leakage_status"":""pass"",""procedural_leakage_status"":""pass"",""strict_leakage_evidence"":{""currency"":[],""customary_unit"":[],""jurisdiction_placeholder"":[],""kr_institution"":[],""legal_conclusion"":[],""procedural"":[]}},""ko"":{""jurisdiction_leakage_evidence"":[],""jurisdiction_leakage_status"":""pass"",""legal_leakage_evidence"":[],""legal_leakage_status"":""pass"",""procedural_leakage_status"":""pass"",""strict_leakage_evidence"":{""currency"":[],""customary_unit"":[],""jurisdiction_placeholder"":[],""kr_institution"":[],""legal_conclusion"":[],""procedural"":[]}}}",pass,"{""source"":{""1"":2,""10"":1,""11"":1,""1976"":1,""1982"":1,""1984"":1,""8"":1},""target"":{""1"":1,""1976"":1,""1982"":1,""1984"":1,""8"":1}}",[],"[""numerical_unit_status""]",True,pass,[],False,True,fail,semantic_equivalence_confirmed
US_8e816087051c99374d,pass,pass,pass,pass,pass,"{""en"":{""hangul"":0,""latin"":2919,""reason"":null,""status"":""pass""},""ko"":{""hangul"":1085,""latin"":441,""reason"":null,""status"":""pass""}}",pass,"{""en"":[""[COMPANY_A]"",""[COMPANY_B]"",""[COMPANY_C]"",""[COMPANY_D]"",""[CURRENCY_AMOUNT_A]"",""[PERSON_A]"",""[PERSON_B]"",""[PERSON_C]"",""[PRODUCT_A]"",""[PRODUCT_B]""],""ko"":[""[COMPANY_A]"",""[COMPANY_B]"",""[COMPANY_C]"",""[COMPANY_D]"",""[CURRENCY_AMOUNT_A]"",""[PERSON_A]"",""[PERSON_B]"",""[PERSON_C]"",""[PRODUCT_A]"",""[PRODUCT_B]""],""status"":""pass""}",pass,"{""en"":{""duplicates"":[],""status"":""pass""},""ko"":{""duplicates"":[],""status"":""pass""}}",pass,pass,pass,"{""en"":{""jurisdiction_leakage_evidence"":[],""jurisdiction_leakage_status"":""pass"",""legal_leakage_evidence"":[],""legal_leakage_status"":""pass"",""procedural_leakage_status"":""pass"",""strict_leakage_evidence"":{""currency"":[],""customary_unit"":[],""jurisdiction_placeholder"":[],""kr_institution"":[],""legal_conclusion"":[],""procedural"":[]}},""ko"":{""jurisdiction_leakage_evidence"":[],""jurisdiction_leakage_status"":""pass"",""legal_leakage_evidence"":[],""legal_leakage_status"":""pass"",""procedural_leakage_status"":""pass"",""strict_leakage_evidence"":{""currency"":[],""customary_unit"":[],""jurisdiction_placeholder"":[],""kr_institution"":[],""legal_conclusion"":[],""procedural"":[]}}}",pass,"{""source"":{""1"":2,""12"":1,""1995"":2,""1996"":7,""1997"":2,""1998"":1,""2"":2,""2000"":1,""4"":1,""5"":2,""6"":2,""8"":1},""target"":{""1"":2,""12"":1,""1995"":2,""1996"":7,""1997"":2,""1998"":1,""2"":1,""2000"":1,""5"":1,""6"":2,""65"":1,""8"":1,""82"":1,""84"":1}}",[],"[""numerical_unit_status""]",True,pass,[],False,True,fail,semantic_equivalence_confirmed
US_8f953fe2f1a7911efc,pass,pass,pass,pass,pass,"{""en"":{""hangul"":0,""latin"":1248,""reason"":null,""status"":""pass""},""ko"":{""hangul"":446,""latin"":246,""reason"":null,""status"":""pass""}}",pass,"{""en"":[""[COMPANY_B]"",""[CURRENCY_AMOUNT_A]"",""[CURRENCY_AMOUNT_B]"",""[PERSON_A]"",""[PERSON_B]"",""[PERSON_C]"",""[PROPERTY_A]""],""ko"":[""[COMPANY_B]"",""[CURRENCY_AMOUNT_A]"",""[CURRENCY_AMOUNT_B]"",""[PERSON_A]"",""[PERSON_B]"",""[PERSON_C]"",""[PROPERTY_A]""],""status"":""pass""}",pass,"{""en"":{""duplicates"":[],""status"":""pass""},""ko"":{""duplicates"":[],""status"":""pass""}}",pass,pass,pass,"{""en"":{""jurisdiction_leakage_evidence"":[],""jurisdiction_leakage_status"":""pass"",""legal_leakage_evidence"":[],""legal_leakage_status"":""pass"",""procedural_leakage_status"":""pass"",""strict_leakage_evidence"":{""currency"":[],""customary_unit"":[],""jurisdiction_placeholder"":[],""kr_institution"":[],""legal_conclusion"":[],""procedural"":[]}},""ko"":{""jurisdiction_leakage_evidence"":[],""jurisdiction_leakage_status"":""pass"",""legal_leakage_evidence"":[],""legal_leakage_status"":""pass"",""procedural_leakage_status"":""pass"",""strict_leakage_evidence"":{""currency"":[],""customary_unit"":[],""jurisdiction_placeholder"":[],""kr_institution"":[],""legal_conclusion"":[],""procedural"":[]}}}",pass,"{""source"":{""10"":1,""1980"":1,""1997"":1,""3"":1,""5"":1},""target"":{""10"":1,""1980"":1,""1997"":1,""3"":1,""5"":1}}",[],[],True,pass,[],False,True,pass,deterministic
US_94f469d91f6b1c555d,pass,pass,pass,pass,pass,"{""en"":{""hangul"":0,""latin"":575,""reason"":null,""status"":""pass""},""ko"":{""hangul"":176,""latin"":188,""reason"":null,""status"":""pass""}}",pass,"{""en"":[""[INSTITUTION_A]"",""[ORGANIZATION_A]"",""[ORGANIZATION_B]"",""[PERSON_A]"",""[PERSON_B]"",""[PERSON_C]""],""ko"":[""[INSTITUTION_A]"",""[ORGANIZATION_A]"",""[ORGANIZATION_B]"",""[PERSON_A]"",""[PERSON_B]"",""[PERSON_C]""],""status"":""pass""}",pass,"{""en"":{""duplicates"":[],""status"":""pass""},""ko"":{""duplicates"":[],""status"":""pass""}}",pass,pass,pass,"{""en"":{""jurisdiction_leakage_evidence"":[],""jurisdiction_leakage_status"":""pass"",""legal_leakage_evidence"":[],""legal_leakage_status"":""pass"",""procedural_leakage_status"":""pass"",""strict_leakage_evidence"":{""currency"":[],""customary_unit"":[],""jurisdiction_placeholder"":[],""kr_institution"":[],""legal_conclusion"":[],""procedural"":[]}},""ko"":{""jurisdiction_leakage_evidence"":[],""jurisdiction_leakage_status"":""pass"",""legal_leakage_evidence"":[],""legal_leakage_status"":""pass"",""procedural_leakage_status"":""pass"",""strict_leakage_evidence"":{""currency"":[],""customary_unit"":[],""jurisdiction_placeholder"":[],""kr_institution"":[],""legal_conclusion"":[],""procedural"":[]}}}",pass,"{""source"":{""1"":1,""2009"":1,""23"":1},""target"":{""1"":1,""2009"":1,""23"":1}}",[],[],True,pass,[],False,True,pass,deterministic
US_98be2374bed153f34a,pass,pass,pass,pass,pass,"{""en"":{""hangul"":0,""latin"":1324,""reason"":null,""status"":""pass""},""ko"":{""hangul"":417,""latin"":375,""reason"":null,""status"":""pass""}}",pass,"{""en"":[""[LOCATION_A]"",""[ORGANIZATION_A]"",""[ORGANIZATION_B]"",""[ORGANIZATION_C]"",""[ORGANIZATION_D]"",""[ORGANIZATION_E]"",""[ORGANIZATION_F]"",""[PERSON_A]"",""[PERSON_B]"",""[PERSON_C]"",""[VEHICLE_A]""],""ko"":[""[LOCATION_A]"",""[ORGANIZATION_A]"",""[ORGANIZATION_B]"",""[ORGANIZATION_C]"",""[ORGANIZATION_D]"",""[ORGANIZATION_E]"",""[ORGANIZATION_F]"",""[PERSON_A]"",""[PERSON_B]"",""[PERSON_C]"",""[VEHICLE_A]""],""status"":""pass""}",pass,"{""en"":{""duplicates"":[],""status"":""pass""},""ko"":{""duplicates"":[],""status"":""pass""}}",pass,pass,pass,"{""en"":{""jurisdiction_leakage_evidence"":[],""jurisdiction_leakage_status"":""pass"",""legal_leakage_evidence"":[],""legal_leakage_status"":""pass"",""procedural_leakage_status"":""pass"",""strict_leakage_evidence"":{""currency"":[],""customary_unit"":[],""jurisdiction_placeholder"":[],""kr_institution"":[],""legal_conclusion"":[],""procedural"":[]}},""ko"":{""jurisdiction_leakage_evidence"":[],""jurisdiction_leakage_status"":""pass"",""legal_leakage_evidence"":[],""legal_leakage_status"":""pass"",""procedural_leakage_status"":""pass"",""strict_leakage_evidence"":{""currency"":[],""customary_unit"":[],""jurisdiction_placeholder"":[],""kr_institution"":[],""legal_conclusion"":[],""procedural"":[]}}}",pass,"{""source"":{""1"":1,""10"":1,""2"":2,""2002"":1,""30"":1},""target"":{""10"":1,""2"":2,""2002"":1,""30"":1}}",[],"[""numerical_unit_status""]",True,pass,[],False,True,fail,semantic_equivalence_confirmed
US_99f0f4ac29a4da2463,pass,pass,pass,pass,pass,"{""en"":{""hangul"":0,""latin"":927,""reason"":null,""status"":""pass""},""ko"":{""hangul"":331,""latin"":205,""reason"":null,""status"":""pass""}}",pass,"{""en"":[""[ORGANIZATION_A]"",""[ORGANIZATION_B]"",""[PERSON_A]""],""ko"":[""[ORGANIZATION_A]"",""[ORGANIZATION_B]"",""[PERSON_A]""],""status"":""pass""}",pass,"{""en"":{""duplicates"":[],""status"":""pass""},""ko"":{""duplicates"":[],""status"":""pass""}}",pass,pass,pass,"{""en"":{""jurisdiction_leakage_evidence"":[],""jurisdiction_leakage_status"":""pass"",""legal_leakage_evidence"":[],""legal_leakage_status"":""pass"",""procedural_leakage_status"":""pass"",""strict_leakage_evidence"":{""currency"":[],""customary_unit"":[],""jurisdiction_placeholder"":[],""kr_institution"":[],""legal_conclusion"":[],""procedural"":[]}},""ko"":{""jurisdiction_leakage_evidence"":[],""jurisdiction_leakage_status"":""pass"",""legal_leakage_evidence"":[],""legal_leakage_status"":""pass"",""procedural_leakage_status"":""pass"",""strict_leakage_evidence"":{""currency"":[],""customary_unit"":[],""jurisdiction_placeholder"":[],""kr_institution"":[],""legal_conclusion"":[],""procedural"":[]}}}",pass,"{""source"":{""1974"":1,""2"":1},""target"":{""1974"":1,""2"":1}}",[],[],True,pass,[],False,True,pass,deterministic
US_9acb209b5020b6dec4,pass,pass,pass,pass,pass,"{""en"":{""hangul"":0,""latin"":709,""reason"":null,""status"":""pass""},""ko"":{""hangul"":240,""latin"":94,""reason"":null,""status"":""pass""}}",pass,"{""en"":[""[INSTITUTION_A]"",""[PERSON_A]""],""ko"":[""[INSTITUTION_A]"",""[PERSON_A]""],""status"":""pass""}",pass,"{""en"":{""duplicates"":[],""status"":""pass""},""ko"":{""duplicates"":[],""status"":""pass""}}",pass,pass,pass,"{""en"":{""jurisdiction_leakage_evidence"":[],""jurisdiction_leakage_status"":""pass"",""legal_leakage_evidence"":[],""legal_leakage_status"":""pass"",""procedural_leakage_status"":""pass"",""strict_leakage_evidence"":{""currency"":[],""customary_unit"":[],""jurisdiction_placeholder"":[],""kr_institution"":[],""legal_conclusion"":[],""procedural"":[]}},""ko"":{""jurisdiction_leakage_evidence"":[],""jurisdiction_leakage_status"":""pass"",""legal_leakage_evidence"":[],""legal_leakage_status"":""pass"",""procedural_leakage_status"":""pass"",""strict_leakage_evidence"":{""currency"":[],""customary_unit"":[],""jurisdiction_placeholder"":[],""kr_institution"":[],""legal_conclusion"":[],""procedural"":[]}}}",pass,"{""source"":{""1980"":4,""1989"":1,""1993"":1,""1994"":1,""29"":1,""5"":1,""9"":1},""target"":{""13"":2,""14"":2,""15"":1,""1980"":4,""1989"":1,""1993"":1,""1994"":1,""20"":1,""29"":1,""5"":1,""9"":1}}",[],"[""numerical_unit_status""]",True,pass,[],False,True,fail,semantic_equivalence_confirmed
US_9b0dcb923fdb190dd3,pass,pass,pass,pass,pass,"{""en"":{""hangul"":0,""latin"":551,""reason"":null,""status"":""pass""},""ko"":{""hangul"":230,""latin"":66,""reason"":null,""status"":""pass""}}",pass,"{""en"":[""[COMPANY_A]"",""[PERSON_A]""],""ko"":[""[COMPANY_A]"",""[PERSON_A]""],""status"":""pass""}",pass,"{""en"":{""duplicates"":[],""status"":""pass""},""ko"":{""duplicates"":[],""status"":""pass""}}",pass,pass,pass,"{""en"":{""jurisdiction_leakage_evidence"":[],""jurisdiction_leakage_status"":""pass"",""legal_leakage_evidence"":[],""legal_leakage_status"":""pass"",""procedural_leakage_status"":""pass"",""strict_leakage_evidence"":{""currency"":[],""customary_unit"":[],""jurisdiction_placeholder"":[],""kr_institution"":[],""legal_conclusion"":[],""procedural"":[]}},""ko"":{""jurisdiction_leakage_evidence"":[],""jurisdiction_leakage_status"":""pass"",""legal_leakage_evidence"":[],""legal_leakage_status"":""pass"",""procedural_leakage_status"":""pass"",""strict_leakage_evidence"":{""currency"":[],""customary_unit"":[],""jurisdiction_placeholder"":[],""kr_institution"":[],""legal_conclusion"":[],""procedural"":[]}}}",pass,"{""source"":{""10.7"":1,""12.2"":1},""target"":{""10.7"":1,""12.2"":1}}",[],[],True,pass,[],False,True,pass,deterministic
US_9c0d0f392a9c3505c1,pass,pass,pass,pass,pass,"{""en"":{""hangul"":0,""latin"":542,""reason"":null,""status"":""pass""},""ko"":{""hangul"":185,""latin"":193,""reason"":null,""status"":""pass""}}",pass,"{""en"":[""[ORGANIZATION_A]"",""[ORGANIZATION_B]"",""[PERSON_B]"",""[PERSON_C]"",""[PRODUCT_A]""],""ko"":[""[ORGANIZATION_A]"",""[ORGANIZATION_B]"",""[PERSON_B]"",""[PERSON_C]"",""[PRODUCT_A]""],""status"":""pass""}",pass,"{""en"":{""duplicates"":[],""status"":""pass""},""ko"":{""duplicates"":[],""status"":""pass""}}",pass,pass,pass,"{""en"":{""jurisdiction_leakage_evidence"":[],""jurisdiction_leakage_status"":""pass"",""legal_leakage_evidence"":[],""legal_leakage_status"":""pass"",""procedural_leakage_status"":""pass"",""strict_leakage_evidence"":{""currency"":[],""customary_unit"":[],""jurisdiction_placeholder"":[],""kr_institution"":[],""legal_conclusion"":[],""procedural"":[]}},""ko"":{""jurisdiction_leakage_evidence"":[],""jurisdiction_leakage_status"":""pass"",""legal_leakage_evidence"":[],""legal_leakage_status"":""pass"",""procedural_leakage_status"":""pass"",""strict_leakage_evidence"":{""currency"":[],""customary_unit"":[],""jurisdiction_placeholder"":[],""kr_institution"":[],""legal_conclusion"":[],""procedural"":[]}}}",pass,"{""source"":{""11"":1,""1989"":1,""22"":1},""target"":{""11"":1,""1989"":1,""22"":1}}",[],[],True,pass,[],False,True,pass,deterministic
US_9cac14d9a55b155cd4,pass,pass,pass,pass,pass,"{""en"":{""hangul"":0,""latin"":2748,""reason"":null,""status"":""pass""},""ko"":{""hangul"":956,""latin"":466,""reason"":null,""status"":""pass""}}",pass,"{""en"":[""[COMPANY_A]"",""[COMPANY_C]"",""[PERSON_A]"",""[PERSON_B]"",""[PERSON_C]"",""[PERSON_D]"",""[PERSON_E]"",""[PERSON_G]"",""[PERSON_H]""],""ko"":[""[COMPANY_A]"",""[COMPANY_C]"",""[PERSON_A]"",""[PERSON_B]"",""[PERSON_C]"",""[PERSON_D]"",""[PERSON_E]"",""[PERSON_G]"",""[PERSON_H]""],""status"":""pass""}",pass,"{""en"":{""duplicates"":[],""status"":""pass""},""ko"":{""duplicates"":[],""status"":""pass""}}",pass,pass,pass,"{""en"":{""jurisdiction_leakage_evidence"":[],""jurisdiction_leakage_status"":""pass"",""legal_leakage_evidence"":[],""legal_leakage_status"":""pass"",""procedural_leakage_status"":""pass"",""strict_leakage_evidence"":{""currency"":[],""customary_unit"":[],""jurisdiction_placeholder"":[],""kr_institution"":[],""legal_conclusion"":[],""procedural"":[]}},""ko"":{""jurisdiction_leakage_evidence"":[],""jurisdiction_leakage_status"":""pass"",""legal_leakage_evidence"":[],""legal_leakage_status"":""pass"",""procedural_leakage_status"":""pass"",""strict_leakage_evidence"":{""currency"":[],""customary_unit"":[],""jurisdiction_placeholder"":[],""kr_institution"":[],""legal_conclusion"":[],""procedural"":[]}}}",pass,"{""source"":{""00"":4,""1"":3,""10"":3,""11"":2,""16"":1,""1980"":1,""2"":2,""3"":2,""30"":3,""4"":1,""5"":5,""6"":2,""7"":3,""8"":1,""9"":3},""target"":{""1"":6,""10"":3,""11"":2,""16"":1,""1980"":1,""2"":2,""3"":2,""30"":4,""4"":1,""5"":5,""6"":2,""7"":3,""8"":1,""9"":3}}",[],"[""numerical_unit_status""]",True,pass,[],False,True,fail,semantic_equivalence_confirmed
US_9dc742b4409b555931,pass,pass,pass,pass,pass,"{""en"":{""hangul"":0,""latin"":1549,""reason"":null,""status"":""pass""},""ko"":{""hangul"":576,""latin"":257,""reason"":null,""status"":""pass""}}",pass,"{""en"":[""[COMPANY_A]"",""[INSTITUTION_A]"",""[PERSON_A]"",""[PERSON_B]"",""[PERSON_C]"",""[PERSON_D]"",""[PERSON_E]"",""[PERSON_F]"",""[PERSON_G]""],""ko"":[""[COMPANY_A]"",""[INSTITUTION_A]"",""[PERSON_A]"",""[PERSON_B]"",""[PERSON_C]"",""[PERSON_D]"",""[PERSON_E]"",""[PERSON_F]"",""[PERSON_G]""],""status"":""pass""}",pass,"{""en"":{""duplicates"":[],""status"":""pass""},""ko"":{""duplicates"":[],""status"":""pass""}}",pass,pass,pass,"{""en"":{""jurisdiction_leakage_evidence"":[],""jurisdiction_leakage_status"":""pass"",""legal_leakage_evidence"":[],""legal_leakage_status"":""pass"",""procedural_leakage_status"":""pass"",""strict_leakage_evidence"":{""currency"":[],""customary_unit"":[],""jurisdiction_placeholder"":[],""kr_institution"":[],""legal_conclusion"":[],""procedural"":[]}},""ko"":{""jurisdiction_leakage_evidence"":[],""jurisdiction_leakage_status"":""pass"",""legal_leakage_evidence"":[],""legal_leakage_status"":""pass"",""procedural_leakage_status"":""pass"",""strict_leakage_evidence"":{""currency"":[],""customary_unit"":[],""jurisdiction_placeholder"":[],""kr_institution"":[],""legal_conclusion"":[],""procedural"":[]}}}",pass,"{""source"":{""2"":2,""2005"":1,""3"":1,""7"":1},""target"":{""2"":2,""2005"":1,""7"":1}}",[],"[""numerical_unit_status""]",True,pass,[],False,True,fail,semantic_equivalence_confirmed
US_a0047ad180b5e21d95,pass,pass,pass,pass,pass,"{""en"":{""hangul"":0,""latin"":1219,""reason"":null,""status"":""pass""},""ko"":{""hangul"":422,""latin"":196,""reason"":null,""status"":""pass""}}",pass,"{""en"":[""[COMPANY_A]"",""[COMPANY_B]"",""[COMPANY_C]"",""[LOCATION_A]"",""[PERSON_A]"",""[PERSON_B]"",""[VEHICLE_A]""],""ko"":[""[COMPANY_A]"",""[COMPANY_B]"",""[COMPANY_C]"",""[LOCATION_A]"",""[PERSON_A]"",""[PERSON_B]"",""[VEHICLE_A]""],""status"":""pass""}",pass,"{""en"":{""duplicates"":[],""status"":""pass""},""ko"":{""duplicates"":[],""status"":""pass""}}",pass,pass,pass,"{""en"":{""jurisdiction_leakage_evidence"":[],""jurisdiction_leakage_status"":""pass"",""legal_leakage_evidence"":[],""legal_leakage_status"":""pass"",""procedural_leakage_status"":""pass"",""strict_leakage_evidence"":{""currency"":[],""customary_unit"":[],""jurisdiction_placeholder"":[],""kr_institution"":[],""legal_conclusion"":[],""procedural"":[]}},""ko"":{""jurisdiction_leakage_evidence"":[],""jurisdiction_leakage_status"":""pass"",""legal_leakage_evidence"":[],""legal_leakage_status"":""pass"",""procedural_leakage_status"":""pass"",""strict_leakage_evidence"":{""currency"":[],""customary_unit"":[],""jurisdiction_placeholder"":[],""kr_institution"":[],""legal_conclusion"":[],""procedural"":[]}}}",pass,"{""source"":{""10"":2,""16"":1,""21"":1,""29"":1,""3"":1,""32"":2,""5"":2},""target"":{""10"":2,""16"":1,""21"":1,""29"":1,""3"":1,""32"":2,""5"":2}}",[],[],True,pass,[],False,True,pass,deterministic
US_a07db3e0a97840c5b1,pass,pass,pass,pass,pass,"{""en"":{""hangul"":0,""latin"":1152,""reason"":null,""status"":""pass""},""ko"":{""hangul"":446,""latin"":152,""reason"":null,""status"":""pass""}}",pass,"{""en"":[""[COMPANY_A]"",""[COMPANY_B]"",""[COMPANY_C]"",""[PERSON_A]""],""ko"":[""[COMPANY_A]"",""[COMPANY_B]"",""[COMPANY_C]"",""[PERSON_A]""],""status"":""pass""}",pass,"{""en"":{""duplicates"":[],""status"":""pass""},""ko"":{""duplicates"":[],""status"":""pass""}}",pass,pass,pass,"{""en"":{""jurisdiction_leakage_evidence"":[],""jurisdiction_leakage_status"":""pass"",""legal_leakage_evidence"":[],""legal_leakage_status"":""pass"",""procedural_leakage_status"":""pass"",""strict_leakage_evidence"":{""currency"":[],""customary_unit"":[],""jurisdiction_placeholder"":[],""kr_institution"":[],""legal_conclusion"":[],""procedural"":[]}},""ko"":{""jurisdiction_leakage_evidence"":[],""jurisdiction_leakage_status"":""pass"",""legal_leakage_evidence"":[],""legal_leakage_status"":""pass"",""procedural_leakage_status"":""pass"",""strict_leakage_evidence"":{""currency"":[],""customary_unit"":[],""jurisdiction_placeholder"":[],""kr_institution"":[],""legal_conclusion"":[],""procedural"":[]}}}",pass,"{""source"":{""1964"":1,""2017"":1,""2018"":1,""3"":1},""target"":{""1964"":1,""2017"":1,""2018"":1,""3"":1}}",[],[],True,pass,[],False,True,pass,deterministic
US_acb942a605c65e06f0,pass,pass,pass,pass,pass,"{""en"":{""hangul"":0,""latin"":2141,""reason"":null,""status"":""pass""},""ko"":{""hangul"":696,""latin"":545,""reason"":null,""status"":""pass""}}",pass,"{""en"":[""[COMPANY_A]"",""[COMPANY_B]"",""[COMPANY_C]"",""[COMPANY_D]"",""[CURRENCY_AMOUNT_A]"",""[PERSON_A]"",""[PERSON_B]"",""[PERSON_C]"",""[PERSON_D]""],""ko"":[""[COMPANY_A]"",""[COMPANY_B]"",""[COMPANY_C]"",""[COMPANY_D]"",""[CURRENCY_AMOUNT_A]"",""[PERSON_A]"",""[PERSON_B]"",""[PERSON_C]"",""[PERSON_D]""],""status"":""pass""}",pass,"{""en"":{""duplicates"":[],""status"":""pass""},""ko"":{""duplicates"":[],""status"":""pass""}}",pass,pass,pass,"{""en"":{""jurisdiction_leakage_evidence"":[],""jurisdiction_leakage_status"":""pass"",""legal_leakage_evidence"":[],""legal_leakage_status"":""pass"",""procedural_leakage_status"":""pass"",""strict_leakage_evidence"":{""currency"":[],""customary_unit"":[],""jurisdiction_placeholder"":[],""kr_institution"":[],""legal_conclusion"":[],""procedural"":[]}},""ko"":{""jurisdiction_leakage_evidence"":[],""jurisdiction_leakage_status"":""pass"",""legal_leakage_evidence"":[],""legal_leakage_status"":""pass"",""procedural_leakage_status"":""pass"",""strict_leakage_evidence"":{""currency"":[],""customary_unit"":[],""jurisdiction_placeholder"":[],""kr_institution"":[],""legal_conclusion"":[],""procedural"":[]}}}",pass,"{""source"":{""1"":3,""2"":2,""2005"":1,""2009"":1,""2013"":1,""2016"":1,""2017"":2,""3"":1,""5"":3},""target"":{""1"":2,""2"":1,""2005"":1,""2009"":1,""2013"":1,""2016"":1,""2017"":2,""3"":1,""5"":3}}",[],"[""numerical_unit_status""]",True,pass,[],False,True,fail,semantic_equivalence_confirmed
US_afc0614636d20e04b8,pass,pass,pass,pass,pass,"{""en"":{""hangul"":0,""latin"":2122,""reason"":null,""status"":""pass""},""ko"":{""hangul"":728,""latin"":364,""reason"":null,""status"":""pass""}}",pass,"{""en"":[""[COMPANY_A]"",""[CURRENCY_AMOUNT_A]"",""[CURRENCY_AMOUNT_B]"",""[GROUP_A]"",""[INSTITUTION_A]"",""[LOCATION_A]"",""[PERSON_A]"",""[PERSON_B]"",""[PERSON_C]"",""[PERSON_E]"",""[PERSON_F]""],""ko"":[""[COMPANY_A]"",""[CURRENCY_AMOUNT_A]"",""[CURRENCY_AMOUNT_B]"",""[GROUP_A]"",""[INSTITUTION_A]"",""[LOCATION_A]"",""[PERSON_A]"",""[PERSON_B]"",""[PERSON_C]"",""[PERSON_E]"",""[PERSON_F]""],""status"":""pass""}",pass,"{""en"":{""duplicates"":[],""status"":""pass""},""ko"":{""duplicates"":[],""status"":""pass""}}",pass,pass,pass,"{""en"":{""jurisdiction_leakage_evidence"":[],""jurisdiction_leakage_status"":""pass"",""legal_leakage_evidence"":[],""legal_leakage_status"":""pass"",""procedural_leakage_status"":""pass"",""strict_leakage_evidence"":{""currency"":[],""customary_unit"":[],""jurisdiction_placeholder"":[],""kr_institution"":[],""legal_conclusion"":[],""procedural"":[]}},""ko"":{""jurisdiction_leakage_evidence"":[],""jurisdiction_leakage_status"":""pass"",""legal_leakage_evidence"":[],""legal_leakage_status"":""pass"",""procedural_leakage_status"":""pass"",""strict_leakage_evidence"":{""currency"":[],""customary_unit"":[],""jurisdiction_placeholder"":[],""kr_institution"":[],""legal_conclusion"":[],""procedural"":[]}}}",pass,"{""source"":{""1"":1,""10"":1,""11"":1,""1989"":1,""2"":1,""3"":1},""target"":{""10"":1,""11"":1,""1989"":1,""2"":1}}",[],"[""numerical_unit_status""]",True,pass,[],False,True,fail,semantic_equivalence_confirmed
US_b160a9deca3c2a648b,pass,pass,pass,pass,pass,"{""en"":{""hangul"":0,""latin"":432,""reason"":null,""status"":""pass""},""ko"":{""hangul"":145,""latin"":93,""reason"":null,""status"":""pass""}}",pass,"{""en"":[""[COMPANY_A]"",""[PERSON_A]"",""[PERSON_B]"",""[PROPERTY_A]""],""ko"":[""[COMPANY_A]"",""[PERSON_A]"",""[PERSON_B]"",""[PROPERTY_A]""],""status"":""pass""}",pass,"{""en"":{""duplicates"":[],""status"":""pass""},""ko"":{""duplicates"":[],""status"":""pass""}}",pass,pass,pass,"{""en"":{""jurisdiction_leakage_evidence"":[],""jurisdiction_leakage_status"":""pass"",""legal_leakage_evidence"":[],""legal_leakage_status"":""pass"",""procedural_leakage_status"":""pass"",""strict_leakage_evidence"":{""currency"":[],""customary_unit"":[],""jurisdiction_placeholder"":[],""kr_institution"":[],""legal_conclusion"":[],""procedural"":[]}},""ko"":{""jurisdiction_leakage_evidence"":[],""jurisdiction_leakage_status"":""pass"",""legal_leakage_evidence"":[],""legal_leakage_status"":""pass"",""procedural_leakage_status"":""pass"",""strict_leakage_evidence"":{""currency"":[],""customary_unit"":[],""jurisdiction_placeholder"":[],""kr_institution"":[],""legal_conclusion"":[],""procedural"":[]}}}",pass,"{""source"":{""10"":1,""2"":1,""2003"":1,""21"":1},""target"":{""10"":1,""2"":1,""2003"":1,""21"":1}}",[],[],True,pass,[],False,True,pass,deterministic
US_b24ef2018816af9946,pass,pass,pass,pass,pass,"{""en"":{""hangul"":0,""latin"":1258,""reason"":null,""status"":""pass""},""ko"":{""hangul"":489,""latin"":150,""reason"":null,""status"":""pass""}}",pass,"{""en"":[""[COMPANY_A]"",""[COMPANY_B]"",""[COMPANY_C]"",""[PERSON_A]"",""[PERSON_B]"",""[VEHICLE_A]""],""ko"":[""[COMPANY_A]"",""[COMPANY_B]"",""[COMPANY_C]"",""[PERSON_A]"",""[PERSON_B]"",""[VEHICLE_A]""],""status"":""pass""}",pass,"{""en"":{""duplicates"":[],""status"":""pass""},""ko"":{""duplicates"":[],""status"":""pass""}}",pass,pass,pass,"{""en"":{""jurisdiction_leakage_evidence"":[],""jurisdiction_leakage_status"":""pass"",""legal_leakage_evidence"":[],""legal_leakage_status"":""pass"",""procedural_leakage_status"":""pass"",""strict_leakage_evidence"":{""currency"":[],""customary_unit"":[],""jurisdiction_placeholder"":[],""kr_institution"":[],""legal_conclusion"":[],""procedural"":[]}},""ko"":{""jurisdiction_leakage_evidence"":[],""jurisdiction_leakage_status"":""pass"",""legal_leakage_evidence"":[],""legal_leakage_status"":""pass"",""procedural_leakage_status"":""pass"",""strict_leakage_evidence"":{""currency"":[],""customary_unit"":[],""jurisdiction_placeholder"":[],""kr_institution"":[],""legal_conclusion"":[],""procedural"":[]}}}",pass,"{""source"":{""15"":1,""2008"":1,""3"":1},""target"":{""15"":1,""2008"":1,""3"":1}}",[],[],True,pass,[],False,True,pass,deterministic
US_b2c7f8c81dc1b0c361,pass,pass,pass,pass,pass,"{""en"":{""hangul"":0,""latin"":385,""reason"":null,""status"":""pass""},""ko"":{""hangul"":128,""latin"":77,""reason"":null,""status"":""pass""}}",pass,"{""en"":[""[CURRENCY_AMOUNT_A]"",""[CURRENCY_AMOUNT_B]"",""[ORGANIZATION_A]"",""[ORGANIZATION_B]"",""[PERSON_A]""],""ko"":[""[CURRENCY_AMOUNT_A]"",""[CURRENCY_AMOUNT_B]"",""[ORGANIZATION_A]"",""[ORGANIZATION_B]"",""[PERSON_A]""],""status"":""pass""}",pass,"{""en"":{""duplicates"":[],""status"":""pass""},""ko"":{""duplicates"":[],""status"":""pass""}}",pass,pass,pass,"{""en"":{""jurisdiction_leakage_evidence"":[],""jurisdiction_leakage_status"":""pass"",""legal_leakage_evidence"":[],""legal_leakage_status"":""pass"",""procedural_leakage_status"":""pass"",""strict_leakage_evidence"":{""currency"":[],""customary_unit"":[],""jurisdiction_placeholder"":[],""kr_institution"":[],""legal_conclusion"":[],""procedural"":[]}},""ko"":{""jurisdiction_leakage_evidence"":[],""jurisdiction_leakage_status"":""pass"",""legal_leakage_evidence"":[],""legal_leakage_status"":""pass"",""procedural_leakage_status"":""pass"",""strict_leakage_evidence"":{""currency"":[],""customary_unit"":[],""jurisdiction_placeholder"":[],""kr_institution"":[],""legal_conclusion"":[],""procedural"":[]}}}",pass,"{""source"":{""2003"":1,""2009"":1,""28"":1},""target"":{""2003"":1,""2009"":1,""28"":1}}",[],[],True,pass,[],False,True,pass,deterministic
US_b362543043cab0106c,pass,pass,pass,pass,pass,"{""en"":{""hangul"":0,""latin"":2325,""reason"":null,""status"":""pass""},""ko"":{""hangul"":900,""latin"":322,""reason"":null,""status"":""pass""}}",pass,"{""en"":[""[COMPANY_A]"",""[COMPANY_B]"",""[CURRENCY_AMOUNT_A]"",""[PERSON_A]"",""[PERSON_B]"",""[PERSON_C]"",""[PERSON_D]"",""[PERSON_E]"",""[PERSON_F]""],""ko"":[""[COMPANY_A]"",""[COMPANY_B]"",""[CURRENCY_AMOUNT_A]"",""[PERSON_A]"",""[PERSON_B]"",""[PERSON_C]"",""[PERSON_D]"",""[PERSON_E]"",""[PERSON_F]""],""status"":""pass""}",pass,"{""en"":{""duplicates"":[],""status"":""pass""},""ko"":{""duplicates"":[],""status"":""pass""}}",pass,pass,pass,"{""en"":{""jurisdiction_leakage_evidence"":[],""jurisdiction_leakage_status"":""pass"",""legal_leakage_evidence"":[],""legal_leakage_status"":""pass"",""procedural_leakage_status"":""pass"",""strict_leakage_evidence"":{""currency"":[],""customary_unit"":[],""jurisdiction_placeholder"":[],""kr_institution"":[],""legal_conclusion"":[],""procedural"":[]}},""ko"":{""jurisdiction_leakage_evidence"":[],""jurisdiction_leakage_status"":""pass"",""legal_leakage_evidence"":[],""legal_leakage_status"":""pass"",""procedural_leakage_status"":""pass"",""strict_leakage_evidence"":{""currency"":[],""customary_unit"":[],""jurisdiction_placeholder"":[],""kr_institution"":[],""legal_conclusion"":[],""procedural"":[]}}}",pass,"{""source"":{""1"":1,""10"":3,""2"":3,""2007"":2,""2008"":2,""4"":1,""5"":1,""9"":1},""target"":{""1"":1,""10"":3,""2"":1,""2007"":2,""2008"":2,""4"":1,""5"":1,""9"":1}}",[],"[""numerical_unit_status""]",True,pass,[],False,True,fail,semantic_equivalence_confirmed
US_b473e7585c6e5638dd,pass,pass,pass,pass,pass,"{""en"":{""hangul"":0,""latin"":976,""reason"":null,""status"":""pass""},""ko"":{""hangul"":360,""latin"":241,""reason"":null,""status"":""pass""}}",pass,"{""en"":[""[INSTITUTION_A]"",""[LOCATION_A]"",""[PERSON_A]"",""[PERSON_B]""],""ko"":[""[INSTITUTION_A]"",""[LOCATION_A]"",""[PERSON_A]"",""[PERSON_B]""],""status"":""pass""}",pass,"{""en"":{""duplicates"":[],""status"":""pass""},""ko"":{""duplicates"":[],""status"":""pass""}}",pass,pass,pass,"{""en"":{""jurisdiction_leakage_evidence"":[],""jurisdiction_leakage_status"":""pass"",""legal_leakage_evidence"":[],""legal_leakage_status"":""pass"",""procedural_leakage_status"":""pass"",""strict_leakage_evidence"":{""currency"":[],""customary_unit"":[],""jurisdiction_placeholder"":[],""kr_institution"":[],""legal_conclusion"":[],""procedural"":[]}},""ko"":{""jurisdiction_leakage_evidence"":[],""jurisdiction_leakage_status"":""pass"",""legal_leakage_evidence"":[],""legal_leakage_status"":""pass"",""procedural_leakage_status"":""pass"",""strict_leakage_evidence"":{""currency"":[],""customary_unit"":[],""jurisdiction_placeholder"":[],""kr_institution"":[],""legal_conclusion"":[],""procedural"":[]}}}",pass,"{""source"":{""1"":1,""2"":1},""target"":{}}",[],"[""numerical_unit_status""]",True,pass,[],False,True,fail,semantic_equivalence_confirmed
US_b732d6870be7eac6fb,pass,pass,pass,pass,pass,"{""en"":{""hangul"":0,""latin"":3723,""reason"":null,""status"":""pass""},""ko"":{""hangul"":1347,""latin"":340,""reason"":null,""status"":""pass""}}",pass,"{""en"":[""[CURRENCY_AMOUNT_A]"",""[LOCATION_A]"",""[LOCATION_B]"",""[ORGANIZATION_A]"",""[ORGANIZATION_B]"",""[ORGANIZATION_C]"",""[ORGANIZATION_D]"",""[PERSON_A]"",""[PERSON_B]"",""[PERSON_C]""],""ko"":[""[CURRENCY_AMOUNT_A]"",""[LOCATION_A]"",""[LOCATION_B]"",""[ORGANIZATION_A]"",""[ORGANIZATION_B]"",""[ORGANIZATION_C]"",""[ORGANIZATION_D]"",""[PERSON_A]"",""[PERSON_B]"",""[PERSON_C]""],""status"":""pass""}",pass,"{""en"":{""duplicates"":[],""status"":""pass""},""ko"":{""duplicates"":[],""status"":""pass""}}",pass,pass,pass,"{""en"":{""jurisdiction_leakage_evidence"":[],""jurisdiction_leakage_status"":""pass"",""legal_leakage_evidence"":[],""legal_leakage_status"":""pass"",""procedural_leakage_status"":""pass"",""strict_leakage_evidence"":{""currency"":[],""customary_unit"":[],""jurisdiction_placeholder"":[],""kr_institution"":[],""legal_conclusion"":[],""procedural"":[]}},""ko"":{""jurisdiction_leakage_evidence"":[],""jurisdiction_leakage_status"":""pass"",""legal_leakage_evidence"":[],""legal_leakage_status"":""pass"",""procedural_leakage_status"":""pass"",""strict_leakage_evidence"":{""currency"":[],""customary_unit"":[],""jurisdiction_placeholder"":[],""kr_institution"":[],""legal_conclusion"":[],""procedural"":[]}}}",pass,"{""source"":{""10"":4,""13"":1,""16"":2,""2"":2,""2011"":1,""2013"":1,""2014"":4,""2015"":6,""25"":1,""26"":1,""3"":2,""4"":2,""6"":1,""8"":1},""target"":{""10"":4,""13"":1,""16"":2,""2"":2,""2011"":1,""2013"":1,""2014"":4,""2015"":6,""25"":1,""26"":1,""3"":2,""4"":2,""6"":1,""8"":1}}",[],[],True,pass,[],False,True,pass,deterministic
US_bb44001945931d8610,pass,pass,pass,pass,pass,"{""en"":{""hangul"":0,""latin"":805,""reason"":null,""status"":""pass""},""ko"":{""hangul"":296,""latin"":69,""reason"":null,""status"":""pass""}}",pass,"{""en"":[""[GROUP_A]"",""[LOCATION_A]""],""ko"":[""[GROUP_A]"",""[LOCATION_A]""],""status"":""pass""}",pass,"{""en"":{""duplicates"":[],""status"":""pass""},""ko"":{""duplicates"":[],""status"":""pass""}}",pass,pass,pass,"{""en"":{""jurisdiction_leakage_evidence"":[],""jurisdiction_leakage_status"":""pass"",""legal_leakage_evidence"":[],""legal_leakage_status"":""pass"",""procedural_leakage_status"":""pass"",""strict_leakage_evidence"":{""currency"":[],""customary_unit"":[],""jurisdiction_placeholder"":[],""kr_institution"":[],""legal_conclusion"":[],""procedural"":[]}},""ko"":{""jurisdiction_leakage_evidence"":[],""jurisdiction_leakage_status"":""pass"",""legal_leakage_evidence"":[],""legal_leakage_status"":""pass"",""procedural_leakage_status"":""pass"",""strict_leakage_evidence"":{""currency"":[],""customary_unit"":[],""jurisdiction_placeholder"":[],""kr_institution"":[],""legal_conclusion"":[],""procedural"":[]}}}",pass,"{""source"":{""3"":1},""target"":{}}",[],"[""numerical_unit_status""]",True,pass,[],False,True,fail,semantic_equivalence_confirmed
US_c387cc2f242da3c0dc,pass,pass,pass,pass,pass,"{""en"":{""hangul"":0,""latin"":933,""reason"":null,""status"":""pass""},""ko"":{""hangul"":359,""latin"":138,""reason"":null,""status"":""pass""}}",pass,"{""en"":[""[CURRENCY_AMOUNT_A]"",""[ORGANIZATION_A]"",""[PERSON_A]"",""[PRODUCT_A]""],""ko"":[""[CURRENCY_AMOUNT_A]"",""[ORGANIZATION_A]"",""[PERSON_A]"",""[PRODUCT_A]""],""status"":""pass""}",pass,"{""en"":{""duplicates"":[],""status"":""pass""},""ko"":{""duplicates"":[],""status"":""pass""}}",pass,pass,pass,"{""en"":{""jurisdiction_leakage_evidence"":[],""jurisdiction_leakage_status"":""pass"",""legal_leakage_evidence"":[],""legal_leakage_status"":""pass"",""procedural_leakage_status"":""pass"",""strict_leakage_evidence"":{""currency"":[],""customary_unit"":[],""jurisdiction_placeholder"":[],""kr_institution"":[],""legal_conclusion"":[],""procedural"":[]}},""ko"":{""jurisdiction_leakage_evidence"":[],""jurisdiction_leakage_status"":""pass"",""legal_leakage_evidence"":[],""legal_leakage_status"":""pass"",""procedural_leakage_status"":""pass"",""strict_leakage_evidence"":{""currency"":[],""customary_unit"":[],""jurisdiction_placeholder"":[],""kr_institution"":[],""legal_conclusion"":[],""procedural"":[]}}}",pass,"{""source"":{""11"":2,""2"":2,""2018"":4,""5"":2},""target"":{""11"":2,""2"":2,""2018"":4,""5"":2}}",[],[],True,pass,[],False,True,pass,deterministic
US_ca3855b0593ebfc33e,pass,pass,pass,pass,pass,"{""en"":{""hangul"":0,""latin"":1551,""reason"":null,""status"":""pass""},""ko"":{""hangul"":525,""latin"":301,""reason"":null,""status"":""pass""}}",pass,"{""en"":[""[COMPANY_A]"",""[COMPANY_B]"",""[COMPANY_C]"",""[INSTITUTION_A]"",""[LOCATION_A]"",""[PERSON_A]"",""[PERSON_B]"",""[PRODUCT_A]""],""ko"":[""[COMPANY_A]"",""[COMPANY_B]"",""[COMPANY_C]"",""[INSTITUTION_A]"",""[LOCATION_A]"",""[PERSON_A]"",""[PERSON_B]"",""[PRODUCT_A]""],""status"":""pass""}",pass,"{""en"":{""duplicates"":[],""status"":""pass""},""ko"":{""duplicates"":[],""status"":""pass""}}",pass,pass,pass,"{""en"":{""jurisdiction_leakage_evidence"":[],""jurisdiction_leakage_status"":""pass"",""legal_leakage_evidence"":[],""legal_leakage_status"":""pass"",""procedural_leakage_status"":""pass"",""strict_leakage_evidence"":{""currency"":[],""customary_unit"":[],""jurisdiction_placeholder"":[],""kr_institution"":[],""legal_conclusion"":[],""procedural"":[]}},""ko"":{""jurisdiction_leakage_evidence"":[],""jurisdiction_leakage_status"":""pass"",""legal_leakage_evidence"":[],""legal_leakage_status"":""pass"",""procedural_leakage_status"":""pass"",""strict_leakage_evidence"":{""currency"":[],""customary_unit"":[],""jurisdiction_placeholder"":[],""kr_institution"":[],""legal_conclusion"":[],""procedural"":[]}}}",pass,"{""source"":{""2009"":2},""target"":{""2009"":2}}",[],[],True,pass,[],False,True,pass,deterministic
US_cc8f60960ef40a7434,pass,pass,pass,pass,pass,"{""en"":{""hangul"":0,""latin"":385,""reason"":null,""status"":""pass""},""ko"":{""hangul"":134,""latin"":74,""reason"":null,""status"":""pass""}}",pass,"{""en"":[""[LOCATION_A]"",""[PERSON_A]"",""[PERSON_B]"",""[VEHICLE_A]""],""ko"":[""[LOCATION_A]"",""[PERSON_A]"",""[PERSON_B]"",""[VEHICLE_A]""],""status"":""pass""}",pass,"{""en"":{""duplicates"":[],""status"":""pass""},""ko"":{""duplicates"":[],""status"":""pass""}}",pass,pass,pass,"{""en"":{""jurisdiction_leakage_evidence"":[],""jurisdiction_leakage_status"":""pass"",""legal_leakage_evidence"":[],""legal_leakage_status"":""pass"",""procedural_leakage_status"":""pass"",""strict_leakage_evidence"":{""currency"":[],""customary_unit"":[],""jurisdiction_placeholder"":[],""kr_institution"":[],""legal_conclusion"":[],""procedural"":[]}},""ko"":{""jurisdiction_leakage_evidence"":[],""jurisdiction_leakage_status"":""pass"",""legal_leakage_evidence"":[],""legal_leakage_status"":""pass"",""procedural_leakage_status"":""pass"",""strict_leakage_evidence"":{""currency"":[],""customary_unit"":[],""jurisdiction_placeholder"":[],""kr_institution"":[],""legal_conclusion"":[],""procedural"":[]}}}",pass,"{""source"":{""1989"":1,""28"":1,""4"":1,""4.83"":1,""9"":1},""target"":{""1989"":1,""28"":1,""4"":1,""4.83"":1,""9"":1}}",[],[],True,pass,[],False,True,pass,deterministic
US_cd09a42ab8bc802821,pass,pass,pass,pass,pass,"{""en"":{""hangul"":0,""latin"":1659,""reason"":null,""status"":""pass""},""ko"":{""hangul"":603,""latin"":136,""reason"":null,""status"":""pass""}}",pass,"{""en"":[""[PERSON_A]"",""[PERSON_B]"",""[PERSON_C]""],""ko"":[""[PERSON_A]"",""[PERSON_B]"",""[PERSON_C]""],""status"":""pass""}",pass,"{""en"":{""duplicates"":[],""status"":""pass""},""ko"":{""duplicates"":[],""status"":""pass""}}",pass,pass,pass,"{""en"":{""jurisdiction_leakage_evidence"":[],""jurisdiction_leakage_status"":""pass"",""legal_leakage_evidence"":[],""legal_leakage_status"":""pass"",""procedural_leakage_status"":""pass"",""strict_leakage_evidence"":{""currency"":[],""customary_unit"":[],""jurisdiction_placeholder"":[],""kr_institution"":[],""legal_conclusion"":[],""procedural"":[]}},""ko"":{""jurisdiction_leakage_evidence"":[],""jurisdiction_leakage_status"":""pass"",""legal_leakage_evidence"":[],""legal_leakage_status"":""pass"",""procedural_leakage_status"":""pass"",""strict_leakage_evidence"":{""currency"":[],""customary_unit"":[],""jurisdiction_placeholder"":[],""kr_institution"":[],""legal_conclusion"":[],""procedural"":[]}}}",pass,"{""source"":{""10"":1,""2"":2,""2008"":1,""2009"":1,""5"":2,""7"":1},""target"":{""10"":1,""2"":2,""2008"":1,""2009"":1,""40"":1,""5"":2,""7"":1}}",[],"[""numerical_unit_status""]",True,pass,[],False,True,fail,semantic_equivalence_confirmed
US_d15af88bf67507bd93,pass,pass,pass,pass,pass,"{""en"":{""hangul"":0,""latin"":390,""reason"":null,""status"":""pass""},""ko"":{""hangul"":115,""latin"":72,""reason"":null,""status"":""pass""}}",pass,"{""en"":[""[COMPANY_A]"",""[ORGANIZATION_A]"",""[PROPERTY_A]""],""ko"":[""[COMPANY_A]"",""[ORGANIZATION_A]"",""[PROPERTY_A]""],""status"":""pass""}",pass,"{""en"":{""duplicates"":[],""status"":""pass""},""ko"":{""duplicates"":[],""status"":""pass""}}",pass,pass,pass,"{""en"":{""jurisdiction_leakage_evidence"":[],""jurisdiction_leakage_status"":""pass"",""legal_leakage_evidence"":[],""legal_leakage_status"":""pass"",""procedural_leakage_status"":""pass"",""strict_leakage_evidence"":{""currency"":[],""customary_unit"":[],""jurisdiction_placeholder"":[],""kr_institution"":[],""legal_conclusion"":[],""procedural"":[]}},""ko"":{""jurisdiction_leakage_evidence"":[],""jurisdiction_leakage_status"":""pass"",""legal_leakage_evidence"":[],""legal_leakage_status"":""pass"",""procedural_leakage_status"":""pass"",""strict_leakage_evidence"":{""currency"":[],""customary_unit"":[],""jurisdiction_placeholder"":[],""kr_institution"":[],""legal_conclusion"":[],""procedural"":[]}}}",pass,"{""source"":{},""target"":{}}",[],[],True,pass,[],False,True,pass,deterministic
US_d367706577b84edea9,pass,pass,pass,pass,pass,"{""en"":{""hangul"":0,""latin"":876,""reason"":null,""status"":""pass""},""ko"":{""hangul"":319,""latin"":214,""reason"":null,""status"":""pass""}}",pass,"{""en"":[""[LOCATION_A]"",""[PERSON_A]"",""[PERSON_B]"",""[PERSON_C]"",""[PERSON_D]""],""ko"":[""[LOCATION_A]"",""[PERSON_A]"",""[PERSON_B]"",""[PERSON_C]"",""[PERSON_D]""],""status"":""pass""}",pass,"{""en"":{""duplicates"":[],""status"":""pass""},""ko"":{""duplicates"":[],""status"":""pass""}}",pass,pass,pass,"{""en"":{""jurisdiction_leakage_evidence"":[],""jurisdiction_leakage_status"":""pass"",""legal_leakage_evidence"":[],""legal_leakage_status"":""pass"",""procedural_leakage_status"":""pass"",""strict_leakage_evidence"":{""currency"":[],""customary_unit"":[],""jurisdiction_placeholder"":[],""kr_institution"":[],""legal_conclusion"":[],""procedural"":[]}},""ko"":{""jurisdiction_leakage_evidence"":[],""jurisdiction_leakage_status"":""pass"",""legal_leakage_evidence"":[],""legal_leakage_status"":""pass"",""procedural_leakage_status"":""pass"",""strict_leakage_evidence"":{""currency"":[],""customary_unit"":[],""jurisdiction_placeholder"":[],""kr_institution"":[],""legal_conclusion"":[],""procedural"":[]}}}",pass,"{""source"":{""1977"":1,""1978"":1,""1993"":1,""1997"":1,""2006"":1,""27"":1,""4"":1},""target"":{""1977"":1,""1978"":1,""1993"":1,""1997"":1,""2006"":1,""27"":1,""4"":1}}",[],[],True,pass,[],False,True,pass,deterministic
US_e05b7f2567e5800f56,pass,pass,pass,pass,pass,"{""en"":{""hangul"":0,""latin"":1601,""reason"":null,""status"":""pass""},""ko"":{""hangul"":650,""latin"":78,""reason"":null,""status"":""pass""}}",pass,"{""en"":[""[COMPANY_A]"",""[PERSON_A]""],""ko"":[""[COMPANY_A]"",""[PERSON_A]""],""status"":""pass""}",pass,"{""en"":{""duplicates"":[],""status"":""pass""},""ko"":{""duplicates"":[],""status"":""pass""}}",pass,pass,pass,"{""en"":{""jurisdiction_leakage_evidence"":[],""jurisdiction_leakage_status"":""pass"",""legal_leakage_evidence"":[],""legal_leakage_status"":""pass"",""procedural_leakage_status"":""pass"",""strict_leakage_evidence"":{""currency"":[],""customary_unit"":[],""jurisdiction_placeholder"":[],""kr_institution"":[],""legal_conclusion"":[],""procedural"":[]}},""ko"":{""jurisdiction_leakage_evidence"":[],""jurisdiction_leakage_status"":""pass"",""legal_leakage_evidence"":[],""legal_leakage_status"":""pass"",""procedural_leakage_status"":""pass"",""strict_leakage_evidence"":{""currency"":[],""customary_unit"":[],""jurisdiction_placeholder"":[],""kr_institution"":[],""legal_conclusion"":[],""procedural"":[]}}}",pass,"{""source"":{""1"":2,""10"":1,""14"":1,""16"":1,""19"":1,""1995"":1,""1996"":2,""1997"":2,""2"":2,""3"":1,""30"":1,""5"":3,""7"":2},""target"":{""1"":1,""10"":1,""14"":1,""16"":1,""19"":1,""1995"":1,""1996"":2,""1997"":2,""2"":2,""30"":1,""5"":3,""7"":2}}",[],"[""numerical_unit_status""]",True,pass,[],False,True,fail,semantic_equivalence_confirmed
US_e0f4e43491c639af90,pass,pass,pass,pass,pass,"{""en"":{""hangul"":0,""latin"":464,""reason"":null,""status"":""pass""},""ko"":{""hangul"":158,""latin"":96,""reason"":null,""status"":""pass""}}",pass,"{""en"":[""[PERSON_A]"",""[PERSON_B]"",""[PERSON_C]""],""ko"":[""[PERSON_A]"",""[PERSON_B]"",""[PERSON_C]""],""status"":""pass""}",pass,"{""en"":{""duplicates"":[],""status"":""pass""},""ko"":{""duplicates"":[],""status"":""pass""}}",pass,pass,pass,"{""en"":{""jurisdiction_leakage_evidence"":[],""jurisdiction_leakage_status"":""pass"",""legal_leakage_evidence"":[],""legal_leakage_status"":""pass"",""procedural_leakage_status"":""pass"",""strict_leakage_evidence"":{""currency"":[],""customary_unit"":[],""jurisdiction_placeholder"":[],""kr_institution"":[],""legal_conclusion"":[],""procedural"":[]}},""ko"":{""jurisdiction_leakage_evidence"":[],""jurisdiction_leakage_status"":""pass"",""legal_leakage_evidence"":[],""legal_leakage_status"":""pass"",""procedural_leakage_status"":""pass"",""strict_leakage_evidence"":{""currency"":[],""customary_unit"":[],""jurisdiction_placeholder"":[],""kr_institution"":[],""legal_conclusion"":[],""procedural"":[]}}}",pass,"{""source"":{},""target"":{""1"":1}}",[],"[""numerical_unit_status""]",True,pass,[],False,True,fail,semantic_equivalence_confirmed
US_e1738150309971f404,pass,pass,pass,pass,pass,"{""en"":{""hangul"":0,""latin"":729,""reason"":null,""status"":""pass""},""ko"":{""hangul"":341,""latin"":105,""reason"":null,""status"":""pass""}}",pass,"{""en"":[""[PERSON_A]"",""[PERSON_B]"",""[PERSON_C]"",""[PERSON_D]""],""ko"":[""[PERSON_A]"",""[PERSON_B]"",""[PERSON_C]"",""[PERSON_D]""],""status"":""pass""}",pass,"{""en"":{""duplicates"":[],""status"":""pass""},""ko"":{""duplicates"":[],""status"":""pass""}}",pass,pass,pass,"{""en"":{""jurisdiction_leakage_evidence"":[],""jurisdiction_leakage_status"":""pass"",""legal_leakage_evidence"":[],""legal_leakage_status"":""pass"",""procedural_leakage_status"":""pass"",""strict_leakage_evidence"":{""currency"":[],""customary_unit"":[],""jurisdiction_placeholder"":[],""kr_institution"":[],""legal_conclusion"":[],""procedural"":[]}},""ko"":{""jurisdiction_leakage_evidence"":[],""jurisdiction_leakage_status"":""pass"",""legal_leakage_evidence"":[],""legal_leakage_status"":""pass"",""procedural_leakage_status"":""pass"",""strict_leakage_evidence"":{""currency"":[],""customary_unit"":[],""jurisdiction_placeholder"":[],""kr_institution"":[],""legal_conclusion"":[],""procedural"":[]}}}",pass,"{""source"":{""1"":2},""target"":{}}",[],"[""numerical_unit_status""]",True,pass,[],False,True,fail,semantic_equivalence_confirmed
US_e2121974270074f961,pass,pass,pass,pass,pass,"{""en"":{""hangul"":0,""latin"":984,""reason"":null,""status"":""pass""},""ko"":{""hangul"":361,""latin"":175,""reason"":null,""status"":""pass""}}",pass,"{""en"":[""[COMPANY_A]"",""[CURRENCY_AMOUNT_A]"",""[PERSON_A]"",""[PERSON_B]"",""[PERSON_C]"",""[PERSON_D]""],""ko"":[""[COMPANY_A]"",""[CURRENCY_AMOUNT_A]"",""[PERSON_A]"",""[PERSON_B]"",""[PERSON_C]"",""[PERSON_D]""],""status"":""pass""}",pass,"{""en"":{""duplicates"":[],""status"":""pass""},""ko"":{""duplicates"":[],""status"":""pass""}}",pass,pass,pass,"{""en"":{""jurisdiction_leakage_evidence"":[],""jurisdiction_leakage_status"":""pass"",""legal_leakage_evidence"":[],""legal_leakage_status"":""pass"",""procedural_leakage_status"":""pass"",""strict_leakage_evidence"":{""currency"":[],""customary_unit"":[],""jurisdiction_placeholder"":[],""kr_institution"":[],""legal_conclusion"":[],""procedural"":[]}},""ko"":{""jurisdiction_leakage_evidence"":[],""jurisdiction_leakage_status"":""pass"",""legal_leakage_evidence"":[],""legal_leakage_status"":""pass"",""procedural_leakage_status"":""pass"",""strict_leakage_evidence"":{""currency"":[],""customary_unit"":[],""jurisdiction_placeholder"":[],""kr_institution"":[],""legal_conclusion"":[],""procedural"":[]}}}",pass,"{""source"":{""13"":2,""2"":1,""2006"":1,""2010"":2,""2011"":4,""4"":4,""8"":1},""target"":{""13"":2,""2"":1,""2006"":1,""2010"":2,""2011"":4,""30"":1,""4"":4,""8"":1}}",[],"[""numerical_unit_status""]",True,pass,[],False,True,fail,semantic_equivalence_confirmed
US_e7bd006a7ac2277175,pass,pass,pass,pass,pass,"{""en"":{""hangul"":0,""latin"":2119,""reason"":null,""status"":""pass""},""ko"":{""hangul"":785,""latin"":411,""reason"":null,""status"":""pass""}}",pass,"{""en"":[""[COMPANY_A]"",""[COMPANY_B]"",""[COMPANY_C]"",""[CURRENCY_AMOUNT_A]"",""[LOCATION_A]"",""[LOCATION_B]"",""[PERSON_A]"",""[PERSON_B]"",""[PERSON_C]""],""ko"":[""[COMPANY_A]"",""[COMPANY_B]"",""[COMPANY_C]"",""[CURRENCY_AMOUNT_A]"",""[LOCATION_A]"",""[LOCATION_B]"",""[PERSON_A]"",""[PERSON_B]"",""[PERSON_C]""],""status"":""pass""}",pass,"{""en"":{""duplicates"":[],""status"":""pass""},""ko"":{""duplicates"":[],""status"":""pass""}}",pass,pass,pass,"{""en"":{""jurisdiction_leakage_evidence"":[],""jurisdiction_leakage_status"":""pass"",""legal_leakage_evidence"":[],""legal_leakage_status"":""pass"",""procedural_leakage_status"":""pass"",""strict_leakage_evidence"":{""currency"":[],""customary_unit"":[],""jurisdiction_placeholder"":[],""kr_institution"":[],""legal_conclusion"":[],""procedural"":[]}},""ko"":{""jurisdiction_leakage_evidence"":[],""jurisdiction_leakage_status"":""pass"",""legal_leakage_evidence"":[],""legal_leakage_status"":""pass"",""procedural_leakage_status"":""pass"",""strict_leakage_evidence"":{""currency"":[],""customary_unit"":[],""jurisdiction_placeholder"":[],""kr_institution"":[],""legal_conclusion"":[],""procedural"":[]}}}",pass,"{""source"":{""1"":3,""10"":1,""100"":1,""11"":1,""15"":1,""180.75"":1,""2"":1,""2006"":3,""211.84"":1,""30.48"":1,""40"":1,""5"":1,""9"":1},""target"":{""1"":2,""10"":1,""100"":1,""11"":1,""15"":1,""180.75"":1,""2"":1,""20"":1,""2006"":3,""211.84"":1,""30.48"":1,""40"":1,""5"":1,""9"":1}}",[],"[""numerical_unit_status""]",True,pass,[],False,True,fail,semantic_equivalence_confirmed
US_eafeabebaffbba2c82,pass,pass,pass,pass,pass,"{""en"":{""hangul"":0,""latin"":536,""reason"":null,""status"":""pass""},""ko"":{""hangul"":212,""latin"":51,""reason"":null,""status"":""pass""}}",pass,"{""en"":[""[COMPANY_A]"",""[COMPANY_B]"",""[PERSON_A]""],""ko"":[""[COMPANY_A]"",""[COMPANY_B]"",""[PERSON_A]""],""status"":""pass""}",pass,"{""en"":{""duplicates"":[],""status"":""pass""},""ko"":{""duplicates"":[],""status"":""pass""}}",pass,pass,pass,"{""en"":{""jurisdiction_leakage_evidence"":[],""jurisdiction_leakage_status"":""pass"",""legal_leakage_evidence"":[],""legal_leakage_status"":""pass"",""procedural_leakage_status"":""pass"",""strict_leakage_evidence"":{""currency"":[],""customary_unit"":[],""jurisdiction_placeholder"":[],""kr_institution"":[],""legal_conclusion"":[],""procedural"":[]}},""ko"":{""jurisdiction_leakage_evidence"":[],""jurisdiction_leakage_status"":""pass"",""legal_leakage_evidence"":[],""legal_leakage_status"":""pass"",""procedural_leakage_status"":""pass"",""strict_leakage_evidence"":{""currency"":[],""customary_unit"":[],""jurisdiction_placeholder"":[],""kr_institution"":[],""legal_conclusion"":[],""procedural"":[]}}}",pass,"{""source"":{""1"":3,""11"":1,""1959"":1,""1961"":1,""1964"":1,""1965"":2,""1967"":1,""1973"":1,""1974"":1,""2002"":3,""21"":1},""target"":{""1"":2,""11"":1,""1959"":1,""1961"":1,""1964"":1,""1965"":2,""1967"":1,""1973"":1,""1974"":1,""2002"":3,""21"":1}}",[],"[""numerical_unit_status""]",True,pass,[],False,True,fail,semantic_equivalence_confirmed
US_ecb5bb62f940e7f86f,pass,pass,pass,pass,pass,"{""en"":{""hangul"":0,""latin"":1586,""reason"":null,""status"":""pass""},""ko"":{""hangul"":548,""latin"":334,""reason"":null,""status"":""pass""}}",pass,"{""en"":[""[COMPANY_A]"",""[COMPANY_B]"",""[COMPANY_C]"",""[COMPANY_D]"",""[PERSON_A]"",""[PERSON_B]"",""[PERSON_C]"",""[PERSON_D]"",""[PRODUCT_A]"",""[PRODUCT_B]"",""[PRODUCT_C]""],""ko"":[""[COMPANY_A]"",""[COMPANY_B]"",""[COMPANY_C]"",""[COMPANY_D]"",""[PERSON_A]"",""[PERSON_B]"",""[PERSON_C]"",""[PERSON_D]"",""[PRODUCT_A]"",""[PRODUCT_B]"",""[PRODUCT_C]""],""status"":""pass""}",pass,"{""en"":{""duplicates"":[],""status"":""pass""},""ko"":{""duplicates"":[],""status"":""pass""}}",pass,pass,pass,"{""en"":{""jurisdiction_leakage_evidence"":[],""jurisdiction_leakage_status"":""pass"",""legal_leakage_evidence"":[],""legal_leakage_status"":""pass"",""procedural_leakage_status"":""pass"",""strict_leakage_evidence"":{""currency"":[],""customary_unit"":[],""jurisdiction_placeholder"":[],""kr_institution"":[],""legal_conclusion"":[],""procedural"":[]}},""ko"":{""jurisdiction_leakage_evidence"":[],""jurisdiction_leakage_status"":""pass"",""legal_leakage_evidence"":[],""legal_leakage_status"":""pass"",""procedural_leakage_status"":""pass"",""strict_leakage_evidence"":{""currency"":[],""customary_unit"":[],""jurisdiction_placeholder"":[],""kr_institution"":[],""legal_conclusion"":[],""procedural"":[]}}}",pass,"{""source"":{""1"":1,""3"":1},""target"":{}}",[],"[""numerical_unit_status""]",True,pass,[],False,True,fail,semantic_equivalence_confirmed
US_f2201634a8e19da0c7,pass,pass,pass,pass,pass,"{""en"":{""hangul"":0,""latin"":1843,""reason"":null,""status"":""pass""},""ko"":{""hangul"":672,""latin"":427,""reason"":null,""status"":""pass""}}",pass,"{""en"":[""[COMPANY_A]"",""[COMPANY_B]"",""[COMPANY_C]"",""[COMPANY_D]"",""[CURRENCY_AMOUNT_A]"",""[ORGANIZATION_A]"",""[PERSON_A]"",""[PERSON_B]"",""[PERSON_C]"",""[PERSON_D]"",""[PERSON_E]"",""[PROPERTY_A]""],""ko"":[""[COMPANY_A]"",""[COMPANY_B]"",""[COMPANY_C]"",""[COMPANY_D]"",""[CURRENCY_AMOUNT_A]"",""[ORGANIZATION_A]"",""[PERSON_A]"",""[PERSON_B]"",""[PERSON_C]"",""[PERSON_D]"",""[PERSON_E]"",""[PROPERTY_A]""],""status"":""pass""}",pass,"{""en"":{""duplicates"":[],""status"":""pass""},""ko"":{""duplicates"":[],""status"":""pass""}}",pass,pass,pass,"{""en"":{""jurisdiction_leakage_evidence"":[],""jurisdiction_leakage_status"":""pass"",""legal_leakage_evidence"":[],""legal_leakage_status"":""pass"",""procedural_leakage_status"":""pass"",""strict_leakage_evidence"":{""currency"":[],""customary_unit"":[],""jurisdiction_placeholder"":[],""kr_institution"":[],""legal_conclusion"":[],""procedural"":[]}},""ko"":{""jurisdiction_leakage_evidence"":[],""jurisdiction_leakage_status"":""pass"",""legal_leakage_evidence"":[],""legal_leakage_status"":""pass"",""procedural_leakage_status"":""pass"",""strict_leakage_evidence"":{""currency"":[],""customary_unit"":[],""jurisdiction_placeholder"":[],""kr_institution"":[],""legal_conclusion"":[],""procedural"":[]}}}",pass,"{""source"":{""1"":2,""10"":1,""12"":2,""13"":2,""2013"":1,""2015"":3,""2016"":1},""target"":{""10"":1,""12"":2,""13"":2,""2013"":1,""2015"":3,""2016"":1}}",[],"[""numerical_unit_status""]",True,pass,[],False,True,fail,semantic_equivalence_confirmed
US_f52ee52e184d02cd06,pass,pass,pass,pass,pass,"{""en"":{""hangul"":0,""latin"":879,""reason"":null,""status"":""pass""},""ko"":{""hangul"":306,""latin"":167,""reason"":null,""status"":""pass""}}",pass,"{""en"":[""[COMPANY_A]"",""[PERSON_A]""],""ko"":[""[COMPANY_A]"",""[PERSON_A]""],""status"":""pass""}",pass,"{""en"":{""duplicates"":[],""status"":""pass""},""ko"":{""duplicates"":[],""status"":""pass""}}",pass,pass,pass,"{""en"":{""jurisdiction_leakage_evidence"":[],""jurisdiction_leakage_status"":""pass"",""legal_leakage_evidence"":[],""legal_leakage_status"":""pass"",""procedural_leakage_status"":""pass"",""strict_leakage_evidence"":{""currency"":[],""customary_unit"":[],""jurisdiction_placeholder"":[],""kr_institution"":[],""legal_conclusion"":[],""procedural"":[]}},""ko"":{""jurisdiction_leakage_evidence"":[],""jurisdiction_leakage_status"":""pass"",""legal_leakage_evidence"":[],""legal_leakage_status"":""pass"",""procedural_leakage_status"":""pass"",""strict_leakage_evidence"":{""currency"":[],""customary_unit"":[],""jurisdiction_placeholder"":[],""kr_institution"":[],""legal_conclusion"":[],""procedural"":[]}}}",pass,"{""source"":{""1"":1,""17"":1,""19"":1,""2"":5,""2000"":5,""25"":1,""27"":1,""3"":1,""4"":1,""6.8"":1,""9"":1},""target"":{""1"":1,""17"":1,""19"":1,""2"":5,""2000"":5,""25"":1,""27"":1,""3"":1,""4"":1,""6.8"":1,""9"":1}}",[],[],True,pass,[],False,True,pass,deterministic
US_f5ad9cb96e57eb50d6,pass,pass,pass,pass,pass,"{""en"":{""hangul"":0,""latin"":365,""reason"":null,""status"":""pass""},""ko"":{""hangul"":144,""latin"":57,""reason"":null,""status"":""pass""}}",pass,"{""en"":[""[LOCATION_A]"",""[ORGANIZATION_A]"",""[PERSON_A]""],""ko"":[""[LOCATION_A]"",""[ORGANIZATION_A]"",""[PERSON_A]""],""status"":""pass""}",pass,"{""en"":{""duplicates"":[],""status"":""pass""},""ko"":{""duplicates"":[],""status"":""pass""}}",pass,pass,pass,"{""en"":{""jurisdiction_leakage_evidence"":[],""jurisdiction_leakage_status"":""pass"",""legal_leakage_evidence"":[],""legal_leakage_status"":""pass"",""procedural_leakage_status"":""pass"",""strict_leakage_evidence"":{""currency"":[],""customary_unit"":[],""jurisdiction_placeholder"":[],""kr_institution"":[],""legal_conclusion"":[],""procedural"":[]}},""ko"":{""jurisdiction_leakage_evidence"":[],""jurisdiction_leakage_status"":""pass"",""legal_leakage_evidence"":[],""legal_leakage_status"":""pass"",""procedural_leakage_status"":""pass"",""strict_leakage_evidence"":{""currency"":[],""customary_unit"":[],""jurisdiction_placeholder"":[],""kr_institution"":[],""legal_conclusion"":[],""procedural"":[]}}}",pass,"{""source"":{""2"":1,""5.08"":1},""target"":{""2"":1,""5.08"":1}}",[],[],True,pass,[],False,True,pass,deterministic
US_f9417e4d262285b1c6,pass,pass,pass,pass,pass,"{""en"":{""hangul"":0,""latin"":895,""reason"":null,""status"":""pass""},""ko"":{""hangul"":325,""latin"":138,""reason"":null,""status"":""pass""}}",pass,"{""en"":[""[COMPANY_A]"",""[COMPANY_B]"",""[PERSON_A]"",""[VEHICLE_A]"",""[VEHICLE_B]""],""ko"":[""[COMPANY_A]"",""[COMPANY_B]"",""[PERSON_A]"",""[VEHICLE_A]"",""[VEHICLE_B]""],""status"":""pass""}",pass,"{""en"":{""duplicates"":[],""status"":""pass""},""ko"":{""duplicates"":[],""status"":""pass""}}",pass,pass,pass,"{""en"":{""jurisdiction_leakage_evidence"":[],""jurisdiction_leakage_status"":""pass"",""legal_leakage_evidence"":[],""legal_leakage_status"":""pass"",""procedural_leakage_status"":""pass"",""strict_leakage_evidence"":{""currency"":[],""customary_unit"":[],""jurisdiction_placeholder"":[],""kr_institution"":[],""legal_conclusion"":[],""procedural"":[]}},""ko"":{""jurisdiction_leakage_evidence"":[],""jurisdiction_leakage_status"":""pass"",""legal_leakage_evidence"":[],""legal_leakage_status"":""pass"",""procedural_leakage_status"":""pass"",""strict_leakage_evidence"":{""currency"":[],""customary_unit"":[],""jurisdiction_placeholder"":[],""kr_institution"":[],""legal_conclusion"":[],""procedural"":[]}}}",pass,"{""source"":{""1997"":2,""2"":1},""target"":{""1997"":2,""2"":1}}",[],[],True,pass,[],False,True,pass,deterministic
US_fa07baffd06e422309,pass,pass,pass,pass,pass,"{""en"":{""hangul"":0,""latin"":1364,""reason"":null,""status"":""pass""},""ko"":{""hangul"":486,""latin"":119,""reason"":null,""status"":""pass""}}",pass,"{""en"":[""[PERSON_A]"",""[PERSON_B]"",""[PERSON_C]"",""[PERSON_D]"",""[PERSON_E]""],""ko"":[""[PERSON_A]"",""[PERSON_B]"",""[PERSON_C]"",""[PERSON_D]"",""[PERSON_E]""],""status"":""pass""}",pass,"{""en"":{""duplicates"":[],""status"":""pass""},""ko"":{""duplicates"":[],""status"":""pass""}}",pass,pass,pass,"{""en"":{""jurisdiction_leakage_evidence"":[],""jurisdiction_leakage_status"":""pass"",""legal_leakage_evidence"":[],""legal_leakage_status"":""pass"",""procedural_leakage_status"":""pass"",""strict_leakage_evidence"":{""currency"":[],""customary_unit"":[],""jurisdiction_placeholder"":[],""kr_institution"":[],""legal_conclusion"":[],""procedural"":[]}},""ko"":{""jurisdiction_leakage_evidence"":[],""jurisdiction_leakage_status"":""pass"",""legal_leakage_evidence"":[],""legal_leakage_status"":""pass"",""procedural_leakage_status"":""pass"",""strict_leakage_evidence"":{""currency"":[],""customary_unit"":[],""jurisdiction_placeholder"":[],""kr_institution"":[],""legal_conclusion"":[],""procedural"":[]}}}",pass,"{""source"":{""3"":1,""30"":1,""4"":1},""target"":{""3"":1,""30"":1,""4"":1}}",[],[],True,pass,[],False,True,pass,deterministic
