case_id,source_grounding_status,mandatory_factual_sufficiency_status,fact_unit_coverage_status,translation_equivalence_status,language_sanity_status,language_sanity_detail,placeholder_equivalence_status,placeholder_detail,duplicate_sentence_status,duplicate_sentence_detail,legal_leakage_status,procedural_leakage_status,jurisdiction_leakage_status,leakage_detail,numerical_unit_status,number_detail,deterministic_issues,deterministic_review_issues,deterministic_pass,semantic_qc_status,semantic_issues,manual_review_required,final_pass
KR_0dcfdd46d74a8951e1,pass,pass,pass,pass,pass,"{""en"":{""hangul"":0,""latin"":1517,""reason"":null,""status"":""pass""},""ko"":{""hangul"":453,""latin"":220,""reason"":null,""status"":""pass""}}",pass,"{""en"":[""[ORGANIZATION_A]"",""[ORGANIZATION_C]"",""[PERSON_A]"",""[PERSON_B]"",""[PERSON_C]"",""[PERSON_D]"",""[PERSON_F]""],""ko"":[""[ORGANIZATION_A]"",""[ORGANIZATION_C]"",""[PERSON_A]"",""[PERSON_B]"",""[PERSON_C]"",""[PERSON_D]"",""[PERSON_F]""],""status"":""pass""}",pass,"{""en"":{""duplicates"":[],""status"":""pass""},""ko"":{""duplicates"":[],""status"":""pass""}}",pass,pass,pass,"{""en"":{""jurisdiction_leakage_evidence"":[],""jurisdiction_leakage_status"":""pass"",""legal_leakage_evidence"":[],""legal_leakage_status"":""pass"",""procedural_leakage_status"":""pass"",""strict_leakage_evidence"":{""currency"":[],""customary_unit"":[],""jurisdiction_placeholder"":[],""kr_institution"":[],""legal_conclusion"":[],""procedural"":[]}},""ko"":{""jurisdiction_leakage_evidence"":[],""jurisdiction_leakage_status"":""pass"",""legal_leakage_evidence"":[],""legal_leakage_status"":""pass"",""procedural_leakage_status"":""pass"",""strict_leakage_evidence"":{""currency"":[],""customary_unit"":[],""jurisdiction_placeholder"":[],""kr_institution"":[],""legal_conclusion"":[],""procedural"":[]}}}",pass,"{""source"":{""11"":2,""12"":3,""1999"":5,""22"":1,""23"":1,""27"":3},""target"":{""11"":2,""12"":3,""1999"":5,""22"":1,""23"":1,""27"":3}}",[],[],True,review,"[""The same substantive claim is duplicated in both final languages, creating redundant factual content.""]",False,False
KR_0f2fb4048fdd1b2ba6,pass,pass,pass,pass,pass,"{""en"":{""hangul"":0,""latin"":1227,""reason"":null,""status"":""pass""},""ko"":{""hangul"":386,""latin"":109,""reason"":null,""status"":""pass""}}",pass,"{""en"":[""[INSTITUTION_A]"",""[PERSON_A]""],""ko"":[""[INSTITUTION_A]"",""[PERSON_A]""],""status"":""pass""}",pass,"{""en"":{""duplicates"":[],""status"":""pass""},""ko"":{""duplicates"":[],""status"":""pass""}}",pass,pass,pass,"{""en"":{""jurisdiction_leakage_evidence"":[],""jurisdiction_leakage_status"":""pass"",""legal_leakage_evidence"":[],""legal_leakage_status"":""pass"",""procedural_leakage_status"":""pass"",""strict_leakage_evidence"":{""currency"":[],""customary_unit"":[],""jurisdiction_placeholder"":[],""kr_institution"":[],""legal_conclusion"":[],""procedural"":[]}},""ko"":{""jurisdiction_leakage_evidence"":[],""jurisdiction_leakage_status"":""pass"",""legal_leakage_evidence"":[],""legal_leakage_status"":""pass"",""procedural_leakage_status"":""pass"",""strict_leakage_evidence"":{""currency"":[],""customary_unit"":[],""jurisdiction_placeholder"":[],""kr_institution"":[],""legal_conclusion"":[],""procedural"":[]}}}",pass,"{""source"":{""01"":3,""03"":1,""07"":2,""08"":1,""09"":1,""10"":1,""11"":3,""12"":3,""13"":1,""15.55"":1,""16"":2,""17.56"":1,""1998"":3,""2"":1,""21"":1,""28"":1,""3.81"":1,""4.28"":1,""46"":1,""5.59"":1,""51"":2,""53"":1,""55"":1,""6.5"":1,""7"":1,""74"":1,""8.10"":1,""9.39"":1},""target"":{""01"":3,""03"":1,""07"":2,""08"":1,""09"":1,""10"":1,""11"":3,""12"":3,""13"":1,""15.55"":1,""16"":2,""17.56"":1,""1998"":3,""2"":1,""21"":1,""28"":1,""3.81"":1,""4.28"":1,""46"":1,""5.59"":1,""51"":2,""53"":1,""55"":1,""6.5"":1,""7"":1,""74"":1,""8.10"":1,""9.39"":1}}",[],[],True,pass,[],False,True
KR_12b9dc4aa1ee6e184c,pass,pass,pass,pass,pass,"{""en"":{""hangul"":0,""latin"":817,""reason"":null,""status"":""pass""},""ko"":{""hangul"":244,""latin"":91,""reason"":null,""status"":""pass""}}",pass,"{""en"":[""[PERSON_A]"",""[PERSON_B]"",""[PERSON_D]"",""[PERSON_E]""],""ko"":[""[PERSON_A]"",""[PERSON_B]"",""[PERSON_D]"",""[PERSON_E]""],""status"":""pass""}",pass,"{""en"":{""duplicates"":[],""status"":""pass""},""ko"":{""duplicates"":[],""status"":""pass""}}",pass,pass,pass,"{""en"":{""jurisdiction_leakage_evidence"":[],""jurisdiction_leakage_status"":""pass"",""legal_leakage_evidence"":[],""legal_leakage_status"":""pass"",""procedural_leakage_status"":""pass"",""strict_leakage_evidence"":{""currency"":[],""customary_unit"":[],""jurisdiction_placeholder"":[],""kr_institution"":[],""legal_conclusion"":[],""procedural"":[]}},""ko"":{""jurisdiction_leakage_evidence"":[],""jurisdiction_leakage_status"":""pass"",""legal_leakage_evidence"":[],""legal_leakage_status"":""pass"",""procedural_leakage_status"":""pass"",""strict_leakage_evidence"":{""currency"":[],""customary_unit"":[],""jurisdiction_placeholder"":[],""kr_institution"":[],""legal_conclusion"":[],""procedural"":[]}}}",pass,"{""source"":{""6"":1},""target"":{""6"":1}}",[],[],True,review,"[""The English final text adds an unsupported representation relationship for [PERSON_B] by translating \""[PERSON_B] 측 학생들\"" as \""students represented by [PERSON_B].\""""]",False,False
KR_13b881769bf8928779,pass,pass,pass,pass,pass,"{""en"":{""hangul"":0,""latin"":872,""reason"":null,""status"":""pass""},""ko"":{""hangul"":280,""latin"":101,""reason"":null,""status"":""pass""}}",pass,"{""en"":[""[INSTITUTION_A]"",""[INSTITUTION_B]"",""[INSTITUTION_C]"",""[LOCATION_A]"",""[LOCATION_B]"",""[PERSON_A]""],""ko"":[""[INSTITUTION_A]"",""[INSTITUTION_B]"",""[INSTITUTION_C]"",""[LOCATION_A]"",""[LOCATION_B]"",""[PERSON_A]""],""status"":""pass""}",pass,"{""en"":{""duplicates"":[],""status"":""pass""},""ko"":{""duplicates"":[],""status"":""pass""}}",pass,pass,pass,"{""en"":{""jurisdiction_leakage_evidence"":[],""jurisdiction_leakage_status"":""pass"",""legal_leakage_evidence"":[],""legal_leakage_status"":""pass"",""procedural_leakage_status"":""pass"",""strict_leakage_evidence"":{""currency"":[],""customary_unit"":[],""jurisdiction_placeholder"":[],""kr_institution"":[],""legal_conclusion"":[],""procedural"":[]}},""ko"":{""jurisdiction_leakage_evidence"":[],""jurisdiction_leakage_status"":""pass"",""legal_leakage_evidence"":[],""legal_leakage_status"":""pass"",""procedural_leakage_status"":""pass"",""strict_leakage_evidence"":{""currency"":[],""customary_unit"":[],""jurisdiction_placeholder"":[],""kr_institution"":[],""legal_conclusion"":[],""procedural"":[]}}}",fail,"{""source"":{""1"":3,""10"":1,""12"":1,""13"":1,""2"":3,""2007"":1,""27"":1,""4"":2,""48"":1,""6"":1,""8"":1},""target"":{""1"":5,""10"":1,""12"":1,""13"":1,""2"":3,""2007"":1,""27"":1,""4"":2,""48"":1,""6"":1,""8"":1}}",[],"[""numerical_unit_status""]",True,pass,[],False,True
KR_15f616454feb5baced,pass,pass,pass,pass,pass,"{""en"":{""hangul"":0,""latin"":484,""reason"":null,""status"":""pass""},""ko"":{""hangul"":174,""latin"":53,""reason"":null,""status"":""pass""}}",pass,"{""en"":[""[INSTITUTION_A]"",""[ORGANIZATION_A]"",""[PERSON_A]"",""[PERSON_B]""],""ko"":[""[INSTITUTION_A]"",""[ORGANIZATION_A]"",""[PERSON_A]"",""[PERSON_B]""],""status"":""pass""}",pass,"{""en"":{""duplicates"":[],""status"":""pass""},""ko"":{""duplicates"":[],""status"":""pass""}}",pass,pass,pass,"{""en"":{""jurisdiction_leakage_evidence"":[],""jurisdiction_leakage_status"":""pass"",""legal_leakage_evidence"":[],""legal_leakage_status"":""pass"",""procedural_leakage_status"":""pass"",""strict_leakage_evidence"":{""currency"":[],""customary_unit"":[],""jurisdiction_placeholder"":[],""kr_institution"":[],""legal_conclusion"":[],""procedural"":[]}},""ko"":{""jurisdiction_leakage_evidence"":[],""jurisdiction_leakage_status"":""pass"",""legal_leakage_evidence"":[],""legal_leakage_status"":""pass"",""procedural_leakage_status"":""pass"",""strict_leakage_evidence"":{""currency"":[],""customary_unit"":[],""jurisdiction_placeholder"":[],""kr_institution"":[],""legal_conclusion"":[],""procedural"":[]}}}",fail,"{""source"":{},""target"":{""1"":1}}",[],"[""numerical_unit_status""]",True,pass,[],False,True
KR_196d874266db86b00d,pass,pass,pass,pass,pass,"{""en"":{""hangul"":0,""latin"":1172,""reason"":null,""status"":""pass""},""ko"":{""hangul"":328,""latin"":292,""reason"":null,""status"":""pass""}}",pass,"{""en"":[""[COMPANY_A]"",""[COMPANY_B]"",""[CURRENCY_AMOUNT_A]"",""[PERSON_A]"",""[PERSON_B]"",""[PERSON_C]"",""[PERSON_D]"",""[VEHICLE_A]"",""[VEHICLE_B]""],""ko"":[""[COMPANY_A]"",""[COMPANY_B]"",""[CURRENCY_AMOUNT_A]"",""[PERSON_A]"",""[PERSON_B]"",""[PERSON_C]"",""[PERSON_D]"",""[VEHICLE_A]"",""[VEHICLE_B]""],""status"":""pass""}",pass,"{""en"":{""duplicates"":[],""status"":""pass""},""ko"":{""duplicates"":[],""status"":""pass""}}",pass,pass,pass,"{""en"":{""jurisdiction_leakage_evidence"":[],""jurisdiction_leakage_status"":""pass"",""legal_leakage_evidence"":[],""legal_leakage_status"":""pass"",""procedural_leakage_status"":""pass"",""strict_leakage_evidence"":{""currency"":[],""customary_unit"":[],""jurisdiction_placeholder"":[],""kr_institution"":[],""legal_conclusion"":[],""procedural"":[]}},""ko"":{""jurisdiction_leakage_evidence"":[],""jurisdiction_leakage_status"":""pass"",""legal_leakage_evidence"":[],""legal_leakage_status"":""pass"",""procedural_leakage_status"":""pass"",""strict_leakage_evidence"":{""currency"":[],""customary_unit"":[],""jurisdiction_placeholder"":[],""kr_institution"":[],""legal_conclusion"":[],""procedural"":[]}}}",pass,"{""source"":{""05"":2,""2015"":2,""21"":2,""22"":2,""7"":2},""target"":{""05"":2,""2015"":2,""21"":2,""22"":2,""7"":2}}",[],[],True,review,"[""The final record contains substantial factual duplication in both languages, including the collision, accident time, and resulting injuries/damage.""]",False,False
KR_1db22dfee6cc310e77,pass,pass,pass,pass,pass,"{""en"":{""hangul"":0,""latin"":1069,""reason"":null,""status"":""pass""},""ko"":{""hangul"":331,""latin"":141,""reason"":null,""status"":""pass""}}",pass,"{""en"":[""[INSTITUTION_A]"",""[LOCATION_A]"",""[PERSON_A]"",""[PERSON_B]"",""[PROPERTY_A]""],""ko"":[""[INSTITUTION_A]"",""[LOCATION_A]"",""[PERSON_A]"",""[PERSON_B]"",""[PROPERTY_A]""],""status"":""pass""}",pass,"{""en"":{""duplicates"":[],""status"":""pass""},""ko"":{""duplicates"":[],""status"":""pass""}}",pass,pass,pass,"{""en"":{""jurisdiction_leakage_evidence"":[],""jurisdiction_leakage_status"":""pass"",""legal_leakage_evidence"":[],""legal_leakage_status"":""pass"",""procedural_leakage_status"":""pass"",""strict_leakage_evidence"":{""currency"":[],""customary_unit"":[],""jurisdiction_placeholder"":[],""kr_institution"":[],""legal_conclusion"":[],""procedural"":[]}},""ko"":{""jurisdiction_leakage_evidence"":[],""jurisdiction_leakage_status"":""pass"",""legal_leakage_evidence"":[],""legal_leakage_status"":""pass"",""procedural_leakage_status"":""pass"",""strict_leakage_evidence"":{""currency"":[],""customary_unit"":[],""jurisdiction_placeholder"":[],""kr_institution"":[],""legal_conclusion"":[],""procedural"":[]}}}",pass,"{""source"":{""10.63"":1,""10.8"":1,""10.96"":1,""11.03"":1,""12"":1,""13"":1,""172"":1,""179"":1,""2000"":1,""2003"":1,""2006"":1,""352"":1,""368,000"":1,""67,000"":1,""7.64"":1,""9"":2},""target"":{""10.63"":1,""10.8"":1,""10.96"":1,""11.03"":1,""12"":1,""13"":1,""172"":1,""179"":1,""2000"":1,""2003"":1,""2006"":1,""352"":1,""368,000"":1,""67,000"":1,""7.64"":1,""9"":2}}",[],[],True,pass,[],False,True
KR_1e296dbb0bcebaab8f,pass,pass,pass,pass,pass,"{""en"":{""hangul"":0,""latin"":970,""reason"":null,""status"":""pass""},""ko"":{""hangul"":236,""latin"":151,""reason"":null,""status"":""pass""}}",pass,"{""en"":[""[COMPANY_A]"",""[PERSON_A]""],""ko"":[""[COMPANY_A]"",""[PERSON_A]""],""status"":""pass""}",pass,"{""en"":{""duplicates"":[],""status"":""pass""},""ko"":{""duplicates"":[],""status"":""pass""}}",pass,pass,pass,"{""en"":{""jurisdiction_leakage_evidence"":[],""jurisdiction_leakage_status"":""pass"",""legal_leakage_evidence"":[],""legal_leakage_status"":""pass"",""procedural_leakage_status"":""pass"",""strict_leakage_evidence"":{""currency"":[],""customary_unit"":[],""jurisdiction_placeholder"":[],""kr_institution"":[],""legal_conclusion"":[],""procedural"":[]}},""ko"":{""jurisdiction_leakage_evidence"":[],""jurisdiction_leakage_status"":""pass"",""legal_leakage_evidence"":[],""legal_leakage_status"":""pass"",""procedural_leakage_status"":""pass"",""strict_leakage_evidence"":{""currency"":[],""customary_unit"":[],""jurisdiction_placeholder"":[],""kr_institution"":[],""legal_conclusion"":[],""procedural"":[]}}}",fail,"{""source"":{},""target"":{""1"":1}}",[],"[""numerical_unit_status""]",True,review,"[""The final factual content duplicates the additional insurance payment without clearly distinguishing a separate payment or event.""]",False,False
KR_21e5cc81eee32db79e,pass,pass,pass,pass,pass,"{""en"":{""hangul"":0,""latin"":651,""reason"":null,""status"":""pass""},""ko"":{""hangul"":184,""latin"":140,""reason"":null,""status"":""pass""}}",pass,"{""en"":[""[CURRENCY_AMOUNT_A]"",""[CURRENCY_AMOUNT_B]"",""[CURRENCY_AMOUNT_C]"",""[INSTITUTION_A]"",""[INSTITUTION_B]"",""[INSTITUTION_C]"",""[PERSON_A]"",""[PERSON_B]""],""ko"":[""[CURRENCY_AMOUNT_A]"",""[CURRENCY_AMOUNT_B]"",""[CURRENCY_AMOUNT_C]"",""[INSTITUTION_A]"",""[INSTITUTION_B]"",""[INSTITUTION_C]"",""[PERSON_A]"",""[PERSON_B]""],""status"":""pass""}",pass,"{""en"":{""duplicates"":[],""status"":""pass""},""ko"":{""duplicates"":[],""status"":""pass""}}",pass,pass,pass,"{""en"":{""jurisdiction_leakage_evidence"":[],""jurisdiction_leakage_status"":""pass"",""legal_leakage_evidence"":[],""legal_leakage_status"":""pass"",""procedural_leakage_status"":""pass"",""strict_leakage_evidence"":{""currency"":[],""customary_unit"":[],""jurisdiction_placeholder"":[],""kr_institution"":[],""legal_conclusion"":[],""procedural"":[]}},""ko"":{""jurisdiction_leakage_evidence"":[],""jurisdiction_leakage_status"":""pass"",""legal_leakage_evidence"":[],""legal_leakage_status"":""pass"",""procedural_leakage_status"":""pass"",""strict_leakage_evidence"":{""currency"":[],""customary_unit"":[],""jurisdiction_placeholder"":[],""kr_institution"":[],""legal_conclusion"":[],""procedural"":[]}}}",fail,"{""source"":{""10"":1,""12"":1,""18"":1,""1990"":2,""2"":1,""3"":2,""6"":1,""73"":1},""target"":{""00"":1,""10"":1,""12"":1,""18"":1,""1990"":2,""2"":1,""3"":2,""6"":1,""73"":1}}",[],"[""numerical_unit_status""]",True,pass,[],False,True
KR_251ece560a954ca2fc,pass,pass,pass,pass,pass,"{""en"":{""hangul"":0,""latin"":931,""reason"":null,""status"":""pass""},""ko"":{""hangul"":254,""latin"":145,""reason"":null,""status"":""pass""}}",pass,"{""en"":[""[COMPANY_A]"",""[COMPANY_B]"",""[COMPANY_C]"",""[ORGANIZATION_A]"",""[ORGANIZATION_B]""],""ko"":[""[COMPANY_A]"",""[COMPANY_B]"",""[COMPANY_C]"",""[ORGANIZATION_A]"",""[ORGANIZATION_B]""],""status"":""pass""}",pass,"{""en"":{""duplicates"":[],""status"":""pass""},""ko"":{""duplicates"":[],""status"":""pass""}}",pass,pass,pass,"{""en"":{""jurisdiction_leakage_evidence"":[],""jurisdiction_leakage_status"":""pass"",""legal_leakage_evidence"":[],""legal_leakage_status"":""pass"",""procedural_leakage_status"":""pass"",""strict_leakage_evidence"":{""currency"":[],""customary_unit"":[],""jurisdiction_placeholder"":[],""kr_institution"":[],""legal_conclusion"":[],""procedural"":[]}},""ko"":{""jurisdiction_leakage_evidence"":[],""jurisdiction_leakage_status"":""pass"",""legal_leakage_evidence"":[],""legal_leakage_status"":""pass"",""procedural_leakage_status"":""pass"",""strict_leakage_evidence"":{""currency"":[],""customary_unit"":[],""jurisdiction_placeholder"":[],""kr_institution"":[],""legal_conclusion"":[],""procedural"":[]}}}",pass,"{""source"":{""10"":1,""9"":1},""target"":{""10"":1,""9"":1}}",[],[],True,review,"[""The final text retains a litigation posture: it states that [ORGANIZATION_A] filed or asserted a damages claim against [ORGANIZATION_B].""]",False,False
KR_26b3a33d5ab3eb8be8,pass,pass,pass,pass,pass,"{""en"":{""hangul"":0,""latin"":2767,""reason"":null,""status"":""pass""},""ko"":{""hangul"":768,""latin"":423,""reason"":null,""status"":""pass""}}",pass,"{""en"":[""[COMPANY_A]"",""[COMPANY_B]"",""[COMPANY_C]"",""[COMPANY_E]"",""[COMPANY_F]"",""[CURRENCY_AMOUNT_A]"",""[CURRENCY_AMOUNT_B]"",""[CURRENCY_AMOUNT_C]"",""[INSTITUTION_A]"",""[PERSON_A]"",""[PERSON_B]"",""[PERSON_E]""],""ko"":[""[COMPANY_A]"",""[COMPANY_B]"",""[COMPANY_C]"",""[COMPANY_E]"",""[COMPANY_F]"",""[CURRENCY_AMOUNT_A]"",""[CURRENCY_AMOUNT_B]"",""[CURRENCY_AMOUNT_C]"",""[INSTITUTION_A]"",""[PERSON_A]"",""[PERSON_B]"",""[PERSON_E]""],""status"":""pass""}",pass,"{""en"":{""duplicates"":[],""status"":""pass""},""ko"":{""duplicates"":[],""status"":""pass""}}",pass,pass,pass,"{""en"":{""jurisdiction_leakage_evidence"":[],""jurisdiction_leakage_status"":""pass"",""legal_leakage_evidence"":[],""legal_leakage_status"":""pass"",""procedural_leakage_status"":""pass"",""strict_leakage_evidence"":{""currency"":[],""customary_unit"":[],""jurisdiction_placeholder"":[],""kr_institution"":[],""legal_conclusion"":[],""procedural"":[]}},""ko"":{""jurisdiction_leakage_evidence"":[],""jurisdiction_leakage_status"":""pass"",""legal_leakage_evidence"":[],""legal_leakage_status"":""pass"",""procedural_leakage_status"":""pass"",""strict_leakage_evidence"":{""currency"":[],""customary_unit"":[],""jurisdiction_placeholder"":[],""kr_institution"":[],""legal_conclusion"":[],""procedural"":[]}}}",fail,"{""source"":{""1"":2,""11"":1,""12"":2,""15"":1,""17"":1,""1995"":1,""1996"":4,""1997"":3,""1998"":4,""2"":4,""20"":1,""22"":1,""29"":1,""3"":1,""31"":1,""32"":1,""4"":3,""47.63"":1,""5"":2,""52.32"":1,""7"":1,""8.5"":1,""9"":1},""target"":{""1"":2,""11"":1,""12"":2,""15"":1,""17"":1,""1995"":1,""1996"":4,""1997"":3,""1998"":4,""2"":3,""20"":1,""22"":1,""29"":1,""3"":1,""31"":1,""320,000"":1,""4"":3,""47.63"":1,""5"":2,""52.32"":1,""7"":1,""8.5"":1,""9"":1}}",[],"[""numerical_unit_status""]",True,pass,[],False,True
KR_293763f5a50c79c279,pass,pass,pass,pass,pass,"{""en"":{""hangul"":0,""latin"":663,""reason"":null,""status"":""pass""},""ko"":{""hangul"":209,""latin"":108,""reason"":null,""status"":""pass""}}",pass,"{""en"":[""[INSTITUTION_A]"",""[LOCATION_A]"",""[PERSON_A]""],""ko"":[""[INSTITUTION_A]"",""[LOCATION_A]"",""[PERSON_A]""],""status"":""pass""}",pass,"{""en"":{""duplicates"":[],""status"":""pass""},""ko"":{""duplicates"":[],""status"":""pass""}}",pass,pass,pass,"{""en"":{""jurisdiction_leakage_evidence"":[],""jurisdiction_leakage_status"":""pass"",""legal_leakage_evidence"":[],""legal_leakage_status"":""pass"",""procedural_leakage_status"":""pass"",""strict_leakage_evidence"":{""currency"":[],""customary_unit"":[],""jurisdiction_placeholder"":[],""kr_institution"":[],""legal_conclusion"":[],""procedural"":[]}},""ko"":{""jurisdiction_leakage_evidence"":[],""jurisdiction_leakage_status"":""pass"",""legal_leakage_evidence"":[],""legal_leakage_status"":""pass"",""procedural_leakage_status"":""pass"",""strict_leakage_evidence"":{""currency"":[],""customary_unit"":[],""jurisdiction_placeholder"":[],""kr_institution"":[],""legal_conclusion"":[],""procedural"":[]}}}",pass,"{""source"":{""11"":1,""18"":1,""1998"":1,""1999"":1,""2004"":1,""23"":1,""28"":1,""4"":2},""target"":{""11"":1,""18"":1,""1998"":1,""1999"":1,""2004"":1,""23"":1,""28"":1,""4"":2}}",[],[],True,review,"[""Substantive factual content is duplicated in consecutive sentences in both Korean and English."",""Litigation posture/legal-argument content is retained in the neutral fact record, including the statement that [INSTITUTION_A] argued for conditioning the future-treatment-cost claim on discharge and the identification of the parties to the matter.""]",False,False
KR_2938a7d8dec5b2a57e,pass,pass,pass,pass,pass,"{""en"":{""hangul"":0,""latin"":2121,""reason"":null,""status"":""pass""},""ko"":{""hangul"":537,""latin"":116,""reason"":null,""status"":""pass""}}",pass,"{""en"":[""[COMPANY_A]"",""[COMPANY_B]"",""[CURRENCY_AMOUNT_A]"",""[PERSON_A]"",""[PRODUCT_A]""],""ko"":[""[COMPANY_A]"",""[COMPANY_B]"",""[CURRENCY_AMOUNT_A]"",""[PERSON_A]"",""[PRODUCT_A]""],""status"":""pass""}",pass,"{""en"":{""duplicates"":[],""status"":""pass""},""ko"":{""duplicates"":[],""status"":""pass""}}",pass,pass,pass,"{""en"":{""jurisdiction_leakage_evidence"":[],""jurisdiction_leakage_status"":""pass"",""legal_leakage_evidence"":[],""legal_leakage_status"":""pass"",""procedural_leakage_status"":""pass"",""strict_leakage_evidence"":{""currency"":[],""customary_unit"":[],""jurisdiction_placeholder"":[],""kr_institution"":[],""legal_conclusion"":[],""procedural"":[]}},""ko"":{""jurisdiction_leakage_evidence"":[],""jurisdiction_leakage_status"":""pass"",""legal_leakage_evidence"":[],""legal_leakage_status"":""pass"",""procedural_leakage_status"":""pass"",""strict_leakage_evidence"":{""currency"":[],""customary_unit"":[],""jurisdiction_placeholder"":[],""kr_institution"":[],""legal_conclusion"":[],""procedural"":[]}}}",fail,"{""source"":{""1"":1,""12"":1,""17"":1,""200"":1,""2019"":1,""30"":1,""6"":3,""7"":1,""8"":1},""target"":{""00"":3,""12"":1,""17"":1,""200"":1,""2019"":1,""30"":1,""6"":3,""7"":1,""8"":1}}",[],"[""numerical_unit_status""]",True,review,"[""neutral_fact_en contains two unsupported additions relative to the source-grounded unit."",""The English and Korean final texts are not substantively equivalent because the English text includes the two additional statements while the Korean text does not.""]",False,False
KR_29dbd6f831cc47236c,pass,pass,pass,pass,pass,"{""en"":{""hangul"":0,""latin"":858,""reason"":null,""status"":""pass""},""ko"":{""hangul"":235,""latin"":220,""reason"":null,""status"":""pass""}}",pass,"{""en"":[""[ORGANIZATION_A]"",""[ORGANIZATION_B]"",""[PERSON_A]"",""[PERSON_B]"",""[PERSON_C]"",""[PROPERTY_A]""],""ko"":[""[ORGANIZATION_A]"",""[ORGANIZATION_B]"",""[PERSON_A]"",""[PERSON_B]"",""[PERSON_C]"",""[PROPERTY_A]""],""status"":""pass""}",pass,"{""en"":{""duplicates"":[],""status"":""pass""},""ko"":{""duplicates"":[],""status"":""pass""}}",pass,pass,pass,"{""en"":{""jurisdiction_leakage_evidence"":[],""jurisdiction_leakage_status"":""pass"",""legal_leakage_evidence"":[],""legal_leakage_status"":""pass"",""procedural_leakage_status"":""pass"",""strict_leakage_evidence"":{""currency"":[],""customary_unit"":[],""jurisdiction_placeholder"":[],""kr_institution"":[],""legal_conclusion"":[],""procedural"":[]}},""ko"":{""jurisdiction_leakage_evidence"":[],""jurisdiction_leakage_status"":""pass"",""legal_leakage_evidence"":[],""legal_leakage_status"":""pass"",""procedural_leakage_status"":""pass"",""strict_leakage_evidence"":{""currency"":[],""customary_unit"":[],""jurisdiction_placeholder"":[],""kr_institution"":[],""legal_conclusion"":[],""procedural"":[]}}}",pass,"{""source"":{""12"":1,""15"":1,""1959"":1,""1994"":1,""1998"":1,""23"":1,""31"":1,""6"":1,""8"":1},""target"":{""12"":1,""15"":1,""1959"":1,""1994"":1,""1998"":1,""23"":1,""31"":1,""6"":1,""8"":1}}",[],[],True,review,"[""Factual content is duplicated: the same loss of [PERSON_C]'s ownership share is asserted in consecutive statements.""]",False,False
KR_29de6fa2d32993658e,pass,pass,pass,pass,pass,"{""en"":{""hangul"":0,""latin"":350,""reason"":null,""status"":""pass""},""ko"":{""hangul"":106,""latin"":49,""reason"":null,""status"":""pass""}}",pass,"{""en"":[""[COMPANY_A]"",""[INSTITUTION_A]"",""[PERSON_A]""],""ko"":[""[COMPANY_A]"",""[INSTITUTION_A]"",""[PERSON_A]""],""status"":""pass""}",pass,"{""en"":{""duplicates"":[],""status"":""pass""},""ko"":{""duplicates"":[],""status"":""pass""}}",pass,pass,pass,"{""en"":{""jurisdiction_leakage_evidence"":[],""jurisdiction_leakage_status"":""pass"",""legal_leakage_evidence"":[],""legal_leakage_status"":""pass"",""procedural_leakage_status"":""pass"",""strict_leakage_evidence"":{""currency"":[],""customary_unit"":[],""jurisdiction_placeholder"":[],""kr_institution"":[],""legal_conclusion"":[],""procedural"":[]}},""ko"":{""jurisdiction_leakage_evidence"":[],""jurisdiction_leakage_status"":""pass"",""legal_leakage_evidence"":[],""legal_leakage_status"":""pass"",""procedural_leakage_status"":""pass"",""strict_leakage_evidence"":{""currency"":[],""customary_unit"":[],""jurisdiction_placeholder"":[],""kr_institution"":[],""legal_conclusion"":[],""procedural"":[]}}}",pass,"{""source"":{""19"":1,""19.5"":1,""2014"":2,""30"":1,""6"":2},""target"":{""19"":1,""19.5"":1,""2014"":2,""30"":1,""6"":2}}",[],[],True,pass,[],False,True
KR_2fbbb928c434a8f95b,pass,pass,pass,pass,pass,"{""en"":{""hangul"":0,""latin"":1475,""reason"":null,""status"":""pass""},""ko"":{""hangul"":434,""latin"":219,""reason"":null,""status"":""pass""}}",pass,"{""en"":[""[COMPANY_A]"",""[COMPANY_B]"",""[COMPANY_C]"",""[CURRENCY_AMOUNT_A]"",""[CURRENCY_AMOUNT_B]"",""[ORGANIZATION_A]"",""[PRODUCT_A]"",""[PRODUCT_B]"",""[PRODUCT_C]""],""ko"":[""[COMPANY_A]"",""[COMPANY_B]"",""[COMPANY_C]"",""[CURRENCY_AMOUNT_A]"",""[CURRENCY_AMOUNT_B]"",""[ORGANIZATION_A]"",""[PRODUCT_A]"",""[PRODUCT_B]"",""[PRODUCT_C]""],""status"":""pass""}",pass,"{""en"":{""duplicates"":[],""status"":""pass""},""ko"":{""duplicates"":[],""status"":""pass""}}",pass,pass,pass,"{""en"":{""jurisdiction_leakage_evidence"":[],""jurisdiction_leakage_status"":""pass"",""legal_leakage_evidence"":[],""legal_leakage_status"":""pass"",""procedural_leakage_status"":""pass"",""strict_leakage_evidence"":{""currency"":[],""customary_unit"":[],""jurisdiction_placeholder"":[],""kr_institution"":[],""legal_conclusion"":[],""procedural"":[]}},""ko"":{""jurisdiction_leakage_evidence"":[],""jurisdiction_leakage_status"":""pass"",""legal_leakage_evidence"":[],""legal_leakage_status"":""pass"",""procedural_leakage_status"":""pass"",""strict_leakage_evidence"":{""currency"":[],""customary_unit"":[],""jurisdiction_placeholder"":[],""kr_institution"":[],""legal_conclusion"":[],""procedural"":[]}}}",pass,"{""source"":{""1"":2,""10"":2,""19"":1,""1998"":1,""2000"":1,""2001"":1,""2011"":2,""26,332"":1,""29"":1,""3"":1,""31"":2,""34"":1,""4"":1,""48,000"":1},""target"":{""1"":2,""10"":2,""19"":1,""1998"":1,""2000"":1,""2001"":1,""2011"":2,""26,332"":1,""29"":1,""3"":1,""31"":2,""34"":1,""4"":1,""48,000"":1}}",[],[],True,review,"[""The English final text adds unsupported plaintiff/defendant designations that are absent from the corresponding source unit."",""The English final text retains litigation posture by identifying the plaintiff and defendant; this is excluded from a neutral factual record."",""The causal sequence from [PRODUCT_C]'s fracture to compressor-blade damage and then turbine-blade and upper-bearing-pad damage is stated twice in both languages."",""The Korean and English final texts are not fully substantively equivalent because the unsupported plaintiff/defendant sentence appears only in English.""]",False,False
KR_38f0a0551f52400584,pass,pass,pass,pass,pass,"{""en"":{""hangul"":0,""latin"":885,""reason"":null,""status"":""pass""},""ko"":{""hangul"":305,""latin"":83,""reason"":null,""status"":""pass""}}",pass,"{""en"":[""[ORGANIZATION_A]"",""[PERSON_A]"",""[PERSON_B]""],""ko"":[""[ORGANIZATION_A]"",""[PERSON_A]"",""[PERSON_B]""],""status"":""pass""}",pass,"{""en"":{""duplicates"":[],""status"":""pass""},""ko"":{""duplicates"":[],""status"":""pass""}}",pass,pass,pass,"{""en"":{""jurisdiction_leakage_evidence"":[],""jurisdiction_leakage_status"":""pass"",""legal_leakage_evidence"":[],""legal_leakage_status"":""pass"",""procedural_leakage_status"":""pass"",""strict_leakage_evidence"":{""currency"":[],""customary_unit"":[],""jurisdiction_placeholder"":[],""kr_institution"":[],""legal_conclusion"":[],""procedural"":[]}},""ko"":{""jurisdiction_leakage_evidence"":[],""jurisdiction_leakage_status"":""pass"",""legal_leakage_evidence"":[],""legal_leakage_status"":""pass"",""procedural_leakage_status"":""pass"",""strict_leakage_evidence"":{""currency"":[],""customary_unit"":[],""jurisdiction_placeholder"":[],""kr_institution"":[],""legal_conclusion"":[],""procedural"":[]}}}",fail,"{""source"":{""10"":1,""19"":1,""1993"":1,""3"":1,""9"":2},""target"":{""1"":1,""10"":1,""19"":1,""1993"":1,""3"":1,""9"":1}}",[],"[""numerical_unit_status""]",True,pass,[],False,True
KR_3bdfa18ada600372f2,pass,pass,pass,pass,pass,"{""en"":{""hangul"":0,""latin"":1082,""reason"":null,""status"":""pass""},""ko"":{""hangul"":342,""latin"":75,""reason"":null,""status"":""pass""}}",pass,"{""en"":[""[INSTITUTION_A]"",""[PERSON_A]"",""[PERSON_B]"",""[PERSON_C]""],""ko"":[""[INSTITUTION_A]"",""[PERSON_A]"",""[PERSON_B]"",""[PERSON_C]""],""status"":""pass""}",pass,"{""en"":{""duplicates"":[],""status"":""pass""},""ko"":{""duplicates"":[],""status"":""pass""}}",pass,pass,pass,"{""en"":{""jurisdiction_leakage_evidence"":[],""jurisdiction_leakage_status"":""pass"",""legal_leakage_evidence"":[],""legal_leakage_status"":""pass"",""procedural_leakage_status"":""pass"",""strict_leakage_evidence"":{""currency"":[],""customary_unit"":[],""jurisdiction_placeholder"":[],""kr_institution"":[],""legal_conclusion"":[],""procedural"":[]}},""ko"":{""jurisdiction_leakage_evidence"":[],""jurisdiction_leakage_status"":""pass"",""legal_leakage_evidence"":[],""legal_leakage_status"":""pass"",""procedural_leakage_status"":""pass"",""strict_leakage_evidence"":{""currency"":[],""customary_unit"":[],""jurisdiction_placeholder"":[],""kr_institution"":[],""legal_conclusion"":[],""procedural"":[]}}}",fail,"{""source"":{""03"":1,""12"":1,""15"":2,""2012"":3,""21"":2,""22"":1,""23"":1,""3"":1,""5"":1,""50"":1,""60"":1,""70"":1,""82"":1,""9"":3},""target"":{""00"":2,""03"":1,""12"":1,""15"":2,""2012"":3,""21"":2,""22"":1,""23"":1,""3"":1,""5"":1,""50"":1,""60"":1,""70"":1,""82"":1,""9"":3}}",[],"[""numerical_unit_status""]",True,pass,[],False,True
KR_3d251e8be01dc48a0b,pass,pass,pass,pass,pass,"{""en"":{""hangul"":0,""latin"":1949,""reason"":null,""status"":""pass""},""ko"":{""hangul"":508,""latin"":350,""reason"":null,""status"":""pass""}}",pass,"{""en"":[""[COMPANY_A]"",""[CURRENCY_AMOUNT_A]"",""[CURRENCY_AMOUNT_B]"",""[ORGANIZATION_A]"",""[ORGANIZATION_B]"",""[PERSON_A]"",""[PERSON_B]"",""[PERSON_C]"",""[PROPERTY_A]""],""ko"":[""[COMPANY_A]"",""[CURRENCY_AMOUNT_A]"",""[CURRENCY_AMOUNT_B]"",""[ORGANIZATION_A]"",""[ORGANIZATION_B]"",""[PERSON_A]"",""[PERSON_B]"",""[PERSON_C]"",""[PROPERTY_A]""],""status"":""pass""}",pass,"{""en"":{""duplicates"":[],""status"":""pass""},""ko"":{""duplicates"":[],""status"":""pass""}}",pass,pass,pass,"{""en"":{""jurisdiction_leakage_evidence"":[],""jurisdiction_leakage_status"":""pass"",""legal_leakage_evidence"":[],""legal_leakage_status"":""pass"",""procedural_leakage_status"":""pass"",""strict_leakage_evidence"":{""currency"":[],""customary_unit"":[],""jurisdiction_placeholder"":[],""kr_institution"":[],""legal_conclusion"":[],""procedural"":[]}},""ko"":{""jurisdiction_leakage_evidence"":[],""jurisdiction_leakage_status"":""pass"",""legal_leakage_evidence"":[],""legal_leakage_status"":""pass"",""procedural_leakage_status"":""pass"",""strict_leakage_evidence"":{""currency"":[],""customary_unit"":[],""jurisdiction_placeholder"":[],""kr_institution"":[],""legal_conclusion"":[],""procedural"":[]}}}",pass,"{""source"":{""19"":1,""2002"":1,""2006"":3,""28"":2,""4"":3,""5"":1,""8"":1,""9"":1},""target"":{""19"":1,""2002"":1,""2006"":3,""28"":2,""4"":3,""5"":1,""8"":1,""9"":1}}",[],[],True,pass,[],False,True
KR_3e400c529b48b85317,pass,pass,pass,pass,pass,"{""en"":{""hangul"":0,""latin"":2050,""reason"":null,""status"":""pass""},""ko"":{""hangul"":576,""latin"":298,""reason"":null,""status"":""pass""}}",pass,"{""en"":[""[INSTITUTION_A]"",""[INSTITUTION_B]"",""[PERSON_A]"",""[PERSON_B]"",""[PERSON_C]"",""[PRODUCT_A]""],""ko"":[""[INSTITUTION_A]"",""[INSTITUTION_B]"",""[PERSON_A]"",""[PERSON_B]"",""[PERSON_C]"",""[PRODUCT_A]""],""status"":""pass""}",pass,"{""en"":{""duplicates"":[],""status"":""pass""},""ko"":{""duplicates"":[],""status"":""pass""}}",pass,pass,pass,"{""en"":{""jurisdiction_leakage_evidence"":[],""jurisdiction_leakage_status"":""pass"",""legal_leakage_evidence"":[],""legal_leakage_status"":""pass"",""procedural_leakage_status"":""pass"",""strict_leakage_evidence"":{""currency"":[],""customary_unit"":[],""jurisdiction_placeholder"":[],""kr_institution"":[],""legal_conclusion"":[],""procedural"":[]}},""ko"":{""jurisdiction_leakage_evidence"":[],""jurisdiction_leakage_status"":""pass"",""legal_leakage_evidence"":[],""legal_leakage_status"":""pass"",""procedural_leakage_status"":""pass"",""strict_leakage_evidence"":{""currency"":[],""customary_unit"":[],""jurisdiction_placeholder"":[],""kr_institution"":[],""legal_conclusion"":[],""procedural"":[]}}}",fail,"{""source"":{""1"":2,""18"":1,""19"":1,""2"":2,""20"":1,""2011"":2,""21"":1,""22"":2,""32"":1,""4"":1,""43"":1,""45"":1,""5"":1,""50"":1,""55"":1,""7"":2},""target"":{""1"":3,""18"":1,""19"":1,""2"":4,""20"":1,""2011"":2,""21"":1,""22"":2,""32"":1,""4"":1,""43"":1,""45"":1,""5"":1,""50"":1,""55"":1,""7"":2}}",[],"[""numerical_unit_status""]",True,pass,[],False,True
KR_47079dcb1572fd2e34,pass,pass,pass,pass,pass,"{""en"":{""hangul"":0,""latin"":1764,""reason"":null,""status"":""pass""},""ko"":{""hangul"":517,""latin"":154,""reason"":null,""status"":""pass""}}",pass,"{""en"":[""[INSTITUTION_A]"",""[ORGANIZATION_A]"",""[PERSON_A]"",""[PERSON_C]"",""[PERSON_D]""],""ko"":[""[INSTITUTION_A]"",""[ORGANIZATION_A]"",""[PERSON_A]"",""[PERSON_C]"",""[PERSON_D]""],""status"":""pass""}",pass,"{""en"":{""duplicates"":[],""status"":""pass""},""ko"":{""duplicates"":[],""status"":""pass""}}",pass,pass,pass,"{""en"":{""jurisdiction_leakage_evidence"":[],""jurisdiction_leakage_status"":""pass"",""legal_leakage_evidence"":[],""legal_leakage_status"":""pass"",""procedural_leakage_status"":""pass"",""strict_leakage_evidence"":{""currency"":[],""customary_unit"":[],""jurisdiction_placeholder"":[],""kr_institution"":[],""legal_conclusion"":[],""procedural"":[]}},""ko"":{""jurisdiction_leakage_evidence"":[],""jurisdiction_leakage_status"":""pass"",""legal_leakage_evidence"":[],""legal_leakage_status"":""pass"",""procedural_leakage_status"":""pass"",""strict_leakage_evidence"":{""currency"":[],""customary_unit"":[],""jurisdiction_placeholder"":[],""kr_institution"":[],""legal_conclusion"":[],""procedural"":[]}}}",pass,"{""source"":{""1"":2,""14"":1,""17"":1,""1998"":2,""2"":1,""5"":1},""target"":{""1"":2,""14"":1,""17"":1,""1998"":2,""2"":1,""5"":1}}",[],[],True,review,"[""The final neutral facts retain a procedural litigation-posture statement rather than only underlying real-world facts.""]",False,False
KR_4a417b3e4eb96c19c1,pass,pass,pass,pass,pass,"{""en"":{""hangul"":0,""latin"":911,""reason"":null,""status"":""pass""},""ko"":{""hangul"":281,""latin"":112,""reason"":null,""status"":""pass""}}",pass,"{""en"":[""[COMPANY_A]"",""[PRODUCT_A]""],""ko"":[""[COMPANY_A]"",""[PRODUCT_A]""],""status"":""pass""}",pass,"{""en"":{""duplicates"":[],""status"":""pass""},""ko"":{""duplicates"":[],""status"":""pass""}}",pass,pass,pass,"{""en"":{""jurisdiction_leakage_evidence"":[],""jurisdiction_leakage_status"":""pass"",""legal_leakage_evidence"":[],""legal_leakage_status"":""pass"",""procedural_leakage_status"":""pass"",""strict_leakage_evidence"":{""currency"":[],""customary_unit"":[],""jurisdiction_placeholder"":[],""kr_institution"":[],""legal_conclusion"":[],""procedural"":[]}},""ko"":{""jurisdiction_leakage_evidence"":[],""jurisdiction_leakage_status"":""pass"",""legal_leakage_evidence"":[],""legal_leakage_status"":""pass"",""procedural_leakage_status"":""pass"",""strict_leakage_evidence"":{""currency"":[],""customary_unit"":[],""jurisdiction_placeholder"":[],""kr_institution"":[],""legal_conclusion"":[],""procedural"":[]}}}",pass,"{""source"":{},""target"":{}}",[],[],True,review,"[""Substantive factual content is duplicated in both languages, although the third sentence additionally provides general information about asbestos-related diseases.""]",False,False
KR_4b24e5a20e1f1ddead,pass,pass,pass,pass,pass,"{""en"":{""hangul"":0,""latin"":668,""reason"":null,""status"":""pass""},""ko"":{""hangul"":222,""latin"":73,""reason"":null,""status"":""pass""}}",pass,"{""en"":[""[INSTITUTION_A]"",""[INSTITUTION_B]"",""[ORGANIZATION_B]"",""[PERSON_A]"",""[VEHICLE_A]""],""ko"":[""[INSTITUTION_A]"",""[INSTITUTION_B]"",""[ORGANIZATION_B]"",""[PERSON_A]"",""[VEHICLE_A]""],""status"":""pass""}",pass,"{""en"":{""duplicates"":[],""status"":""pass""},""ko"":{""duplicates"":[],""status"":""pass""}}",pass,pass,pass,"{""en"":{""jurisdiction_leakage_evidence"":[],""jurisdiction_leakage_status"":""pass"",""legal_leakage_evidence"":[],""legal_leakage_status"":""pass"",""procedural_leakage_status"":""pass"",""strict_leakage_evidence"":{""currency"":[],""customary_unit"":[],""jurisdiction_placeholder"":[],""kr_institution"":[],""legal_conclusion"":[],""procedural"":[]}},""ko"":{""jurisdiction_leakage_evidence"":[],""jurisdiction_leakage_status"":""pass"",""legal_leakage_evidence"":[],""legal_leakage_status"":""pass"",""procedural_leakage_status"":""pass"",""strict_leakage_evidence"":{""currency"":[],""customary_unit"":[],""jurisdiction_placeholder"":[],""kr_institution"":[],""legal_conclusion"":[],""procedural"":[]}}}",fail,"{""source"":{""0.055"":1,""0.078"":1,""1"":1,""12"":1,""2004"":1,""22"":2,""23"":1,""3"":2,""30"":1,""43"":1,""55"":1},""target"":{""0.055"":1,""0.078"":1,""1"":2,""12"":1,""2004"":1,""22"":2,""23"":1,""3"":2,""30"":1,""43"":1,""55"":1}}",[],"[""numerical_unit_status""]",True,pass,[],False,True
KR_4e2107bebbe71bff1d,pass,pass,pass,pass,pass,"{""en"":{""hangul"":0,""latin"":495,""reason"":null,""status"":""pass""},""ko"":{""hangul"":179,""latin"":14,""reason"":null,""status"":""pass""}}",pass,"{""en"":[""[PERSON_A]"",""[PERSON_B]""],""ko"":[""[PERSON_A]"",""[PERSON_B]""],""status"":""pass""}",pass,"{""en"":{""duplicates"":[],""status"":""pass""},""ko"":{""duplicates"":[],""status"":""pass""}}",pass,pass,pass,"{""en"":{""jurisdiction_leakage_evidence"":[],""jurisdiction_leakage_status"":""pass"",""legal_leakage_evidence"":[],""legal_leakage_status"":""pass"",""procedural_leakage_status"":""pass"",""strict_leakage_evidence"":{""currency"":[],""customary_unit"":[],""jurisdiction_placeholder"":[],""kr_institution"":[],""legal_conclusion"":[],""procedural"":[]}},""ko"":{""jurisdiction_leakage_evidence"":[],""jurisdiction_leakage_status"":""pass"",""legal_leakage_evidence"":[],""legal_leakage_status"":""pass"",""procedural_leakage_status"":""pass"",""strict_leakage_evidence"":{""currency"":[],""customary_unit"":[],""jurisdiction_placeholder"":[],""kr_institution"":[],""legal_conclusion"":[],""procedural"":[]}}}",pass,"{""source"":{},""target"":{}}",[],[],True,pass,[],False,True
KR_4ea4b7c552d041ba9e,pass,pass,pass,pass,pass,"{""en"":{""hangul"":0,""latin"":1913,""reason"":null,""status"":""pass""},""ko"":{""hangul"":509,""latin"":406,""reason"":null,""status"":""pass""}}",pass,"{""en"":[""[COMPANY_A]"",""[COMPANY_B]"",""[CURRENCY_AMOUNT_A]"",""[PERSON_A]"",""[PERSON_B]"",""[PERSON_C]"",""[PERSON_D]"",""[PERSON_E]"",""[PERSON_F]"",""[PERSON_G]"",""[PERSON_H]"",""[PERSON_I]"",""[PERSON_J]"",""[PERSON_K]"",""[PERSON_L]"",""[PERSON_M]"",""[PERSON_N]"",""[PERSON_O]"",""[PROPERTY_A]""],""ko"":[""[COMPANY_A]"",""[COMPANY_B]"",""[CURRENCY_AMOUNT_A]"",""[PERSON_A]"",""[PERSON_B]"",""[PERSON_C]"",""[PERSON_D]"",""[PERSON_E]"",""[PERSON_F]"",""[PERSON_G]"",""[PERSON_H]"",""[PERSON_I]"",""[PERSON_J]"",""[PERSON_K]"",""[PERSON_L]"",""[PERSON_M]"",""[PERSON_N]"",""[PERSON_O]"",""[PROPERTY_A]""],""status"":""pass""}",pass,"{""en"":{""duplicates"":[],""status"":""pass""},""ko"":{""duplicates"":[],""status"":""pass""}}",pass,pass,pass,"{""en"":{""jurisdiction_leakage_evidence"":[],""jurisdiction_leakage_status"":""pass"",""legal_leakage_evidence"":[],""legal_leakage_status"":""pass"",""procedural_leakage_status"":""pass"",""strict_leakage_evidence"":{""currency"":[],""customary_unit"":[],""jurisdiction_placeholder"":[],""kr_institution"":[],""legal_conclusion"":[],""procedural"":[]}},""ko"":{""jurisdiction_leakage_evidence"":[],""jurisdiction_leakage_status"":""pass"",""legal_leakage_evidence"":[],""legal_leakage_status"":""pass"",""procedural_leakage_status"":""pass"",""strict_leakage_evidence"":{""currency"":[],""customary_unit"":[],""jurisdiction_placeholder"":[],""kr_institution"":[],""legal_conclusion"":[],""procedural"":[]}}}",pass,"{""source"":{""12"":1,""1998"":1,""1999"":1,""22"":1,""26"":1,""46"":1,""5"":1},""target"":{""12"":1,""1998"":1,""1999"":1,""22"":1,""26"":1,""46"":1,""5"":1}}",[],[],True,pass,[],False,True
KR_517073e205fb216efb,pass,pass,pass,pass,pass,"{""en"":{""hangul"":0,""latin"":1132,""reason"":null,""status"":""pass""},""ko"":{""hangul"":300,""latin"":232,""reason"":null,""status"":""pass""}}",pass,"{""en"":[""[COMPANY_A]"",""[COMPANY_B]"",""[COMPANY_C]"",""[CURRENCY_AMOUNT_A]"",""[CURRENCY_AMOUNT_B]"",""[PERSON_A]"",""[PERSON_B]"",""[PERSON_C]""],""ko"":[""[COMPANY_A]"",""[COMPANY_B]"",""[COMPANY_C]"",""[CURRENCY_AMOUNT_A]"",""[CURRENCY_AMOUNT_B]"",""[PERSON_A]"",""[PERSON_B]"",""[PERSON_C]""],""status"":""pass""}",pass,"{""en"":{""duplicates"":[],""status"":""pass""},""ko"":{""duplicates"":[],""status"":""pass""}}",pass,pass,pass,"{""en"":{""jurisdiction_leakage_evidence"":[],""jurisdiction_leakage_status"":""pass"",""legal_leakage_evidence"":[],""legal_leakage_status"":""pass"",""procedural_leakage_status"":""pass"",""strict_leakage_evidence"":{""currency"":[],""customary_unit"":[],""jurisdiction_placeholder"":[],""kr_institution"":[],""legal_conclusion"":[],""procedural"":[]}},""ko"":{""jurisdiction_leakage_evidence"":[],""jurisdiction_leakage_status"":""pass"",""legal_leakage_evidence"":[],""legal_leakage_status"":""pass"",""procedural_leakage_status"":""pass"",""strict_leakage_evidence"":{""currency"":[],""customary_unit"":[],""jurisdiction_placeholder"":[],""kr_institution"":[],""legal_conclusion"":[],""procedural"":[]}}}",pass,"{""source"":{""12"":1,""1998"":1,""21"":1},""target"":{""12"":1,""1998"":1,""21"":1}}",[],[],True,review,"[""The final text retains the legal conclusion that the order did not take effect."",""The English translation of the quoted document title materially renders 결정정본 as “original decision” rather than a certified/authenticated copy of the decision.""]",False,False
KR_5b6e230014dd4d5663,pass,pass,pass,pass,pass,"{""en"":{""hangul"":0,""latin"":1898,""reason"":null,""status"":""pass""},""ko"":{""hangul"":549,""latin"":259,""reason"":null,""status"":""pass""}}",pass,"{""en"":[""[COMPANY_A]"",""[LOCATION_A]"",""[LOCATION_B]"",""[LOCATION_C]"",""[PERSON_A]"",""[PERSON_B]"",""[VEHICLE_A]""],""ko"":[""[COMPANY_A]"",""[LOCATION_A]"",""[LOCATION_B]"",""[LOCATION_C]"",""[PERSON_A]"",""[PERSON_B]"",""[VEHICLE_A]""],""status"":""pass""}",pass,"{""en"":{""duplicates"":[],""status"":""pass""},""ko"":{""duplicates"":[],""status"":""pass""}}",pass,pass,pass,"{""en"":{""jurisdiction_leakage_evidence"":[],""jurisdiction_leakage_status"":""pass"",""legal_leakage_evidence"":[],""legal_leakage_status"":""pass"",""procedural_leakage_status"":""pass"",""strict_leakage_evidence"":{""currency"":[],""customary_unit"":[],""jurisdiction_placeholder"":[],""kr_institution"":[],""legal_conclusion"":[],""procedural"":[]}},""ko"":{""jurisdiction_leakage_evidence"":[],""jurisdiction_leakage_status"":""pass"",""legal_leakage_evidence"":[],""legal_leakage_status"":""pass"",""procedural_leakage_status"":""pass"",""strict_leakage_evidence"":{""currency"":[],""customary_unit"":[],""jurisdiction_placeholder"":[],""kr_institution"":[],""legal_conclusion"":[],""procedural"":[]}}}",pass,"{""source"":{""10"":3,""128.7"":1,""160.9"":1,""2018"":1,""300"":1,""321.9"":1,""4"":1,""5"":1,""50"":2,""66"":1},""target"":{""10"":3,""128.7"":1,""160.9"":1,""2018"":1,""300"":1,""321.9"":1,""4"":1,""5"":1,""50"":2,""66"":1}}",[],[],True,review,"[""Litigation posture and legal/evidentiary framing are retained in both languages, including plaintiffs' claim, burden of proof, and the conclusion that the evidence did not exclude incorrect pedal operation."",""The final text duplicates the same death event in consecutive sentences.""]",False,False
KR_5be8caa54d55da9c2d,pass,pass,pass,pass,pass,"{""en"":{""hangul"":0,""latin"":1186,""reason"":null,""status"":""pass""},""ko"":{""hangul"":337,""latin"":104,""reason"":null,""status"":""pass""}}",pass,"{""en"":[""[ORGANIZATION_A]"",""[PERSON_A]"",""[PERSON_B]""],""ko"":[""[ORGANIZATION_A]"",""[PERSON_A]"",""[PERSON_B]""],""status"":""pass""}",pass,"{""en"":{""duplicates"":[],""status"":""pass""},""ko"":{""duplicates"":[],""status"":""pass""}}",pass,pass,pass,"{""en"":{""jurisdiction_leakage_evidence"":[],""jurisdiction_leakage_status"":""pass"",""legal_leakage_evidence"":[],""legal_leakage_status"":""pass"",""procedural_leakage_status"":""pass"",""strict_leakage_evidence"":{""currency"":[],""customary_unit"":[],""jurisdiction_placeholder"":[],""kr_institution"":[],""legal_conclusion"":[],""procedural"":[]}},""ko"":{""jurisdiction_leakage_evidence"":[],""jurisdiction_leakage_status"":""pass"",""legal_leakage_evidence"":[],""legal_leakage_status"":""pass"",""procedural_leakage_status"":""pass"",""strict_leakage_evidence"":{""currency"":[],""customary_unit"":[],""jurisdiction_placeholder"":[],""kr_institution"":[],""legal_conclusion"":[],""procedural"":[]}}}",pass,"{""source"":{""00"":1,""05"":1,""16"":2,""20"":1},""target"":{""00"":1,""05"":1,""16"":2,""20"":1}}",[],[],True,pass,[],False,True
KR_5beca7bd705b05bb94,pass,pass,pass,pass,pass,"{""en"":{""hangul"":0,""latin"":285,""reason"":null,""status"":""pass""},""ko"":{""hangul"":81,""latin"":28,""reason"":null,""status"":""pass""}}",pass,"{""en"":[""[PERSON_A]"",""[PERSON_B]""],""ko"":[""[PERSON_A]"",""[PERSON_B]""],""status"":""pass""}",pass,"{""en"":{""duplicates"":[],""status"":""pass""},""ko"":{""duplicates"":[],""status"":""pass""}}",pass,pass,pass,"{""en"":{""jurisdiction_leakage_evidence"":[],""jurisdiction_leakage_status"":""pass"",""legal_leakage_evidence"":[],""legal_leakage_status"":""pass"",""procedural_leakage_status"":""pass"",""strict_leakage_evidence"":{""currency"":[],""customary_unit"":[],""jurisdiction_placeholder"":[],""kr_institution"":[],""legal_conclusion"":[],""procedural"":[]}},""ko"":{""jurisdiction_leakage_evidence"":[],""jurisdiction_leakage_status"":""pass"",""legal_leakage_evidence"":[],""legal_leakage_status"":""pass"",""procedural_leakage_status"":""pass"",""strict_leakage_evidence"":{""currency"":[],""customary_unit"":[],""jurisdiction_placeholder"":[],""kr_institution"":[],""legal_conclusion"":[],""procedural"":[]}}}",pass,"{""source"":{},""target"":{}}",[],[],True,review,"[""The English final text adds unsupported litigation roles and retains litigation posture: plaintiff and defendants."",""The Korean final text omits the plaintiff/defendant statement present in the English final text, so the bilingual records are not substantively equivalent."",""The English text duplicates the causal relationship between steroid medication and avascular osteonecrosis.""]",False,False
KR_5ebeddec620aad3412,pass,pass,pass,pass,pass,"{""en"":{""hangul"":0,""latin"":1010,""reason"":null,""status"":""pass""},""ko"":{""hangul"":305,""latin"":185,""reason"":null,""status"":""pass""}}",pass,"{""en"":[""[LOCATION_A]"",""[LOCATION_B]"",""[LOCATION_C]"",""[LOCATION_D]"",""[PERSON_A]"",""[PERSON_B]"",""[VEHICLE_A]"",""[VEHICLE_B]""],""ko"":[""[LOCATION_A]"",""[LOCATION_B]"",""[LOCATION_C]"",""[LOCATION_D]"",""[PERSON_A]"",""[PERSON_B]"",""[VEHICLE_A]"",""[VEHICLE_B]""],""status"":""pass""}",pass,"{""en"":{""duplicates"":[],""status"":""pass""},""ko"":{""duplicates"":[],""status"":""pass""}}",pass,pass,pass,"{""en"":{""jurisdiction_leakage_evidence"":[],""jurisdiction_leakage_status"":""pass"",""legal_leakage_evidence"":[],""legal_leakage_status"":""pass"",""procedural_leakage_status"":""pass"",""strict_leakage_evidence"":{""currency"":[],""customary_unit"":[],""jurisdiction_placeholder"":[],""kr_institution"":[],""legal_conclusion"":[],""procedural"":[]}},""ko"":{""jurisdiction_leakage_evidence"":[],""jurisdiction_leakage_status"":""pass"",""legal_leakage_evidence"":[],""legal_leakage_status"":""pass"",""procedural_leakage_status"":""pass"",""strict_leakage_evidence"":{""currency"":[],""customary_unit"":[],""jurisdiction_placeholder"":[],""kr_institution"":[],""legal_conclusion"":[],""procedural"":[]}}}",pass,"{""source"":{""30"":1},""target"":{""30"":1}}",[],[],True,review,"[""Substantive factual content is duplicated in both final-language versions: the fall and ulna-fracture injury are reported once as an event and again in the causal explanation.""]",False,False
KR_60ac72230335410754,pass,pass,pass,pass,pass,"{""en"":{""hangul"":0,""latin"":1888,""reason"":null,""status"":""pass""},""ko"":{""hangul"":544,""latin"":122,""reason"":null,""status"":""pass""}}",pass,"{""en"":[""[COMPANY_A]"",""[PERSON_A]"",""[PERSON_B]"",""[VEHICLE_A]""],""ko"":[""[COMPANY_A]"",""[PERSON_A]"",""[PERSON_B]"",""[VEHICLE_A]""],""status"":""pass""}",pass,"{""en"":{""duplicates"":[],""status"":""pass""},""ko"":{""duplicates"":[],""status"":""pass""}}",pass,pass,pass,"{""en"":{""jurisdiction_leakage_evidence"":[],""jurisdiction_leakage_status"":""pass"",""legal_leakage_evidence"":[],""legal_leakage_status"":""pass"",""procedural_leakage_status"":""pass"",""strict_leakage_evidence"":{""currency"":[],""customary_unit"":[],""jurisdiction_placeholder"":[],""kr_institution"":[],""legal_conclusion"":[],""procedural"":[]}},""ko"":{""jurisdiction_leakage_evidence"":[],""jurisdiction_leakage_status"":""pass"",""legal_leakage_evidence"":[],""legal_leakage_status"":""pass"",""procedural_leakage_status"":""pass"",""strict_leakage_evidence"":{""currency"":[],""customary_unit"":[],""jurisdiction_placeholder"":[],""kr_institution"":[],""legal_conclusion"":[],""procedural"":[]}}}",pass,"{""source"":{""1"":3,""12"":1,""13"":1,""1992"":1,""1999"":1,""2"":2,""3"":3,""35"":1,""5"":1,""6"":1,""7"":1,""7.15"":1,""8"":2},""target"":{""1"":3,""12"":1,""13"":1,""1992"":1,""1999"":1,""2"":2,""3"":3,""35"":1,""5"":1,""6"":1,""7"":1,""7.15"":1,""8"":2}}",[],[],True,review,"[""Substantive injury content is duplicated in both language versions, reducing factual concision.""]",False,False
KR_61112d3135e80de786,pass,pass,pass,pass,pass,"{""en"":{""hangul"":0,""latin"":617,""reason"":null,""status"":""pass""},""ko"":{""hangul"":152,""latin"":95,""reason"":null,""status"":""pass""}}",pass,"{""en"":[""[COMPANY_A]"",""[PERSON_A]"",""[PERSON_B]"",""[PERSON_C]""],""ko"":[""[COMPANY_A]"",""[PERSON_A]"",""[PERSON_B]"",""[PERSON_C]""],""status"":""pass""}",pass,"{""en"":{""duplicates"":[],""status"":""pass""},""ko"":{""duplicates"":[],""status"":""pass""}}",pass,pass,pass,"{""en"":{""jurisdiction_leakage_evidence"":[],""jurisdiction_leakage_status"":""pass"",""legal_leakage_evidence"":[],""legal_leakage_status"":""pass"",""procedural_leakage_status"":""pass"",""strict_leakage_evidence"":{""currency"":[],""customary_unit"":[],""jurisdiction_placeholder"":[],""kr_institution"":[],""legal_conclusion"":[],""procedural"":[]}},""ko"":{""jurisdiction_leakage_evidence"":[],""jurisdiction_leakage_status"":""pass"",""legal_leakage_evidence"":[],""legal_leakage_status"":""pass"",""procedural_leakage_status"":""pass"",""strict_leakage_evidence"":{""currency"":[],""customary_unit"":[],""jurisdiction_placeholder"":[],""kr_institution"":[],""legal_conclusion"":[],""procedural"":[]}}}",pass,"{""source"":{},""target"":{}}",[],[],True,review,"[""The English final text contains an unsupported causal attribution to the aircraft crew's conduct."",""The Korean and English final texts are not substantively equivalent because the causal-attribution sentence appears only in English."",""The majority-passenger-deaths fact is duplicated in the English text.""]",False,False
KR_644078b169f572b0fe,pass,pass,pass,pass,pass,"{""en"":{""hangul"":0,""latin"":693,""reason"":null,""status"":""pass""},""ko"":{""hangul"":130,""latin"":88,""reason"":null,""status"":""pass""}}",pass,"{""en"":[""[COMPANY_A]"",""[COMPANY_B]"",""[COMPANY_C]"",""[PRODUCT_A]""],""ko"":[""[COMPANY_A]"",""[COMPANY_B]"",""[COMPANY_C]"",""[PRODUCT_A]""],""status"":""pass""}",pass,"{""en"":{""duplicates"":[],""status"":""pass""},""ko"":{""duplicates"":[],""status"":""pass""}}",pass,pass,pass,"{""en"":{""jurisdiction_leakage_evidence"":[],""jurisdiction_leakage_status"":""pass"",""legal_leakage_evidence"":[],""legal_leakage_status"":""pass"",""procedural_leakage_status"":""pass"",""strict_leakage_evidence"":{""currency"":[],""customary_unit"":[],""jurisdiction_placeholder"":[],""kr_institution"":[],""legal_conclusion"":[],""procedural"":[]}},""ko"":{""jurisdiction_leakage_evidence"":[],""jurisdiction_leakage_status"":""pass"",""legal_leakage_evidence"":[],""legal_leakage_status"":""pass"",""procedural_leakage_status"":""pass"",""strict_leakage_evidence"":{""currency"":[],""customary_unit"":[],""jurisdiction_placeholder"":[],""kr_institution"":[],""legal_conclusion"":[],""procedural"":[]}}}",fail,"{""source"":{""1"":2,""11"":2,""2016"":4,""2017"":1,""23"":1,""3"":1,""57"":1},""target"":{""1"":1,""11"":1,""2016"":5,""2017"":1,""23"":1,""3"":1,""57"":1,""70"":1}}",[],"[""numerical_unit_status""]",True,review,"[""The English final text contains unsupported litigation-role information (plaintiff/defendant)."",""The English final text contains an unsupported court assessment and 70% profit allocation."",""The two languages are not fully semantically equivalent because English omits the source's November qualification for the start of the other-product sales period."",""The Korean final text is not independently clear at the fragment \""1. 이후\"" and the incomplete date \""2016.\""; the same underlying source fragment is also ambiguous.""]",True,False
KR_6623c47ec5cdef48bc,pass,pass,pass,pass,pass,"{""en"":{""hangul"":0,""latin"":862,""reason"":null,""status"":""pass""},""ko"":{""hangul"":265,""latin"":133,""reason"":null,""status"":""pass""}}",pass,"{""en"":[""[COMPANY_A]"",""[ORGANIZATION_A]"",""[PERSON_A]"",""[PERSON_B]"",""[PERSON_C]"",""[PERSON_D]"",""[PERSON_E]""],""ko"":[""[COMPANY_A]"",""[ORGANIZATION_A]"",""[PERSON_A]"",""[PERSON_B]"",""[PERSON_C]"",""[PERSON_D]"",""[PERSON_E]""],""status"":""pass""}",pass,"{""en"":{""duplicates"":[],""status"":""pass""},""ko"":{""duplicates"":[],""status"":""pass""}}",pass,pass,pass,"{""en"":{""jurisdiction_leakage_evidence"":[],""jurisdiction_leakage_status"":""pass"",""legal_leakage_evidence"":[],""legal_leakage_status"":""pass"",""procedural_leakage_status"":""pass"",""strict_leakage_evidence"":{""currency"":[],""customary_unit"":[],""jurisdiction_placeholder"":[],""kr_institution"":[],""legal_conclusion"":[],""procedural"":[]}},""ko"":{""jurisdiction_leakage_evidence"":[],""jurisdiction_leakage_status"":""pass"",""legal_leakage_evidence"":[],""legal_leakage_status"":""pass"",""procedural_leakage_status"":""pass"",""strict_leakage_evidence"":{""currency"":[],""customary_unit"":[],""jurisdiction_placeholder"":[],""kr_institution"":[],""legal_conclusion"":[],""procedural"":[]}}}",pass,"{""source"":{""1"":2,""10"":2,""12"":1,""14"":1,""1996"":2,""1997"":3,""27"":1,""3"":1,""5"":1,""6"":1,""60"":1,""7"":1},""target"":{""1"":2,""10"":2,""12"":1,""14"":1,""1996"":2,""1997"":3,""27"":1,""3"":1,""5"":1,""6"":1,""60"":1,""7"":1}}",[],[],True,pass,[],False,True
KR_68e0deec401c3edd58,pass,pass,pass,pass,pass,"{""en"":{""hangul"":0,""latin"":1674,""reason"":null,""status"":""pass""},""ko"":{""hangul"":409,""latin"":367,""reason"":null,""status"":""pass""}}",pass,"{""en"":[""[COMPANY_A]"",""[COMPANY_B]"",""[CURRENCY_AMOUNT_A]"",""[PERSON_A]"",""[PERSON_B]"",""[PERSON_C]"",""[PERSON_D]"",""[PERSON_E]"",""[PROPERTY_A]""],""ko"":[""[COMPANY_A]"",""[COMPANY_B]"",""[CURRENCY_AMOUNT_A]"",""[PERSON_A]"",""[PERSON_B]"",""[PERSON_C]"",""[PERSON_D]"",""[PERSON_E]"",""[PROPERTY_A]""],""status"":""pass""}",pass,"{""en"":{""duplicates"":[],""status"":""pass""},""ko"":{""duplicates"":[],""status"":""pass""}}",pass,pass,pass,"{""en"":{""jurisdiction_leakage_evidence"":[],""jurisdiction_leakage_status"":""pass"",""legal_leakage_evidence"":[],""legal_leakage_status"":""pass"",""procedural_leakage_status"":""pass"",""strict_leakage_evidence"":{""currency"":[],""customary_unit"":[],""jurisdiction_placeholder"":[],""kr_institution"":[],""legal_conclusion"":[],""procedural"":[]}},""ko"":{""jurisdiction_leakage_evidence"":[],""jurisdiction_leakage_status"":""pass"",""legal_leakage_evidence"":[],""legal_leakage_status"":""pass"",""procedural_leakage_status"":""pass"",""strict_leakage_evidence"":{""currency"":[],""customary_unit"":[],""jurisdiction_placeholder"":[],""kr_institution"":[],""legal_conclusion"":[],""procedural"":[]}}}",fail,"{""source"":{},""target"":{""1"":1}}",[],"[""numerical_unit_status""]",True,review,"[""The final record contains duplicated substantive factual content regarding [COMPANY_A]'s exclusion from the distribution and nonreceipt of [CURRENCY_AMOUNT_A].""]",False,False
KR_6c7baac3a6e3991c4e,pass,pass,pass,pass,pass,"{""en"":{""hangul"":0,""latin"":1751,""reason"":null,""status"":""pass""},""ko"":{""hangul"":564,""latin"":103,""reason"":null,""status"":""pass""}}",pass,"{""en"":[""[LOCATION_A]"",""[ORGANIZATION_A]"",""[PERSON_A]"",""[PERSON_D]"",""[VEHICLE_A]"",""[VEHICLE_B]""],""ko"":[""[LOCATION_A]"",""[ORGANIZATION_A]"",""[PERSON_A]"",""[PERSON_D]"",""[VEHICLE_A]"",""[VEHICLE_B]""],""status"":""pass""}",pass,"{""en"":{""duplicates"":[],""status"":""pass""},""ko"":{""duplicates"":[],""status"":""pass""}}",pass,pass,pass,"{""en"":{""jurisdiction_leakage_evidence"":[],""jurisdiction_leakage_status"":""pass"",""legal_leakage_evidence"":[],""legal_leakage_status"":""pass"",""procedural_leakage_status"":""pass"",""strict_leakage_evidence"":{""currency"":[],""customary_unit"":[],""jurisdiction_placeholder"":[],""kr_institution"":[],""legal_conclusion"":[],""procedural"":[]}},""ko"":{""jurisdiction_leakage_evidence"":[],""jurisdiction_leakage_status"":""pass"",""legal_leakage_evidence"":[],""legal_leakage_status"":""pass"",""procedural_leakage_status"":""pass"",""strict_leakage_evidence"":{""currency"":[],""customary_unit"":[],""jurisdiction_placeholder"":[],""kr_institution"":[],""legal_conclusion"":[],""procedural"":[]}}}",fail,"{""source"":{""1"":1,""100"":1,""18"":1,""2"":2,""300"":1,""4,000"":1,""9.6"":1},""target"":{""1"":1,""100"":1,""18"":1,""2"":2,""3"":1,""300"":1,""4,000"":1,""9.6"":1}}",[],"[""numerical_unit_status""]",True,review,"[""Litigation posture is retained in both languages through the statement that the entities were parties to the matter."",""The vehicle impact, sliding, and collision with [VEHICLE_B] are redundantly stated twice.""]",False,False
KR_6e91996913ed443be6,pass,pass,pass,pass,pass,"{""en"":{""hangul"":0,""latin"":1137,""reason"":null,""status"":""pass""},""ko"":{""hangul"":326,""latin"":215,""reason"":null,""status"":""pass""}}",pass,"{""en"":[""[COMPANY_A]"",""[COMPANY_B]"",""[COMPANY_C]"",""[COMPANY_D]"",""[COMPANY_E]"",""[CURRENCY_AMOUNT_A]"",""[PRODUCT_A]""],""ko"":[""[COMPANY_A]"",""[COMPANY_B]"",""[COMPANY_C]"",""[COMPANY_D]"",""[COMPANY_E]"",""[CURRENCY_AMOUNT_A]"",""[PRODUCT_A]""],""status"":""pass""}",pass,"{""en"":{""duplicates"":[],""status"":""pass""},""ko"":{""duplicates"":[],""status"":""pass""}}",pass,pass,pass,"{""en"":{""jurisdiction_leakage_evidence"":[],""jurisdiction_leakage_status"":""pass"",""legal_leakage_evidence"":[],""legal_leakage_status"":""pass"",""procedural_leakage_status"":""pass"",""strict_leakage_evidence"":{""currency"":[],""customary_unit"":[],""jurisdiction_placeholder"":[],""kr_institution"":[],""legal_conclusion"":[],""procedural"":[]}},""ko"":{""jurisdiction_leakage_evidence"":[],""jurisdiction_leakage_status"":""pass"",""legal_leakage_evidence"":[],""legal_leakage_status"":""pass"",""procedural_leakage_status"":""pass"",""strict_leakage_evidence"":{""currency"":[],""customary_unit"":[],""jurisdiction_placeholder"":[],""kr_institution"":[],""legal_conclusion"":[],""procedural"":[]}}}",pass,"{""source"":{""1"":2,""12"":2,""18"":1,""2"":1,""2003"":1,""2006"":2,""2007"":2,""22"":1,""3"":1,""4"":1,""40"":2,""5"":1,""8"":2,""9"":2},""target"":{""1"":2,""12"":2,""18"":1,""2"":1,""2003"":1,""2006"":2,""2007"":2,""22"":1,""3"":1,""4"":1,""40"":2,""5"":1,""8"":2,""9"":2}}",[],[],True,pass,[],False,True
KR_78134d127e8ed36369,pass,pass,pass,pass,pass,"{""en"":{""hangul"":0,""latin"":1071,""reason"":null,""status"":""pass""},""ko"":{""hangul"":266,""latin"":258,""reason"":null,""status"":""pass""}}",pass,"{""en"":[""[COMPANY_A]"",""[CURRENCY_AMOUNT_A]"",""[CURRENCY_AMOUNT_B]"",""[LOCATION_A]"",""[PERSON_A]"",""[PERSON_B]"",""[PERSON_C]"",""[PERSON_D]"",""[PERSON_E]"",""[PROPERTY_A]""],""ko"":[""[COMPANY_A]"",""[CURRENCY_AMOUNT_A]"",""[CURRENCY_AMOUNT_B]"",""[LOCATION_A]"",""[PERSON_A]"",""[PERSON_B]"",""[PERSON_C]"",""[PERSON_D]"",""[PERSON_E]"",""[PROPERTY_A]""],""status"":""pass""}",pass,"{""en"":{""duplicates"":[],""status"":""pass""},""ko"":{""duplicates"":[],""status"":""pass""}}",pass,pass,pass,"{""en"":{""jurisdiction_leakage_evidence"":[],""jurisdiction_leakage_status"":""pass"",""legal_leakage_evidence"":[],""legal_leakage_status"":""pass"",""procedural_leakage_status"":""pass"",""strict_leakage_evidence"":{""currency"":[],""customary_unit"":[],""jurisdiction_placeholder"":[],""kr_institution"":[],""legal_conclusion"":[],""procedural"":[]}},""ko"":{""jurisdiction_leakage_evidence"":[],""jurisdiction_leakage_status"":""pass"",""legal_leakage_evidence"":[],""legal_leakage_status"":""pass"",""procedural_leakage_status"":""pass"",""strict_leakage_evidence"":{""currency"":[],""customary_unit"":[],""jurisdiction_placeholder"":[],""kr_institution"":[],""legal_conclusion"":[],""procedural"":[]}}}",pass,"{""source"":{""16"":1,""1996"":2,""3"":1,""7"":2},""target"":{""16"":1,""1996"":2,""3"":1,""7"":2}}",[],[],True,review,"[""The final neutral text retains litigation/procedural dispositions, including withdrawal of provisional measures and withdrawal of a complaint.""]",False,False
KR_7be1ae9174eea5f5f2,pass,pass,pass,pass,pass,"{""en"":{""hangul"":0,""latin"":709,""reason"":null,""status"":""pass""},""ko"":{""hangul"":197,""latin"":159,""reason"":null,""status"":""pass""}}",pass,"{""en"":[""[COMPANY_A]"",""[COMPANY_B]"",""[COMPANY_C]"",""[COMPANY_D]"",""[LOCATION_A]"",""[PERSON_A]"",""[PERSON_B]"",""[VEHICLE_A]""],""ko"":[""[COMPANY_A]"",""[COMPANY_B]"",""[COMPANY_C]"",""[COMPANY_D]"",""[LOCATION_A]"",""[PERSON_A]"",""[PERSON_B]"",""[VEHICLE_A]""],""status"":""pass""}",pass,"{""en"":{""duplicates"":[],""status"":""pass""},""ko"":{""duplicates"":[],""status"":""pass""}}",pass,pass,pass,"{""en"":{""jurisdiction_leakage_evidence"":[],""jurisdiction_leakage_status"":""pass"",""legal_leakage_evidence"":[],""legal_leakage_status"":""pass"",""procedural_leakage_status"":""pass"",""strict_leakage_evidence"":{""currency"":[],""customary_unit"":[],""jurisdiction_placeholder"":[],""kr_institution"":[],""legal_conclusion"":[],""procedural"":[]}},""ko"":{""jurisdiction_leakage_evidence"":[],""jurisdiction_leakage_status"":""pass"",""legal_leakage_evidence"":[],""legal_leakage_status"":""pass"",""procedural_leakage_status"":""pass"",""strict_leakage_evidence"":{""currency"":[],""customary_unit"":[],""jurisdiction_placeholder"":[],""kr_institution"":[],""legal_conclusion"":[],""procedural"":[]}}}",pass,"{""source"":{""100"":1,""115"":1},""target"":{""100"":1,""115"":1}}",[],[],True,pass,[],False,True
KR_7f8df551c38264fcbe,pass,pass,pass,pass,pass,"{""en"":{""hangul"":0,""latin"":954,""reason"":null,""status"":""pass""},""ko"":{""hangul"":264,""latin"":174,""reason"":null,""status"":""pass""}}",pass,"{""en"":[""[ORGANIZATION_A]"",""[PERSON_A]"",""[PERSON_C]"",""[PERSON_F]"",""[PERSON_I]"",""[PERSON_K]""],""ko"":[""[ORGANIZATION_A]"",""[PERSON_A]"",""[PERSON_C]"",""[PERSON_F]"",""[PERSON_I]"",""[PERSON_K]""],""status"":""pass""}",pass,"{""en"":{""duplicates"":[],""status"":""pass""},""ko"":{""duplicates"":[],""status"":""pass""}}",pass,pass,pass,"{""en"":{""jurisdiction_leakage_evidence"":[],""jurisdiction_leakage_status"":""pass"",""legal_leakage_evidence"":[],""legal_leakage_status"":""pass"",""procedural_leakage_status"":""pass"",""strict_leakage_evidence"":{""currency"":[],""customary_unit"":[],""jurisdiction_placeholder"":[],""kr_institution"":[],""legal_conclusion"":[],""procedural"":[]}},""ko"":{""jurisdiction_leakage_evidence"":[],""jurisdiction_leakage_status"":""pass"",""legal_leakage_evidence"":[],""legal_leakage_status"":""pass"",""procedural_leakage_status"":""pass"",""strict_leakage_evidence"":{""currency"":[],""customary_unit"":[],""jurisdiction_placeholder"":[],""kr_institution"":[],""legal_conclusion"":[],""procedural"":[]}}}",fail,"{""source"":{""10"":1},""target"":{""9"":1}}",[],"[""numerical_unit_status""]",True,pass,[],False,True
KR_80cd6399334ab774b2,pass,pass,pass,pass,pass,"{""en"":{""hangul"":0,""latin"":786,""reason"":null,""status"":""pass""},""ko"":{""hangul"":189,""latin"":240,""reason"":null,""status"":""pass""}}",pass,"{""en"":[""[COMPANY_A]"",""[COMPANY_B]"",""[COMPANY_C]"",""[CURRENCY_AMOUNT_A]"",""[CURRENCY_AMOUNT_B]"",""[CURRENCY_AMOUNT_C]"",""[INSTITUTION_A]"",""[LOCATION_A]"",""[ORGANIZATION_A]"",""[PERSON_A]"",""[PERSON_B]"",""[VEHICLE_A]""],""ko"":[""[COMPANY_A]"",""[COMPANY_B]"",""[COMPANY_C]"",""[CURRENCY_AMOUNT_A]"",""[CURRENCY_AMOUNT_B]"",""[CURRENCY_AMOUNT_C]"",""[INSTITUTION_A]"",""[LOCATION_A]"",""[ORGANIZATION_A]"",""[PERSON_A]"",""[PERSON_B]"",""[VEHICLE_A]""],""status"":""pass""}",pass,"{""en"":{""duplicates"":[],""status"":""pass""},""ko"":{""duplicates"":[],""status"":""pass""}}",pass,pass,pass,"{""en"":{""jurisdiction_leakage_evidence"":[],""jurisdiction_leakage_status"":""pass"",""legal_leakage_evidence"":[],""legal_leakage_status"":""pass"",""procedural_leakage_status"":""pass"",""strict_leakage_evidence"":{""currency"":[],""customary_unit"":[],""jurisdiction_placeholder"":[],""kr_institution"":[],""legal_conclusion"":[],""procedural"":[]}},""ko"":{""jurisdiction_leakage_evidence"":[],""jurisdiction_leakage_status"":""pass"",""legal_leakage_evidence"":[],""legal_leakage_status"":""pass"",""procedural_leakage_status"":""pass"",""strict_leakage_evidence"":{""currency"":[],""customary_unit"":[],""jurisdiction_placeholder"":[],""kr_institution"":[],""legal_conclusion"":[],""procedural"":[]}}}",pass,"{""source"":{""10"":1,""2005"":1,""4"":1},""target"":{""10"":1,""2005"":1,""4"":1}}",[],[],True,review,"[""The injury event is substantively duplicated in both languages."",""The final text retains litigation posture by identifying entities as parties to the matter.""]",False,False
KR_820a517fce55c93a84,pass,pass,pass,pass,pass,"{""en"":{""hangul"":0,""latin"":637,""reason"":null,""status"":""pass""},""ko"":{""hangul"":171,""latin"":115,""reason"":null,""status"":""pass""}}",pass,"{""en"":[""[COMPANY_A]"",""[CURRENCY_AMOUNT_A]"",""[CURRENCY_AMOUNT_B]"",""[ORGANIZATION_A]"",""[PERSON_A]"",""[PERSON_B]""],""ko"":[""[COMPANY_A]"",""[CURRENCY_AMOUNT_A]"",""[CURRENCY_AMOUNT_B]"",""[ORGANIZATION_A]"",""[PERSON_A]"",""[PERSON_B]""],""status"":""pass""}",pass,"{""en"":{""duplicates"":[],""status"":""pass""},""ko"":{""duplicates"":[],""status"":""pass""}}",pass,pass,pass,"{""en"":{""jurisdiction_leakage_evidence"":[],""jurisdiction_leakage_status"":""pass"",""legal_leakage_evidence"":[],""legal_leakage_status"":""pass"",""procedural_leakage_status"":""pass"",""strict_leakage_evidence"":{""currency"":[],""customary_unit"":[],""jurisdiction_placeholder"":[],""kr_institution"":[],""legal_conclusion"":[],""procedural"":[]}},""ko"":{""jurisdiction_leakage_evidence"":[],""jurisdiction_leakage_status"":""pass"",""legal_leakage_evidence"":[],""legal_leakage_status"":""pass"",""procedural_leakage_status"":""pass"",""strict_leakage_evidence"":{""currency"":[],""customary_unit"":[],""jurisdiction_placeholder"":[],""kr_institution"":[],""legal_conclusion"":[],""procedural"":[]}}}",fail,"{""source"":{""1"":1,""12"":1,""1995"":1,""1999"":2,""2000"":1,""29"":1,""3"":1,""9"":2},""target"":{""1"":1,""12"":1,""1995"":1,""1999"":2,""2000"":1,""29"":1,""3"":3,""9"":2}}",[],"[""numerical_unit_status""]",True,review,"[""The English and Korean final texts are not temporally equivalent: the English text silently supplies March 2000 for an incomplete source date and changes the date in the final driving statement to March 9, 1999."",""The injury fact is duplicated in both languages.""]",True,False
KR_86fdfbe3f16878dfcf,pass,pass,pass,pass,pass,"{""en"":{""hangul"":0,""latin"":776,""reason"":null,""status"":""pass""},""ko"":{""hangul"":232,""latin"":171,""reason"":null,""status"":""pass""}}",pass,"{""en"":[""[COMPANY_A]"",""[COMPANY_B]"",""[COMPANY_C]"",""[COMPANY_D]"",""[LOCATION_A]"",""[PERSON_A]"",""[PERSON_B]"",""[PRODUCT_A]""],""ko"":[""[COMPANY_A]"",""[COMPANY_B]"",""[COMPANY_C]"",""[COMPANY_D]"",""[LOCATION_A]"",""[PERSON_A]"",""[PERSON_B]"",""[PRODUCT_A]""],""status"":""pass""}",pass,"{""en"":{""duplicates"":[],""status"":""pass""},""ko"":{""duplicates"":[],""status"":""pass""}}",pass,pass,pass,"{""en"":{""jurisdiction_leakage_evidence"":[],""jurisdiction_leakage_status"":""pass"",""legal_leakage_evidence"":[],""legal_leakage_status"":""pass"",""procedural_leakage_status"":""pass"",""strict_leakage_evidence"":{""currency"":[],""customary_unit"":[],""jurisdiction_placeholder"":[],""kr_institution"":[],""legal_conclusion"":[],""procedural"":[]}},""ko"":{""jurisdiction_leakage_evidence"":[],""jurisdiction_leakage_status"":""pass"",""legal_leakage_evidence"":[],""legal_leakage_status"":""pass"",""procedural_leakage_status"":""pass"",""strict_leakage_evidence"":{""currency"":[],""customary_unit"":[],""jurisdiction_placeholder"":[],""kr_institution"":[],""legal_conclusion"":[],""procedural"":[]}}}",pass,"{""source"":{""11"":1,""2"":1,""2009"":3,""2010"":1,""2013"":1,""3"":1,""30"":1,""6"":1,""8"":1,""9"":1},""target"":{""11"":1,""2"":1,""2009"":3,""2010"":1,""2013"":1,""3"":1,""30"":1,""6"":1,""8"":1,""9"":1}}",[],[],True,pass,[],False,True
KR_872d527b52dfbd5927,pass,pass,pass,pass,pass,"{""en"":{""hangul"":0,""latin"":2388,""reason"":null,""status"":""pass""},""ko"":{""hangul"":654,""latin"":289,""reason"":null,""status"":""pass""}}",pass,"{""en"":[""[INSTITUTION_A]"",""[INSTITUTION_B]"",""[ORGANIZATION_A]"",""[PERSON_A]"",""[PERSON_B]"",""[PERSON_C]"",""[PERSON_D]""],""ko"":[""[INSTITUTION_A]"",""[INSTITUTION_B]"",""[ORGANIZATION_A]"",""[PERSON_A]"",""[PERSON_B]"",""[PERSON_C]"",""[PERSON_D]""],""status"":""pass""}",pass,"{""en"":{""duplicates"":[],""status"":""pass""},""ko"":{""duplicates"":[],""status"":""pass""}}",pass,pass,pass,"{""en"":{""jurisdiction_leakage_evidence"":[],""jurisdiction_leakage_status"":""pass"",""legal_leakage_evidence"":[],""legal_leakage_status"":""pass"",""procedural_leakage_status"":""pass"",""strict_leakage_evidence"":{""currency"":[],""customary_unit"":[],""jurisdiction_placeholder"":[],""kr_institution"":[],""legal_conclusion"":[],""procedural"":[]}},""ko"":{""jurisdiction_leakage_evidence"":[],""jurisdiction_leakage_status"":""pass"",""legal_leakage_evidence"":[],""legal_leakage_status"":""pass"",""procedural_leakage_status"":""pass"",""strict_leakage_evidence"":{""currency"":[],""customary_unit"":[],""jurisdiction_placeholder"":[],""kr_institution"":[],""legal_conclusion"":[],""procedural"":[]}}}",fail,"{""source"":{""00"":4,""10"":8,""11"":9,""110"":1,""12"":3,""13"":2,""140"":1,""15"":2,""17"":2,""20"":1,""2015"":3,""25"":1,""28"":1,""29"":1,""3"":1,""30"":1,""33"":1,""4"":1,""42"":4,""45"":1,""47"":1,""55"":2,""63"":1,""65"":2,""70"":1,""73"":1,""75"":1,""80"":1,""85"":1,""89"":1,""95"":1,""97"":1,""98"":1},""target"":{""00"":4,""10"":8,""11"":9,""110"":1,""12"":3,""13"":2,""140"":1,""15"":2,""17"":2,""20"":1,""2015"":3,""25"":1,""28"":1,""29"":1,""30"":1,""33"":1,""4"":2,""42"":4,""45"":1,""47"":1,""55"":2,""63"":1,""65"":2,""70"":1,""73"":1,""75"":1,""80"":1,""85"":1,""89"":1,""95"":1,""97"":1,""98"":1}}",[],"[""numerical_unit_status""]",True,pass,[],False,True
KR_882ce243b36c889fda,pass,pass,pass,pass,pass,"{""en"":{""hangul"":0,""latin"":514,""reason"":null,""status"":""pass""},""ko"":{""hangul"":150,""latin"":110,""reason"":null,""status"":""pass""}}",pass,"{""en"":[""[COMPANY_A]"",""[COMPANY_B]"",""[PERSON_A]"",""[PERSON_C]""],""ko"":[""[COMPANY_A]"",""[COMPANY_B]"",""[PERSON_A]"",""[PERSON_C]""],""status"":""pass""}",pass,"{""en"":{""duplicates"":[],""status"":""pass""},""ko"":{""duplicates"":[],""status"":""pass""}}",pass,pass,pass,"{""en"":{""jurisdiction_leakage_evidence"":[],""jurisdiction_leakage_status"":""pass"",""legal_leakage_evidence"":[],""legal_leakage_status"":""pass"",""procedural_leakage_status"":""pass"",""strict_leakage_evidence"":{""currency"":[],""customary_unit"":[],""jurisdiction_placeholder"":[],""kr_institution"":[],""legal_conclusion"":[],""procedural"":[]}},""ko"":{""jurisdiction_leakage_evidence"":[],""jurisdiction_leakage_status"":""pass"",""legal_leakage_evidence"":[],""legal_leakage_status"":""pass"",""procedural_leakage_status"":""pass"",""strict_leakage_evidence"":{""currency"":[],""customary_unit"":[],""jurisdiction_placeholder"":[],""kr_institution"":[],""legal_conclusion"":[],""procedural"":[]}}}",pass,"{""source"":{""1"":3,""15"":1,""19"":1,""1985"":1,""2"":2,""2008"":2,""2010"":1,""25"":1,""7"":1,""8"":1},""target"":{""1"":3,""15"":1,""19"":1,""1985"":1,""2"":2,""2008"":2,""2010"":1,""25"":1,""7"":1,""8"":1}}",[],[],True,pass,[],False,True
KR_8954cbe1140427b3ef,pass,pass,pass,pass,pass,"{""en"":{""hangul"":0,""latin"":1482,""reason"":null,""status"":""pass""},""ko"":{""hangul"":523,""latin"":95,""reason"":null,""status"":""pass""}}",pass,"{""en"":[""[COMPANY_A]"",""[PERSON_A]"",""[PRODUCT_A]""],""ko"":[""[COMPANY_A]"",""[PERSON_A]"",""[PRODUCT_A]""],""status"":""pass""}",pass,"{""en"":{""duplicates"":[],""status"":""pass""},""ko"":{""duplicates"":[],""status"":""pass""}}",pass,pass,pass,"{""en"":{""jurisdiction_leakage_evidence"":[],""jurisdiction_leakage_status"":""pass"",""legal_leakage_evidence"":[],""legal_leakage_status"":""pass"",""procedural_leakage_status"":""pass"",""strict_leakage_evidence"":{""currency"":[],""customary_unit"":[],""jurisdiction_placeholder"":[],""kr_institution"":[],""legal_conclusion"":[],""procedural"":[]}},""ko"":{""jurisdiction_leakage_evidence"":[],""jurisdiction_leakage_status"":""pass"",""legal_leakage_evidence"":[],""legal_leakage_status"":""pass"",""procedural_leakage_status"":""pass"",""strict_leakage_evidence"":{""currency"":[],""customary_unit"":[],""jurisdiction_placeholder"":[],""kr_institution"":[],""legal_conclusion"":[],""procedural"":[]}}}",fail,"{""source"":{""1828.8"":1,""25"":1,""8"":1},""target"":{""-8"":1,""1"":1,""1828.8"":1,""25"":1}}",[],"[""numerical_unit_status""]",True,pass,[],False,True
KR_8a49a0389073fce149,pass,pass,pass,pass,pass,"{""en"":{""hangul"":0,""latin"":840,""reason"":null,""status"":""pass""},""ko"":{""hangul"":264,""latin"":207,""reason"":null,""status"":""pass""}}",pass,"{""en"":[""[COMPANY_A]"",""[COMPANY_B]"",""[COMPANY_C]"",""[COMPANY_F]"",""[COMPANY_G]"",""[LOCATION_A]"",""[LOCATION_B]"",""[PERSON_A]""],""ko"":[""[COMPANY_A]"",""[COMPANY_B]"",""[COMPANY_C]"",""[COMPANY_F]"",""[COMPANY_G]"",""[LOCATION_A]"",""[LOCATION_B]"",""[PERSON_A]""],""status"":""pass""}",pass,"{""en"":{""duplicates"":[],""status"":""pass""},""ko"":{""duplicates"":[],""status"":""pass""}}",pass,pass,pass,"{""en"":{""jurisdiction_leakage_evidence"":[],""jurisdiction_leakage_status"":""pass"",""legal_leakage_evidence"":[],""legal_leakage_status"":""pass"",""procedural_leakage_status"":""pass"",""strict_leakage_evidence"":{""currency"":[],""customary_unit"":[],""jurisdiction_placeholder"":[],""kr_institution"":[],""legal_conclusion"":[],""procedural"":[]}},""ko"":{""jurisdiction_leakage_evidence"":[],""jurisdiction_leakage_status"":""pass"",""legal_leakage_evidence"":[],""legal_leakage_status"":""pass"",""procedural_leakage_status"":""pass"",""strict_leakage_evidence"":{""currency"":[],""customary_unit"":[],""jurisdiction_placeholder"":[],""kr_institution"":[],""legal_conclusion"":[],""procedural"":[]}}}",fail,"{""source"":{""1"":1,""10"":2,""11"":1,""12"":1,""14"":1,""18"":1,""2000"":1,""2001"":4,""22"":1,""24"":1,""25"":1,""31"":1,""8"":1,""9"":3},""target"":{""00"":1,""1"":1,""10"":2,""11"":1,""12"":1,""14"":1,""18"":1,""2000"":1,""2001"":4,""22"":1,""24"":1,""25"":1,""31"":1,""8"":1,""9"":3}}",[],"[""numerical_unit_status""]",True,pass,[],False,True
KR_908095abe4f0d6d327,pass,pass,pass,pass,pass,"{""en"":{""hangul"":0,""latin"":737,""reason"":null,""status"":""pass""},""ko"":{""hangul"":239,""latin"":157,""reason"":null,""status"":""pass""}}",pass,"{""en"":[""[COMPANY_A]"",""[COMPANY_B]"",""[PERSON_A]"",""[PERSON_B]"",""[PERSON_C]"",""[PERSON_D]""],""ko"":[""[COMPANY_A]"",""[COMPANY_B]"",""[PERSON_A]"",""[PERSON_B]"",""[PERSON_C]"",""[PERSON_D]""],""status"":""pass""}",pass,"{""en"":{""duplicates"":[],""status"":""pass""},""ko"":{""duplicates"":[],""status"":""pass""}}",pass,pass,pass,"{""en"":{""jurisdiction_leakage_evidence"":[],""jurisdiction_leakage_status"":""pass"",""legal_leakage_evidence"":[],""legal_leakage_status"":""pass"",""procedural_leakage_status"":""pass"",""strict_leakage_evidence"":{""currency"":[],""customary_unit"":[],""jurisdiction_placeholder"":[],""kr_institution"":[],""legal_conclusion"":[],""procedural"":[]}},""ko"":{""jurisdiction_leakage_evidence"":[],""jurisdiction_leakage_status"":""pass"",""legal_leakage_evidence"":[],""legal_leakage_status"":""pass"",""procedural_leakage_status"":""pass"",""strict_leakage_evidence"":{""currency"":[],""customary_unit"":[],""jurisdiction_placeholder"":[],""kr_institution"":[],""legal_conclusion"":[],""procedural"":[]}}}",pass,"{""source"":{},""target"":{}}",[],[],True,pass,[],False,True
KR_91bd2c03cf60df4426,pass,pass,pass,pass,pass,"{""en"":{""hangul"":0,""latin"":1363,""reason"":null,""status"":""pass""},""ko"":{""hangul"":387,""latin"":153,""reason"":null,""status"":""pass""}}",pass,"{""en"":[""[COMPANY_A]"",""[PERSON_A]"",""[PERSON_B]"",""[PERSON_C]"",""[PROPERTY_A]"",""[PROPERTY_B]""],""ko"":[""[COMPANY_A]"",""[PERSON_A]"",""[PERSON_B]"",""[PERSON_C]"",""[PROPERTY_A]"",""[PROPERTY_B]""],""status"":""pass""}",pass,"{""en"":{""duplicates"":[],""status"":""pass""},""ko"":{""duplicates"":[],""status"":""pass""}}",pass,pass,pass,"{""en"":{""jurisdiction_leakage_evidence"":[],""jurisdiction_leakage_status"":""pass"",""legal_leakage_evidence"":[],""legal_leakage_status"":""pass"",""procedural_leakage_status"":""pass"",""strict_leakage_evidence"":{""currency"":[],""customary_unit"":[],""jurisdiction_placeholder"":[],""kr_institution"":[],""legal_conclusion"":[],""procedural"":[]}},""ko"":{""jurisdiction_leakage_evidence"":[],""jurisdiction_leakage_status"":""pass"",""legal_leakage_evidence"":[],""legal_leakage_status"":""pass"",""procedural_leakage_status"":""pass"",""strict_leakage_evidence"":{""currency"":[],""customary_unit"":[],""jurisdiction_placeholder"":[],""kr_institution"":[],""legal_conclusion"":[],""procedural"":[]}}}",fail,"{""source"":{""1"":2,""13"":1,""15"":1,""1977"":1,""2"":1,""2017"":1,""2019"":5,""2022"":1,""24"":2,""25"":1,""3"":2,""36"":1,""4"":1,""5"":2,""6"":1,""7"":1},""target"":{""1"":2,""13"":1,""15"":1,""1977"":1,""2"":1,""2017"":1,""2019"":6,""2022"":1,""24"":2,""25"":1,""3"":2,""36"":1,""4"":1,""5"":2,""6"":1,""7"":1}}",[],"[""numerical_unit_status""]",True,pass,[],False,True
KR_934df9d2f48650c256,pass,pass,pass,pass,pass,"{""en"":{""hangul"":0,""latin"":2301,""reason"":null,""status"":""pass""},""ko"":{""hangul"":724,""latin"":330,""reason"":null,""status"":""pass""}}",pass,"{""en"":[""[COMPANY_C]"",""[PERSON_A]"",""[PERSON_B]"",""[PERSON_C]"",""[PERSON_D]"",""[PERSON_F]"",""[VEHICLE_A]"",""[VEHICLE_B]"",""[VEHICLE_C]""],""ko"":[""[COMPANY_C]"",""[PERSON_A]"",""[PERSON_B]"",""[PERSON_C]"",""[PERSON_D]"",""[PERSON_F]"",""[VEHICLE_A]"",""[VEHICLE_B]"",""[VEHICLE_C]""],""status"":""pass""}",pass,"{""en"":{""duplicates"":[],""status"":""pass""},""ko"":{""duplicates"":[],""status"":""pass""}}",pass,pass,pass,"{""en"":{""jurisdiction_leakage_evidence"":[],""jurisdiction_leakage_status"":""pass"",""legal_leakage_evidence"":[],""legal_leakage_status"":""pass"",""procedural_leakage_status"":""pass"",""strict_leakage_evidence"":{""currency"":[],""customary_unit"":[],""jurisdiction_placeholder"":[],""kr_institution"":[],""legal_conclusion"":[],""procedural"":[]}},""ko"":{""jurisdiction_leakage_evidence"":[],""jurisdiction_leakage_status"":""pass"",""legal_leakage_evidence"":[],""legal_leakage_status"":""pass"",""procedural_leakage_status"":""pass"",""strict_leakage_evidence"":{""currency"":[],""customary_unit"":[],""jurisdiction_placeholder"":[],""kr_institution"":[],""legal_conclusion"":[],""procedural"":[]}}}",pass,"{""source"":{""00"":1,""03"":1,""12"":1,""13"":1,""15"":2,""2006"":2,""22"":1,""3"":1,""3.70"":1,""300"":1,""35"":1,""5.56"":1,""7"":2,""9.26"":1},""target"":{""00"":1,""03"":1,""12"":1,""13"":1,""15"":2,""2006"":2,""22"":1,""3"":1,""3.70"":1,""300"":1,""35"":1,""5.56"":1,""7"":2,""9.26"":1}}",[],[],True,review,"[""The English text adds an unsupported testimony attribution, changing the epistemic/status framing of the account concerning [PERSON_A]'s discovery of the collision signs and report to [PERSON_C].""]",False,False
KR_94e863154231995db3,pass,pass,pass,pass,pass,"{""en"":{""hangul"":0,""latin"":1753,""reason"":null,""status"":""pass""},""ko"":{""hangul"":484,""latin"":192,""reason"":null,""status"":""pass""}}",pass,"{""en"":[""[COMPANY_A]"",""[COMPANY_B]"",""[COMPANY_C]"",""[INSTITUTION_A]"",""[ORGANIZATION_A]""],""ko"":[""[COMPANY_A]"",""[COMPANY_B]"",""[COMPANY_C]"",""[INSTITUTION_A]"",""[ORGANIZATION_A]""],""status"":""pass""}",pass,"{""en"":{""duplicates"":[],""status"":""pass""},""ko"":{""duplicates"":[],""status"":""pass""}}",pass,pass,pass,"{""en"":{""jurisdiction_leakage_evidence"":[],""jurisdiction_leakage_status"":""pass"",""legal_leakage_evidence"":[],""legal_leakage_status"":""pass"",""procedural_leakage_status"":""pass"",""strict_leakage_evidence"":{""currency"":[],""customary_unit"":[],""jurisdiction_placeholder"":[],""kr_institution"":[],""legal_conclusion"":[],""procedural"":[]}},""ko"":{""jurisdiction_leakage_evidence"":[],""jurisdiction_leakage_status"":""pass"",""legal_leakage_evidence"":[],""legal_leakage_status"":""pass"",""procedural_leakage_status"":""pass"",""strict_leakage_evidence"":{""currency"":[],""customary_unit"":[],""jurisdiction_placeholder"":[],""kr_institution"":[],""legal_conclusion"":[],""procedural"":[]}}}",fail,"{""source"":{""12"":1,""19"":1,""1996"":1},""target"":{""1"":1,""12"":1,""19"":1,""1996"":1}}",[],"[""numerical_unit_status""]",True,pass,[],False,True
KR_9dad33b6d6293b40f2,pass,pass,pass,pass,pass,"{""en"":{""hangul"":0,""latin"":1267,""reason"":null,""status"":""pass""},""ko"":{""hangul"":380,""latin"":99,""reason"":null,""status"":""pass""}}",pass,"{""en"":[""[CURRENCY_AMOUNT_A]"",""[INSTITUTION_A]"",""[PERSON_A]"",""[PERSON_B]""],""ko"":[""[CURRENCY_AMOUNT_A]"",""[INSTITUTION_A]"",""[PERSON_A]"",""[PERSON_B]""],""status"":""pass""}",pass,"{""en"":{""duplicates"":[],""status"":""pass""},""ko"":{""duplicates"":[],""status"":""pass""}}",pass,pass,pass,"{""en"":{""jurisdiction_leakage_evidence"":[],""jurisdiction_leakage_status"":""pass"",""legal_leakage_evidence"":[],""legal_leakage_status"":""pass"",""procedural_leakage_status"":""pass"",""strict_leakage_evidence"":{""currency"":[],""customary_unit"":[],""jurisdiction_placeholder"":[],""kr_institution"":[],""legal_conclusion"":[],""procedural"":[]}},""ko"":{""jurisdiction_leakage_evidence"":[],""jurisdiction_leakage_status"":""pass"",""legal_leakage_evidence"":[],""legal_leakage_status"":""pass"",""procedural_leakage_status"":""pass"",""strict_leakage_evidence"":{""currency"":[],""customary_unit"":[],""jurisdiction_placeholder"":[],""kr_institution"":[],""legal_conclusion"":[],""procedural"":[]}}}",pass,"{""source"":{""10"":2,""11"":1,""12"":2,""13"":1,""17"":1,""1993"":2,""1994"":1,""1997"":1,""1998"":1,""5"":1,""7"":1},""target"":{""10"":2,""11"":1,""12"":2,""13"":1,""17"":1,""1993"":2,""1994"":1,""1997"":1,""1998"":1,""5"":1,""7"":1}}",[],[],True,pass,[],False,True
KR_9fa690d66617cf987e,pass,pass,pass,pass,pass,"{""en"":{""hangul"":0,""latin"":1312,""reason"":null,""status"":""pass""},""ko"":{""hangul"":363,""latin"":97,""reason"":null,""status"":""pass""}}",pass,"{""en"":[""[COMPANY_A]"",""[INSTITUTION_A]"",""[PERSON_A]"",""[PERSON_B]"",""[PERSON_C]""],""ko"":[""[COMPANY_A]"",""[INSTITUTION_A]"",""[PERSON_A]"",""[PERSON_B]"",""[PERSON_C]""],""status"":""pass""}",pass,"{""en"":{""duplicates"":[],""status"":""pass""},""ko"":{""duplicates"":[],""status"":""pass""}}",pass,pass,pass,"{""en"":{""jurisdiction_leakage_evidence"":[],""jurisdiction_leakage_status"":""pass"",""legal_leakage_evidence"":[],""legal_leakage_status"":""pass"",""procedural_leakage_status"":""pass"",""strict_leakage_evidence"":{""currency"":[],""customary_unit"":[],""jurisdiction_placeholder"":[],""kr_institution"":[],""legal_conclusion"":[],""procedural"":[]}},""ko"":{""jurisdiction_leakage_evidence"":[],""jurisdiction_leakage_status"":""pass"",""legal_leakage_evidence"":[],""legal_leakage_status"":""pass"",""procedural_leakage_status"":""pass"",""strict_leakage_evidence"":{""currency"":[],""customary_unit"":[],""jurisdiction_placeholder"":[],""kr_institution"":[],""legal_conclusion"":[],""procedural"":[]}}}",pass,"{""source"":{},""target"":{}}",[],[],True,review,"[""The English final text contains an unsupported causal/legal conclusion that is not present in the source-grounded unit."",""neutral_fact_en and neutral_fact_ko are not substantively equivalent because the English version includes the additional causal-relationship sentence while the Korean version does not."",""The final texts retain litigation posture and disposition, including the court commission, litigation context, decision in lieu of mediation, non-objection, finality, and the earlier damages-case outcome.""]",False,False
KR_9ff8adb69f213e129e,pass,pass,pass,pass,pass,"{""en"":{""hangul"":0,""latin"":1705,""reason"":null,""status"":""pass""},""ko"":{""hangul"":455,""latin"":161,""reason"":null,""status"":""pass""}}",pass,"{""en"":[""[COMPANY_A]"",""[COMPANY_B]"",""[COMPANY_C]"",""[LOCATION_A]"",""[LOCATION_B]"",""[LOCATION_C]"",""[LOCATION_D]"",""[LOCATION_E]"",""[LOCATION_F]"",""[LOCATION_G]"",""[PERSON_A]"",""[PROPERTY_A]""],""ko"":[""[COMPANY_A]"",""[COMPANY_B]"",""[COMPANY_C]"",""[LOCATION_A]"",""[LOCATION_B]"",""[LOCATION_C]"",""[LOCATION_D]"",""[LOCATION_E]"",""[LOCATION_F]"",""[LOCATION_G]"",""[PERSON_A]"",""[PROPERTY_A]""],""status"":""pass""}",pass,"{""en"":{""duplicates"":[],""status"":""pass""},""ko"":{""duplicates"":[],""status"":""pass""}}",pass,pass,pass,"{""en"":{""jurisdiction_leakage_evidence"":[],""jurisdiction_leakage_status"":""pass"",""legal_leakage_evidence"":[],""legal_leakage_status"":""pass"",""procedural_leakage_status"":""pass"",""strict_leakage_evidence"":{""currency"":[],""customary_unit"":[],""jurisdiction_placeholder"":[],""kr_institution"":[],""legal_conclusion"":[],""procedural"":[]}},""ko"":{""jurisdiction_leakage_evidence"":[],""jurisdiction_leakage_status"":""pass"",""legal_leakage_evidence"":[],""legal_leakage_status"":""pass"",""procedural_leakage_status"":""pass"",""strict_leakage_evidence"":{""currency"":[],""customary_unit"":[],""jurisdiction_placeholder"":[],""kr_institution"":[],""legal_conclusion"":[],""procedural"":[]}}}",fail,"{""source"":{""1"":2,""1,024"":3,""11"":1,""1992"":1,""1995"":2,""1996"":1,""1998"":1,""2"":2,""215"":1,""25"":1,""278"":1,""28"":1,""3"":1,""354"":1,""4"":2,""453"":1,""6"":1,""62"":1,""7"":1,""77"":1,""8"":1,""9"":3},""target"":{""1"":3,""1,024"":3,""11"":1,""1992"":1,""1995"":2,""1996"":1,""1998"":1,""2"":1,""215"":1,""25"":1,""278"":1,""28"":1,""3"":2,""354"":1,""4"":1,""453"":1,""5"":1,""6"":1,""62"":1,""7"":1,""77"":1,""8"":1,""9"":3}}",[],"[""numerical_unit_status""]",True,pass,[],False,True
KR_a3d84a1ae8d86e74c5,pass,pass,pass,pass,pass,"{""en"":{""hangul"":0,""latin"":1576,""reason"":null,""status"":""pass""},""ko"":{""hangul"":466,""latin"":412,""reason"":null,""status"":""pass""}}",pass,"{""en"":[""[COMPANY_C]"",""[COMPANY_D]"",""[COMPANY_E]"",""[CURRENCY_AMOUNT_A]"",""[CURRENCY_AMOUNT_B]"",""[PERSON_A]"",""[PERSON_C]"",""[PERSON_D]"",""[PERSON_E]"",""[PERSON_F]"",""[PERSON_G]"",""[PRODUCT_A]"",""[VEHICLE_A]""],""ko"":[""[COMPANY_C]"",""[COMPANY_D]"",""[COMPANY_E]"",""[CURRENCY_AMOUNT_A]"",""[CURRENCY_AMOUNT_B]"",""[PERSON_A]"",""[PERSON_C]"",""[PERSON_D]"",""[PERSON_E]"",""[PERSON_F]"",""[PERSON_G]"",""[PRODUCT_A]"",""[VEHICLE_A]""],""status"":""pass""}",pass,"{""en"":{""duplicates"":[],""status"":""pass""},""ko"":{""duplicates"":[],""status"":""pass""}}",pass,pass,pass,"{""en"":{""jurisdiction_leakage_evidence"":[],""jurisdiction_leakage_status"":""pass"",""legal_leakage_evidence"":[],""legal_leakage_status"":""pass"",""procedural_leakage_status"":""pass"",""strict_leakage_evidence"":{""currency"":[],""customary_unit"":[],""jurisdiction_placeholder"":[],""kr_institution"":[],""legal_conclusion"":[],""procedural"":[]}},""ko"":{""jurisdiction_leakage_evidence"":[],""jurisdiction_leakage_status"":""pass"",""legal_leakage_evidence"":[],""legal_leakage_status"":""pass"",""procedural_leakage_status"":""pass"",""strict_leakage_evidence"":{""currency"":[],""customary_unit"":[],""jurisdiction_placeholder"":[],""kr_institution"":[],""legal_conclusion"":[],""procedural"":[]}}}",pass,"{""source"":{""17"":2,""2000"":4,""21"":2,""27"":1,""4"":2,""5"":2},""target"":{""17"":2,""2000"":4,""21"":2,""27"":1,""4"":2,""5"":2}}",[],[],True,review,"[""The final fact redundantly states the same accident while the vehicle was being driven to a repair shop; this duplicated factual content appears in both languages.""]",False,False
KR_a41002435a915c75d1,pass,pass,pass,pass,pass,"{""en"":{""hangul"":0,""latin"":1909,""reason"":null,""status"":""pass""},""ko"":{""hangul"":585,""latin"":223,""reason"":null,""status"":""pass""}}",pass,"{""en"":[""[INSTITUTION_A]"",""[ORGANIZATION_A]"",""[PERSON_A]"",""[PERSON_B]"",""[PERSON_C]"",""[PERSON_D]""],""ko"":[""[INSTITUTION_A]"",""[ORGANIZATION_A]"",""[PERSON_A]"",""[PERSON_B]"",""[PERSON_C]"",""[PERSON_D]""],""status"":""pass""}",pass,"{""en"":{""duplicates"":[],""status"":""pass""},""ko"":{""duplicates"":[],""status"":""pass""}}",pass,pass,pass,"{""en"":{""jurisdiction_leakage_evidence"":[],""jurisdiction_leakage_status"":""pass"",""legal_leakage_evidence"":[],""legal_leakage_status"":""pass"",""procedural_leakage_status"":""pass"",""strict_leakage_evidence"":{""currency"":[],""customary_unit"":[],""jurisdiction_placeholder"":[],""kr_institution"":[],""legal_conclusion"":[],""procedural"":[]}},""ko"":{""jurisdiction_leakage_evidence"":[],""jurisdiction_leakage_status"":""pass"",""legal_leakage_evidence"":[],""legal_leakage_status"":""pass"",""procedural_leakage_status"":""pass"",""strict_leakage_evidence"":{""currency"":[],""customary_unit"":[],""jurisdiction_placeholder"":[],""kr_institution"":[],""legal_conclusion"":[],""procedural"":[]}}}",fail,"{""source"":{""1"":1,""10"":3,""100"":1,""11"":3,""14"":1,""15"":1,""18"":1,""2"":1,""20"":1,""2004"":1,""2008"":1,""25"":1,""3"":1,""31"":1,""4"":2,""50"":1,""57"":1,""7"":1,""72"":2,""82"":1,""85"":1},""target"":{""00"":2,""1"":1,""10"":3,""100"":1,""11"":3,""18"":1,""2"":2,""20"":1,""2004"":1,""2008"":1,""25"":1,""3"":2,""31"":1,""4"":2,""50"":1,""57"":1,""7"":1,""72"":2,""82"":1,""85"":1}}",[],"[""numerical_unit_status""]",True,pass,[],False,True
KR_ab2b68c40724d0aa92,pass,pass,pass,pass,pass,"{""en"":{""hangul"":0,""latin"":1255,""reason"":null,""status"":""pass""},""ko"":{""hangul"":377,""latin"":129,""reason"":null,""status"":""pass""}}",pass,"{""en"":[""[INSTITUTION_A]"",""[LOCATION_A]"",""[ORGANIZATION_A]"",""[PERSON_A]""],""ko"":[""[INSTITUTION_A]"",""[LOCATION_A]"",""[ORGANIZATION_A]"",""[PERSON_A]""],""status"":""pass""}",pass,"{""en"":{""duplicates"":[],""status"":""pass""},""ko"":{""duplicates"":[],""status"":""pass""}}",pass,pass,pass,"{""en"":{""jurisdiction_leakage_evidence"":[],""jurisdiction_leakage_status"":""pass"",""legal_leakage_evidence"":[],""legal_leakage_status"":""pass"",""procedural_leakage_status"":""pass"",""strict_leakage_evidence"":{""currency"":[],""customary_unit"":[],""jurisdiction_placeholder"":[],""kr_institution"":[],""legal_conclusion"":[],""procedural"":[]}},""ko"":{""jurisdiction_leakage_evidence"":[],""jurisdiction_leakage_status"":""pass"",""legal_leakage_evidence"":[],""legal_leakage_status"":""pass"",""procedural_leakage_status"":""pass"",""strict_leakage_evidence"":{""currency"":[],""customary_unit"":[],""jurisdiction_placeholder"":[],""kr_institution"":[],""legal_conclusion"":[],""procedural"":[]}}}",fail,"{""source"":{""00"":2,""1"":2,""18"":2,""19"":6,""2"":1,""2.5"":1,""20"":4,""21"":2,""27.1"":1,""30"":2,""30.7"":1,""36"":1,""44"":3,""50"":1,""60"":1,""80"":1,""800"":1},""target"":{""00"":2,""1"":2,""18"":2,""19"":6,""2.5"":1,""20"":4,""21"":2,""27.1"":1,""3"":1,""30"":2,""30.7"":1,""36"":1,""44"":3,""50"":1,""60"":1,""80"":1,""800"":1}}",[],"[""numerical_unit_status""]",True,pass,[],False,True
KR_ac6643f28f1a875a1b,pass,pass,pass,pass,pass,"{""en"":{""hangul"":0,""latin"":939,""reason"":null,""status"":""pass""},""ko"":{""hangul"":290,""latin"":196,""reason"":null,""status"":""pass""}}",pass,"{""en"":[""[CURRENCY_AMOUNT_A]"",""[ORGANIZATION_A]"",""[PERSON_A]"",""[PERSON_B]"",""[PERSON_C]"",""[PERSON_D]"",""[PERSON_E]""],""ko"":[""[CURRENCY_AMOUNT_A]"",""[ORGANIZATION_A]"",""[PERSON_A]"",""[PERSON_B]"",""[PERSON_C]"",""[PERSON_D]"",""[PERSON_E]""],""status"":""pass""}",pass,"{""en"":{""duplicates"":[],""status"":""pass""},""ko"":{""duplicates"":[],""status"":""pass""}}",pass,pass,pass,"{""en"":{""jurisdiction_leakage_evidence"":[],""jurisdiction_leakage_status"":""pass"",""legal_leakage_evidence"":[],""legal_leakage_status"":""pass"",""procedural_leakage_status"":""pass"",""strict_leakage_evidence"":{""currency"":[],""customary_unit"":[],""jurisdiction_placeholder"":[],""kr_institution"":[],""legal_conclusion"":[],""procedural"":[]}},""ko"":{""jurisdiction_leakage_evidence"":[],""jurisdiction_leakage_status"":""pass"",""legal_leakage_evidence"":[],""legal_leakage_status"":""pass"",""procedural_leakage_status"":""pass"",""strict_leakage_evidence"":{""currency"":[],""customary_unit"":[],""jurisdiction_placeholder"":[],""kr_institution"":[],""legal_conclusion"":[],""procedural"":[]}}}",pass,"{""source"":{""2"":1,""40"":1},""target"":{""2"":1,""40"":1}}",[],[],True,pass,[],False,True
KR_adf561060b125d6b87,pass,pass,pass,pass,pass,"{""en"":{""hangul"":0,""latin"":533,""reason"":null,""status"":""pass""},""ko"":{""hangul"":145,""latin"":44,""reason"":null,""status"":""pass""}}",pass,"{""en"":[""[COMPANY_C]"",""[CURRENCY_AMOUNT_A]"",""[PERSON_A]""],""ko"":[""[COMPANY_C]"",""[CURRENCY_AMOUNT_A]"",""[PERSON_A]""],""status"":""pass""}",pass,"{""en"":{""duplicates"":[],""status"":""pass""},""ko"":{""duplicates"":[],""status"":""pass""}}",pass,pass,pass,"{""en"":{""jurisdiction_leakage_evidence"":[],""jurisdiction_leakage_status"":""pass"",""legal_leakage_evidence"":[],""legal_leakage_status"":""pass"",""procedural_leakage_status"":""pass"",""strict_leakage_evidence"":{""currency"":[],""customary_unit"":[],""jurisdiction_placeholder"":[],""kr_institution"":[],""legal_conclusion"":[],""procedural"":[]}},""ko"":{""jurisdiction_leakage_evidence"":[],""jurisdiction_leakage_status"":""pass"",""legal_leakage_evidence"":[],""legal_leakage_status"":""pass"",""procedural_leakage_status"":""pass"",""strict_leakage_evidence"":{""currency"":[],""customary_unit"":[],""jurisdiction_placeholder"":[],""kr_institution"":[],""legal_conclusion"":[],""procedural"":[]}}}",pass,"{""source"":{""12"":1,""2000"":1,""26"":1},""target"":{""12"":1,""2000"":1,""26"":1}}",[],[],True,pass,[],False,True
KR_af61f4590681c75f54,pass,pass,pass,pass,pass,"{""en"":{""hangul"":0,""latin"":706,""reason"":null,""status"":""pass""},""ko"":{""hangul"":216,""latin"":179,""reason"":null,""status"":""pass""}}",pass,"{""en"":[""[COMPANY_A]"",""[PERSON_A]"",""[PERSON_B]"",""[PERSON_D]""],""ko"":[""[COMPANY_A]"",""[PERSON_A]"",""[PERSON_B]"",""[PERSON_D]""],""status"":""pass""}",pass,"{""en"":{""duplicates"":[],""status"":""pass""},""ko"":{""duplicates"":[],""status"":""pass""}}",pass,pass,pass,"{""en"":{""jurisdiction_leakage_evidence"":[],""jurisdiction_leakage_status"":""pass"",""legal_leakage_evidence"":[],""legal_leakage_status"":""pass"",""procedural_leakage_status"":""pass"",""strict_leakage_evidence"":{""currency"":[],""customary_unit"":[],""jurisdiction_placeholder"":[],""kr_institution"":[],""legal_conclusion"":[],""procedural"":[]}},""ko"":{""jurisdiction_leakage_evidence"":[],""jurisdiction_leakage_status"":""pass"",""legal_leakage_evidence"":[],""legal_leakage_status"":""pass"",""procedural_leakage_status"":""pass"",""strict_leakage_evidence"":{""currency"":[],""customary_unit"":[],""jurisdiction_placeholder"":[],""kr_institution"":[],""legal_conclusion"":[],""procedural"":[]}}}",pass,"{""source"":{""1948"":1,""1953"":1,""1958"":1,""1997"":1,""1999"":1,""2"":2,""2004"":1,""2013"":1,""2018"":1,""2023"":1,""28"":1,""29"":1,""31"":1,""8"":1},""target"":{""1948"":1,""1953"":1,""1958"":1,""1997"":1,""1999"":1,""2"":2,""2004"":1,""2013"":1,""2018"":1,""2023"":1,""28"":1,""29"":1,""31"":1,""8"":1}}",[],[],True,pass,[],False,True
KR_b1623e21ca7095a358,pass,pass,pass,pass,pass,"{""en"":{""hangul"":0,""latin"":1070,""reason"":null,""status"":""pass""},""ko"":{""hangul"":224,""latin"":212,""reason"":null,""status"":""pass""}}",pass,"{""en"":[""[ORGANIZATION_A]"",""[ORGANIZATION_B]"",""[ORGANIZATION_C]"",""[ORGANIZATION_D]"",""[PERSON_A]""],""ko"":[""[ORGANIZATION_A]"",""[ORGANIZATION_B]"",""[ORGANIZATION_C]"",""[ORGANIZATION_D]"",""[PERSON_A]""],""status"":""pass""}",pass,"{""en"":{""duplicates"":[],""status"":""pass""},""ko"":{""duplicates"":[],""status"":""pass""}}",pass,pass,pass,"{""en"":{""jurisdiction_leakage_evidence"":[],""jurisdiction_leakage_status"":""pass"",""legal_leakage_evidence"":[],""legal_leakage_status"":""pass"",""procedural_leakage_status"":""pass"",""strict_leakage_evidence"":{""currency"":[],""customary_unit"":[],""jurisdiction_placeholder"":[],""kr_institution"":[],""legal_conclusion"":[],""procedural"":[]}},""ko"":{""jurisdiction_leakage_evidence"":[],""jurisdiction_leakage_status"":""pass"",""legal_leakage_evidence"":[],""legal_leakage_status"":""pass"",""procedural_leakage_status"":""pass"",""strict_leakage_evidence"":{""currency"":[],""customary_unit"":[],""jurisdiction_placeholder"":[],""kr_institution"":[],""legal_conclusion"":[],""procedural"":[]}}}",fail,"{""source"":{""2019"":1,""4"":1,""9"":1},""target"":{""1"":7,""2019"":1,""4"":1,""9"":1}}",[],"[""numerical_unit_status""]",True,review,"[""Unsupported mental-distress content was added in English."",""Factual content is duplicated in English."",""Court/litigation posture is retained in the final English text."",""English adds court attribution not present in the corresponding source for the opening facts."",""The two language versions are not substantively equivalent because English contains unsupported mental-distress claims omitted from Korean.""]",False,False
KR_b24448d722a0190549,pass,pass,pass,pass,pass,"{""en"":{""hangul"":0,""latin"":2530,""reason"":null,""status"":""pass""},""ko"":{""hangul"":733,""latin"":236,""reason"":null,""status"":""pass""}}",pass,"{""en"":[""[ORGANIZATION_B]"",""[ORGANIZATION_C]"",""[ORGANIZATION_D]"",""[PERSON_A]"",""[PERSON_C]"",""[PERSON_D]"",""[PERSON_H]"",""[PERSON_I]""],""ko"":[""[ORGANIZATION_B]"",""[ORGANIZATION_C]"",""[ORGANIZATION_D]"",""[PERSON_A]"",""[PERSON_C]"",""[PERSON_D]"",""[PERSON_H]"",""[PERSON_I]""],""status"":""pass""}",pass,"{""en"":{""duplicates"":[],""status"":""pass""},""ko"":{""duplicates"":[],""status"":""pass""}}",pass,pass,pass,"{""en"":{""jurisdiction_leakage_evidence"":[],""jurisdiction_leakage_status"":""pass"",""legal_leakage_evidence"":[],""legal_leakage_status"":""pass"",""procedural_leakage_status"":""pass"",""strict_leakage_evidence"":{""currency"":[],""customary_unit"":[],""jurisdiction_placeholder"":[],""kr_institution"":[],""legal_conclusion"":[],""procedural"":[]}},""ko"":{""jurisdiction_leakage_evidence"":[],""jurisdiction_leakage_status"":""pass"",""legal_leakage_evidence"":[],""legal_leakage_status"":""pass"",""procedural_leakage_status"":""pass"",""strict_leakage_evidence"":{""currency"":[],""customary_unit"":[],""jurisdiction_placeholder"":[],""kr_institution"":[],""legal_conclusion"":[],""procedural"":[]}}}",fail,"{""source"":{""1"":3,""10"":1,""11"":1,""16"":1,""2"":1,""20"":1,""2000"":2,""2002"":4,""26"":1,""28"":1,""3"":1,""30"":1,""300"":1,""400"":1,""8"":2,""9"":1},""target"":{""1"":3,""10"":1,""11"":1,""16"":1,""2"":1,""20"":1,""2000"":2,""2002"":4,""26"":1,""28"":1,""3"":2,""30"":1,""300"":1,""400"":1,""8"":2,""9"":1}}",[],"[""numerical_unit_status""]",True,pass,[],False,True
KR_b7cbce3536a0f4f763,pass,pass,pass,pass,pass,"{""en"":{""hangul"":0,""latin"":2166,""reason"":null,""status"":""pass""},""ko"":{""hangul"":623,""latin"":405,""reason"":null,""status"":""pass""}}",pass,"{""en"":[""[COMPANY_A]"",""[COMPANY_B]"",""[COMPANY_C]"",""[COMPANY_D]"",""[COMPANY_E]"",""[CURRENCY_AMOUNT_A]"",""[PERSON_A]"",""[PERSON_B]"",""[PERSON_C]"",""[PRODUCT_B]""],""ko"":[""[COMPANY_A]"",""[COMPANY_B]"",""[COMPANY_C]"",""[COMPANY_D]"",""[COMPANY_E]"",""[CURRENCY_AMOUNT_A]"",""[PERSON_A]"",""[PERSON_B]"",""[PERSON_C]"",""[PRODUCT_B]""],""status"":""pass""}",pass,"{""en"":{""duplicates"":[],""status"":""pass""},""ko"":{""duplicates"":[],""status"":""pass""}}",pass,pass,pass,"{""en"":{""jurisdiction_leakage_evidence"":[],""jurisdiction_leakage_status"":""pass"",""legal_leakage_evidence"":[],""legal_leakage_status"":""pass"",""procedural_leakage_status"":""pass"",""strict_leakage_evidence"":{""currency"":[],""customary_unit"":[],""jurisdiction_placeholder"":[],""kr_institution"":[],""legal_conclusion"":[],""procedural"":[]}},""ko"":{""jurisdiction_leakage_evidence"":[],""jurisdiction_leakage_status"":""pass"",""legal_leakage_evidence"":[],""legal_leakage_status"":""pass"",""procedural_leakage_status"":""pass"",""strict_leakage_evidence"":{""currency"":[],""customary_unit"":[],""jurisdiction_placeholder"":[],""kr_institution"":[],""legal_conclusion"":[],""procedural"":[]}}}",pass,"{""source"":{""10"":1,""12"":1,""16"":1,""2"":2,""2007"":2,""2008"":2,""2009"":1,""3"":1,""4"":1,""6"":2,""7"":1,""8"":2},""target"":{""10"":1,""12"":1,""16"":1,""2"":2,""2007"":2,""2008"":2,""2009"":1,""3"":1,""4"":1,""6"":2,""7"":1,""8"":2}}",[],[],True,pass,[],False,True
KR_b7d634c2e03993e164,pass,pass,pass,pass,pass,"{""en"":{""hangul"":0,""latin"":1090,""reason"":null,""status"":""pass""},""ko"":{""hangul"":331,""latin"":126,""reason"":null,""status"":""pass""}}",pass,"{""en"":[""[INSTITUTION_A]"",""[ORGANIZATION_A]"",""[PERSON_A]"",""[PERSON_B]"",""[PERSON_C]""],""ko"":[""[INSTITUTION_A]"",""[ORGANIZATION_A]"",""[PERSON_A]"",""[PERSON_B]"",""[PERSON_C]""],""status"":""pass""}",pass,"{""en"":{""duplicates"":[],""status"":""pass""},""ko"":{""duplicates"":[],""status"":""pass""}}",pass,pass,pass,"{""en"":{""jurisdiction_leakage_evidence"":[],""jurisdiction_leakage_status"":""pass"",""legal_leakage_evidence"":[],""legal_leakage_status"":""pass"",""procedural_leakage_status"":""pass"",""strict_leakage_evidence"":{""currency"":[],""customary_unit"":[],""jurisdiction_placeholder"":[],""kr_institution"":[],""legal_conclusion"":[],""procedural"":[]}},""ko"":{""jurisdiction_leakage_evidence"":[],""jurisdiction_leakage_status"":""pass"",""legal_leakage_evidence"":[],""legal_leakage_status"":""pass"",""procedural_leakage_status"":""pass"",""strict_leakage_evidence"":{""currency"":[],""customary_unit"":[],""jurisdiction_placeholder"":[],""kr_institution"":[],""legal_conclusion"":[],""procedural"":[]}}}",pass,"{""source"":{""1"":1},""target"":{""1"":1}}",[],[],True,pass,[],False,True
KR_b8c149d3a7eebfddda,pass,pass,pass,pass,pass,"{""en"":{""hangul"":0,""latin"":1575,""reason"":null,""status"":""pass""},""ko"":{""hangul"":473,""latin"":169,""reason"":null,""status"":""pass""}}",pass,"{""en"":[""[COMPANY_A]"",""[PERSON_A]"",""[PERSON_C]""],""ko"":[""[COMPANY_A]"",""[PERSON_A]"",""[PERSON_C]""],""status"":""pass""}",pass,"{""en"":{""duplicates"":[],""status"":""pass""},""ko"":{""duplicates"":[],""status"":""pass""}}",pass,pass,pass,"{""en"":{""jurisdiction_leakage_evidence"":[],""jurisdiction_leakage_status"":""pass"",""legal_leakage_evidence"":[],""legal_leakage_status"":""pass"",""procedural_leakage_status"":""pass"",""strict_leakage_evidence"":{""currency"":[],""customary_unit"":[],""jurisdiction_placeholder"":[],""kr_institution"":[],""legal_conclusion"":[],""procedural"":[]}},""ko"":{""jurisdiction_leakage_evidence"":[],""jurisdiction_leakage_status"":""pass"",""legal_leakage_evidence"":[],""legal_leakage_status"":""pass"",""procedural_leakage_status"":""pass"",""strict_leakage_evidence"":{""currency"":[],""customary_unit"":[],""jurisdiction_placeholder"":[],""kr_institution"":[],""legal_conclusion"":[],""procedural"":[]}}}",pass,"{""source"":{""1995"":3,""1996"":3},""target"":{""1995"":3,""1996"":3}}",[],[],True,review,"[""The final text retains a procedural/legal disposition: discontinuation of company reorganization proceedings and the resulting declaration of bankruptcy.""]",False,False
KR_b8f7e4d96ca6d41527,pass,pass,pass,pass,pass,"{""en"":{""hangul"":0,""latin"":2481,""reason"":null,""status"":""pass""},""ko"":{""hangul"":607,""latin"":429,""reason"":null,""status"":""pass""}}",pass,"{""en"":[""[COMPANY_A]"",""[COMPANY_B]"",""[COMPANY_C]"",""[INSTITUTION_A]"",""[LOCATION_A]"",""[PERSON_A]"",""[PRODUCT_A]""],""ko"":[""[COMPANY_A]"",""[COMPANY_B]"",""[COMPANY_C]"",""[INSTITUTION_A]"",""[LOCATION_A]"",""[PERSON_A]"",""[PRODUCT_A]""],""status"":""pass""}",pass,"{""en"":{""duplicates"":[],""status"":""pass""},""ko"":{""duplicates"":[],""status"":""pass""}}",pass,pass,pass,"{""en"":{""jurisdiction_leakage_evidence"":[],""jurisdiction_leakage_status"":""pass"",""legal_leakage_evidence"":[],""legal_leakage_status"":""pass"",""procedural_leakage_status"":""pass"",""strict_leakage_evidence"":{""currency"":[],""customary_unit"":[],""jurisdiction_placeholder"":[],""kr_institution"":[],""legal_conclusion"":[],""procedural"":[]}},""ko"":{""jurisdiction_leakage_evidence"":[],""jurisdiction_leakage_status"":""pass"",""legal_leakage_evidence"":[],""legal_leakage_status"":""pass"",""procedural_leakage_status"":""pass"",""strict_leakage_evidence"":{""currency"":[],""customary_unit"":[],""jurisdiction_placeholder"":[],""kr_institution"":[],""legal_conclusion"":[],""procedural"":[]}}}",pass,"{""source"":{""0.1"":1,""1"":2,""1965"":1},""target"":{""0.1"":1,""1"":2,""1965"":1}}",[],[],True,review,"[""A substantive fact about [COMPANY_A] and [COMPANY_B]'s foreseeable risk and failure to take sufficient preventive measures is missing from neutral_fact_ko, so the bilingual records are not semantically complete."",""The final texts retain legal/adjudicative conclusions about probable causation and determination of harm rather than stating only neutral underlying facts.""]",False,False
KR_b9478acaee2bfa081a,pass,pass,pass,pass,pass,"{""en"":{""hangul"":0,""latin"":1373,""reason"":null,""status"":""pass""},""ko"":{""hangul"":370,""latin"":233,""reason"":null,""status"":""pass""}}",pass,"{""en"":[""[COMPANY_A]"",""[COMPANY_B]"",""[ORGANIZATION_A]"",""[PERSON_A]"",""[PERSON_B]"",""[PROPERTY_A]"",""[PROPERTY_B]""],""ko"":[""[COMPANY_A]"",""[COMPANY_B]"",""[ORGANIZATION_A]"",""[PERSON_A]"",""[PERSON_B]"",""[PROPERTY_A]"",""[PROPERTY_B]""],""status"":""pass""}",pass,"{""en"":{""duplicates"":[],""status"":""pass""},""ko"":{""duplicates"":[],""status"":""pass""}}",pass,pass,pass,"{""en"":{""jurisdiction_leakage_evidence"":[],""jurisdiction_leakage_status"":""pass"",""legal_leakage_evidence"":[],""legal_leakage_status"":""pass"",""procedural_leakage_status"":""pass"",""strict_leakage_evidence"":{""currency"":[],""customary_unit"":[],""jurisdiction_placeholder"":[],""kr_institution"":[],""legal_conclusion"":[],""procedural"":[]}},""ko"":{""jurisdiction_leakage_evidence"":[],""jurisdiction_leakage_status"":""pass"",""legal_leakage_evidence"":[],""legal_leakage_status"":""pass"",""procedural_leakage_status"":""pass"",""strict_leakage_evidence"":{""currency"":[],""customary_unit"":[],""jurisdiction_placeholder"":[],""kr_institution"":[],""legal_conclusion"":[],""procedural"":[]}}}",pass,"{""source"":{""1"":1,""11"":1,""1988"":1,""1994"":1,""2008"":1,""21"":1,""25"":1,""3"":1,""5"":1,""7"":1},""target"":{""1"":1,""11"":1,""1988"":1,""1994"":1,""2008"":1,""21"":1,""25"":1,""3"":1,""5"":1,""7"":1}}",[],[],True,pass,[],False,True
KR_bb48d36e58640760a7,pass,pass,pass,pass,pass,"{""en"":{""hangul"":0,""latin"":896,""reason"":null,""status"":""pass""},""ko"":{""hangul"":280,""latin"":140,""reason"":null,""status"":""pass""}}",pass,"{""en"":[""[COMPANY_A]"",""[LOCATION_A]"",""[PERSON_A]"",""[PRODUCT_A]""],""ko"":[""[COMPANY_A]"",""[LOCATION_A]"",""[PERSON_A]"",""[PRODUCT_A]""],""status"":""pass""}",pass,"{""en"":{""duplicates"":[],""status"":""pass""},""ko"":{""duplicates"":[],""status"":""pass""}}",pass,pass,pass,"{""en"":{""jurisdiction_leakage_evidence"":[],""jurisdiction_leakage_status"":""pass"",""legal_leakage_evidence"":[],""legal_leakage_status"":""pass"",""procedural_leakage_status"":""pass"",""strict_leakage_evidence"":{""currency"":[],""customary_unit"":[],""jurisdiction_placeholder"":[],""kr_institution"":[],""legal_conclusion"":[],""procedural"":[]}},""ko"":{""jurisdiction_leakage_evidence"":[],""jurisdiction_leakage_status"":""pass"",""legal_leakage_evidence"":[],""legal_leakage_status"":""pass"",""procedural_leakage_status"":""pass"",""strict_leakage_evidence"":{""currency"":[],""customary_unit"":[],""jurisdiction_placeholder"":[],""kr_institution"":[],""legal_conclusion"":[],""procedural"":[]}}}",fail,"{""source"":{""15"":1,""20"":1,""40"":1},""target"":{""1"":1,""15"":1,""20"":1,""40"":1}}",[],"[""numerical_unit_status""]",True,pass,[],False,True
KR_bca778095d79c8e711,pass,pass,pass,pass,pass,"{""en"":{""hangul"":0,""latin"":1751,""reason"":null,""status"":""pass""},""ko"":{""hangul"":461,""latin"":317,""reason"":null,""status"":""pass""}}",pass,"{""en"":[""[COMPANY_A]"",""[COMPANY_B]"",""[COMPANY_C]"",""[COMPANY_D]"",""[COMPANY_E]"",""[COMPANY_F]"",""[COMPANY_G]"",""[COMPANY_H]"",""[COMPANY_I]"",""[PRODUCT_A]""],""ko"":[""[COMPANY_A]"",""[COMPANY_B]"",""[COMPANY_C]"",""[COMPANY_D]"",""[COMPANY_E]"",""[COMPANY_F]"",""[COMPANY_G]"",""[COMPANY_H]"",""[COMPANY_I]"",""[PRODUCT_A]""],""status"":""pass""}",pass,"{""en"":{""duplicates"":[],""status"":""pass""},""ko"":{""duplicates"":[],""status"":""pass""}}",pass,pass,pass,"{""en"":{""jurisdiction_leakage_evidence"":[],""jurisdiction_leakage_status"":""pass"",""legal_leakage_evidence"":[],""legal_leakage_status"":""pass"",""procedural_leakage_status"":""pass"",""strict_leakage_evidence"":{""currency"":[],""customary_unit"":[],""jurisdiction_placeholder"":[],""kr_institution"":[],""legal_conclusion"":[],""procedural"":[]}},""ko"":{""jurisdiction_leakage_evidence"":[],""jurisdiction_leakage_status"":""pass"",""legal_leakage_evidence"":[],""legal_leakage_status"":""pass"",""procedural_leakage_status"":""pass"",""strict_leakage_evidence"":{""currency"":[],""customary_unit"":[],""jurisdiction_placeholder"":[],""kr_institution"":[],""legal_conclusion"":[],""procedural"":[]}}}",pass,"{""source"":{""1"":1,""11"":1,""2013"":1,""3"":1},""target"":{""1"":1,""11"":1,""2013"":1,""3"":1}}",[],[],True,review,"[""The final record redundantly duplicates the factual occurrence of the product falling and being damaged during discharge and the resulting repair-cost expenditure in both languages.""]",False,False
KR_bcc14552a5ebdd0945,pass,pass,pass,pass,pass,"{""en"":{""hangul"":0,""latin"":898,""reason"":null,""status"":""pass""},""ko"":{""hangul"":279,""latin"":121,""reason"":null,""status"":""pass""}}",pass,"{""en"":[""[COMPANY_A]"",""[PERSON_A]"",""[PERSON_B]"",""[PERSON_C]"",""[PERSON_D]""],""ko"":[""[COMPANY_A]"",""[PERSON_A]"",""[PERSON_B]"",""[PERSON_C]"",""[PERSON_D]""],""status"":""pass""}",pass,"{""en"":{""duplicates"":[],""status"":""pass""},""ko"":{""duplicates"":[],""status"":""pass""}}",pass,pass,pass,"{""en"":{""jurisdiction_leakage_evidence"":[],""jurisdiction_leakage_status"":""pass"",""legal_leakage_evidence"":[],""legal_leakage_status"":""pass"",""procedural_leakage_status"":""pass"",""strict_leakage_evidence"":{""currency"":[],""customary_unit"":[],""jurisdiction_placeholder"":[],""kr_institution"":[],""legal_conclusion"":[],""procedural"":[]}},""ko"":{""jurisdiction_leakage_evidence"":[],""jurisdiction_leakage_status"":""pass"",""legal_leakage_evidence"":[],""legal_leakage_status"":""pass"",""procedural_leakage_status"":""pass"",""strict_leakage_evidence"":{""currency"":[],""customary_unit"":[],""jurisdiction_placeholder"":[],""kr_institution"":[],""legal_conclusion"":[],""procedural"":[]}}}",fail,"{""source"":{""12"":1,""19"":1,""2004"":1,""21"":1,""30"":1,""6"":1},""target"":{""00"":1,""12"":1,""19"":1,""2004"":1,""21"":1,""30"":1,""6"":1}}",[],"[""numerical_unit_status""]",True,pass,[],False,True
KR_bd5712bcc29293f8e7,pass,pass,pass,pass,pass,"{""en"":{""hangul"":0,""latin"":3389,""reason"":null,""status"":""pass""},""ko"":{""hangul"":908,""latin"":390,""reason"":null,""status"":""pass""}}",pass,"{""en"":[""[COMPANY_A]"",""[COMPANY_B]"",""[COMPANY_C]"",""[COMPANY_D]"",""[COMPANY_F]"",""[COMPANY_G]"",""[ORGANIZATION_A]"",""[ORGANIZATION_B]"",""[PERSON_A]"",""[PERSON_B]""],""ko"":[""[COMPANY_A]"",""[COMPANY_B]"",""[COMPANY_C]"",""[COMPANY_D]"",""[COMPANY_F]"",""[COMPANY_G]"",""[ORGANIZATION_A]"",""[ORGANIZATION_B]"",""[PERSON_A]"",""[PERSON_B]""],""status"":""pass""}",pass,"{""en"":{""duplicates"":[],""status"":""pass""},""ko"":{""duplicates"":[],""status"":""pass""}}",pass,pass,pass,"{""en"":{""jurisdiction_leakage_evidence"":[],""jurisdiction_leakage_status"":""pass"",""legal_leakage_evidence"":[],""legal_leakage_status"":""pass"",""procedural_leakage_status"":""pass"",""strict_leakage_evidence"":{""currency"":[],""customary_unit"":[],""jurisdiction_placeholder"":[],""kr_institution"":[],""legal_conclusion"":[],""procedural"":[]}},""ko"":{""jurisdiction_leakage_evidence"":[],""jurisdiction_leakage_status"":""pass"",""legal_leakage_evidence"":[],""legal_leakage_status"":""pass"",""procedural_leakage_status"":""pass"",""strict_leakage_evidence"":{""currency"":[],""customary_unit"":[],""jurisdiction_placeholder"":[],""kr_institution"":[],""legal_conclusion"":[],""procedural"":[]}}}",fail,"{""source"":{""1"":1,""10"":1,""2004"":1,""2006"":1,""2011"":2,""2012"":1,""2014"":2,""2016"":1,""3"":3,""31"":1,""4"":1,""7"":1},""target"":{""1"":1,""10"":1,""2"":1,""2004"":1,""2006"":1,""2011"":2,""2012"":1,""2014"":2,""2016"":1,""3"":3,""31"":1,""4"":1,""7"":1}}",[],"[""numerical_unit_status""]",True,review,"[""The final text retains litigation posture/procedural language by dating [PERSON_B]'s position to the conclusion of proceedings in the original instance (and, in Korean, the close of oral arguments in the original instance)."",""The final text redundantly repeats the substantive fact that [COMPANY_A] bears the loss when [COMPANY_B]'s share price falls below its contract-date level.""]",False,False
KR_bd9cba7b4f62c65d0a,pass,pass,pass,pass,pass,"{""en"":{""hangul"":0,""latin"":1116,""reason"":null,""status"":""pass""},""ko"":{""hangul"":375,""latin"":113,""reason"":null,""status"":""pass""}}",pass,"{""en"":[""[COMPANY_A]"",""[CURRENCY_AMOUNT_A]"",""[LOCATION_A]"",""[PERSON_A]"",""[PERSON_B]"",""[PERSON_C]"",""[VEHICLE_A]""],""ko"":[""[COMPANY_A]"",""[CURRENCY_AMOUNT_A]"",""[LOCATION_A]"",""[PERSON_A]"",""[PERSON_B]"",""[PERSON_C]"",""[VEHICLE_A]""],""status"":""pass""}",pass,"{""en"":{""duplicates"":[],""status"":""pass""},""ko"":{""duplicates"":[],""status"":""pass""}}",pass,pass,pass,"{""en"":{""jurisdiction_leakage_evidence"":[],""jurisdiction_leakage_status"":""pass"",""legal_leakage_evidence"":[],""legal_leakage_status"":""pass"",""procedural_leakage_status"":""pass"",""strict_leakage_evidence"":{""currency"":[],""customary_unit"":[],""jurisdiction_placeholder"":[],""kr_institution"":[],""legal_conclusion"":[],""procedural"":[]}},""ko"":{""jurisdiction_leakage_evidence"":[],""jurisdiction_leakage_status"":""pass"",""legal_leakage_evidence"":[],""legal_leakage_status"":""pass"",""procedural_leakage_status"":""pass"",""strict_leakage_evidence"":{""currency"":[],""customary_unit"":[],""jurisdiction_placeholder"":[],""kr_institution"":[],""legal_conclusion"":[],""procedural"":[]}}}",fail,"{""source"":{""1"":1,""11"":1,""18"":1,""1992"":2,""1993"":3,""21"":1,""23"":1,""3"":1,""30"":1,""4"":2,""40"":1,""50"":1,""6"":1,""8"":1},""target"":{""1"":1,""11"":1,""18"":1,""1992"":2,""1993"":3,""2"":1,""21"":1,""23"":1,""3"":1,""30"":1,""4"":2,""40"":1,""50"":1,""6"":1,""8"":1}}",[],"[""numerical_unit_status""]",True,pass,[],False,True
KR_c2567a4fb9e71fc1f7,pass,pass,pass,pass,pass,"{""en"":{""hangul"":0,""latin"":1694,""reason"":null,""status"":""pass""},""ko"":{""hangul"":505,""latin"":302,""reason"":null,""status"":""pass""}}",pass,"{""en"":[""[COMPANY_A]"",""[COMPANY_B]"",""[CURRENCY_AMOUNT_A]"",""[CURRENCY_AMOUNT_B]"",""[PERSON_B]"",""[PERSON_C]"",""[PERSON_D]"",""[PERSON_E]"",""[VEHICLE_A]"",""[VEHICLE_B]""],""ko"":[""[COMPANY_A]"",""[COMPANY_B]"",""[CURRENCY_AMOUNT_A]"",""[CURRENCY_AMOUNT_B]"",""[PERSON_B]"",""[PERSON_C]"",""[PERSON_D]"",""[PERSON_E]"",""[VEHICLE_A]"",""[VEHICLE_B]""],""status"":""pass""}",pass,"{""en"":{""duplicates"":[],""status"":""pass""},""ko"":{""duplicates"":[],""status"":""pass""}}",pass,pass,pass,"{""en"":{""jurisdiction_leakage_evidence"":[],""jurisdiction_leakage_status"":""pass"",""legal_leakage_evidence"":[],""legal_leakage_status"":""pass"",""procedural_leakage_status"":""pass"",""strict_leakage_evidence"":{""currency"":[],""customary_unit"":[],""jurisdiction_placeholder"":[],""kr_institution"":[],""legal_conclusion"":[],""procedural"":[]}},""ko"":{""jurisdiction_leakage_evidence"":[],""jurisdiction_leakage_status"":""pass"",""legal_leakage_evidence"":[],""legal_leakage_status"":""pass"",""procedural_leakage_status"":""pass"",""strict_leakage_evidence"":{""currency"":[],""customary_unit"":[],""jurisdiction_placeholder"":[],""kr_institution"":[],""legal_conclusion"":[],""procedural"":[]}}}",pass,"{""source"":{""1"":3,""113"":1,""13"":3,""15"":1,""1996"":6,""2"":1,""21"":2,""3"":2,""64"":1,""7"":1,""70"":1,""8"":3,""9"":3},""target"":{""1"":3,""113"":1,""13"":3,""15"":1,""1996"":6,""2"":1,""21"":2,""3"":2,""64"":1,""7"":1,""70"":1,""8"":3,""9"":3}}",[],[],True,pass,[],False,True
KR_c6a564478fdecad238,pass,pass,pass,pass,pass,"{""en"":{""hangul"":0,""latin"":1363,""reason"":null,""status"":""pass""},""ko"":{""hangul"":340,""latin"":286,""reason"":null,""status"":""pass""}}",pass,"{""en"":[""[COMPANY_A]"",""[COMPANY_B]"",""[CURRENCY_AMOUNT_A]"",""[ORGANIZATION_A]"",""[ORGANIZATION_B]"",""[PERSON_A]"",""[PERSON_B]"",""[PERSON_C]"",""[PERSON_D]"",""[PRODUCT_A]"",""[PROPERTY_A]""],""ko"":[""[COMPANY_A]"",""[COMPANY_B]"",""[CURRENCY_AMOUNT_A]"",""[ORGANIZATION_A]"",""[ORGANIZATION_B]"",""[PERSON_A]"",""[PERSON_B]"",""[PERSON_C]"",""[PERSON_D]"",""[PRODUCT_A]"",""[PROPERTY_A]""],""status"":""pass""}",pass,"{""en"":{""duplicates"":[],""status"":""pass""},""ko"":{""duplicates"":[],""status"":""pass""}}",pass,pass,pass,"{""en"":{""jurisdiction_leakage_evidence"":[],""jurisdiction_leakage_status"":""pass"",""legal_leakage_evidence"":[],""legal_leakage_status"":""pass"",""procedural_leakage_status"":""pass"",""strict_leakage_evidence"":{""currency"":[],""customary_unit"":[],""jurisdiction_placeholder"":[],""kr_institution"":[],""legal_conclusion"":[],""procedural"":[]}},""ko"":{""jurisdiction_leakage_evidence"":[],""jurisdiction_leakage_status"":""pass"",""legal_leakage_evidence"":[],""legal_leakage_status"":""pass"",""procedural_leakage_status"":""pass"",""strict_leakage_evidence"":{""currency"":[],""customary_unit"":[],""jurisdiction_placeholder"":[],""kr_institution"":[],""legal_conclusion"":[],""procedural"":[]}}}",pass,"{""source"":{""16"":1,""18"":1,""2019"":1,""2020"":5,""25"":1,""26"":1,""29"":1,""3"":1,""5"":5,""8"":1},""target"":{""16"":1,""18"":1,""2019"":1,""2020"":5,""25"":1,""26"":1,""29"":1,""3"":1,""5"":5,""8"":1}}",[],[],True,review,"[""neutral_fact_en is not source-supported because it adds payment of insurance benefits and a lawsuit by [COMPANY_B] against [PERSON_A]."",""neutral_fact_en improperly retains litigation posture by stating that [COMPANY_B] filed a lawsuit seeking repayment."",""Both final language versions contain substantially duplicated insurance-claim content.""]",False,False
KR_c6d493a48f0b6b6912,pass,pass,pass,pass,pass,"{""en"":{""hangul"":0,""latin"":823,""reason"":null,""status"":""pass""},""ko"":{""hangul"":226,""latin"":113,""reason"":null,""status"":""pass""}}",pass,"{""en"":[""[COMPANY_A]"",""[PERSON_A]"",""[PERSON_B]"",""[PERSON_C]"",""[PERSON_D]""],""ko"":[""[COMPANY_A]"",""[PERSON_A]"",""[PERSON_B]"",""[PERSON_C]"",""[PERSON_D]""],""status"":""pass""}",pass,"{""en"":{""duplicates"":[],""status"":""pass""},""ko"":{""duplicates"":[],""status"":""pass""}}",pass,pass,pass,"{""en"":{""jurisdiction_leakage_evidence"":[],""jurisdiction_leakage_status"":""pass"",""legal_leakage_evidence"":[],""legal_leakage_status"":""pass"",""procedural_leakage_status"":""pass"",""strict_leakage_evidence"":{""currency"":[],""customary_unit"":[],""jurisdiction_placeholder"":[],""kr_institution"":[],""legal_conclusion"":[],""procedural"":[]}},""ko"":{""jurisdiction_leakage_evidence"":[],""jurisdiction_leakage_status"":""pass"",""legal_leakage_evidence"":[],""legal_leakage_status"":""pass"",""procedural_leakage_status"":""pass"",""strict_leakage_evidence"":{""currency"":[],""customary_unit"":[],""jurisdiction_placeholder"":[],""kr_institution"":[],""legal_conclusion"":[],""procedural"":[]}}}",pass,"{""source"":{},""target"":{}}",[],[],True,review,"[""The final record unnecessarily retains litigation posture by identifying [COMPANY_A] as the other/opposing party in the case. The substantive insurance-company fact is supported, but the case-role characterization should not be retained in a neutral fact.""]",False,False
KR_c7ec53e12d00dabce6,pass,pass,pass,pass,pass,"{""en"":{""hangul"":0,""latin"":256,""reason"":null,""status"":""pass""},""ko"":{""hangul"":75,""latin"":56,""reason"":null,""status"":""pass""}}",pass,"{""en"":[""[COMPANY_A]"",""[LOCATION_A]"",""[PROPERTY_B]""],""ko"":[""[COMPANY_A]"",""[LOCATION_A]"",""[PROPERTY_B]""],""status"":""pass""}",pass,"{""en"":{""duplicates"":[],""status"":""pass""},""ko"":{""duplicates"":[],""status"":""pass""}}",pass,pass,pass,"{""en"":{""jurisdiction_leakage_evidence"":[],""jurisdiction_leakage_status"":""pass"",""legal_leakage_evidence"":[],""legal_leakage_status"":""pass"",""procedural_leakage_status"":""pass"",""strict_leakage_evidence"":{""currency"":[],""customary_unit"":[],""jurisdiction_placeholder"":[],""kr_institution"":[],""legal_conclusion"":[],""procedural"":[]}},""ko"":{""jurisdiction_leakage_evidence"":[],""jurisdiction_leakage_status"":""pass"",""legal_leakage_evidence"":[],""legal_leakage_status"":""pass"",""procedural_leakage_status"":""pass"",""strict_leakage_evidence"":{""currency"":[],""customary_unit"":[],""jurisdiction_placeholder"":[],""kr_institution"":[],""legal_conclusion"":[],""procedural"":[]}}}",pass,"{""source"":{""11"":1,""1995"":1,""20"":1},""target"":{""11"":1,""1995"":1,""20"":1}}",[],[],True,pass,[],False,True
KR_c93d64dedb05abdc5b,pass,pass,pass,pass,pass,"{""en"":{""hangul"":0,""latin"":1308,""reason"":null,""status"":""pass""},""ko"":{""hangul"":421,""latin"":118,""reason"":null,""status"":""pass""}}",pass,"{""en"":[""[INSTITUTION_A]"",""[PERSON_A]""],""ko"":[""[INSTITUTION_A]"",""[PERSON_A]""],""status"":""pass""}",pass,"{""en"":{""duplicates"":[],""status"":""pass""},""ko"":{""duplicates"":[],""status"":""pass""}}",pass,pass,pass,"{""en"":{""jurisdiction_leakage_evidence"":[],""jurisdiction_leakage_status"":""pass"",""legal_leakage_evidence"":[],""legal_leakage_status"":""pass"",""procedural_leakage_status"":""pass"",""strict_leakage_evidence"":{""currency"":[],""customary_unit"":[],""jurisdiction_placeholder"":[],""kr_institution"":[],""legal_conclusion"":[],""procedural"":[]}},""ko"":{""jurisdiction_leakage_evidence"":[],""jurisdiction_leakage_status"":""pass"",""legal_leakage_evidence"":[],""legal_leakage_status"":""pass"",""procedural_leakage_status"":""pass"",""strict_leakage_evidence"":{""currency"":[],""customary_unit"":[],""jurisdiction_placeholder"":[],""kr_institution"":[],""legal_conclusion"":[],""procedural"":[]}}}",fail,"{""source"":{""12"":1,""42"":1,""7.309"":1},""target"":{""1"":2,""12"":1,""42"":1,""7.309"":1}}",[],"[""numerical_unit_status""]",True,pass,[],False,True
KR_c9a36c832dbc482f8f,pass,pass,pass,pass,pass,"{""en"":{""hangul"":0,""latin"":1928,""reason"":null,""status"":""pass""},""ko"":{""hangul"":505,""latin"":314,""reason"":null,""status"":""pass""}}",pass,"{""en"":[""[COMPANY_A]"",""[COMPANY_B]"",""[COMPANY_C]"",""[PERSON_A]"",""[PERSON_B]"",""[PERSON_C]"",""[PROPERTY_A]""],""ko"":[""[COMPANY_A]"",""[COMPANY_B]"",""[COMPANY_C]"",""[PERSON_A]"",""[PERSON_B]"",""[PERSON_C]"",""[PROPERTY_A]""],""status"":""pass""}",pass,"{""en"":{""duplicates"":[],""status"":""pass""},""ko"":{""duplicates"":[],""status"":""pass""}}",pass,pass,pass,"{""en"":{""jurisdiction_leakage_evidence"":[],""jurisdiction_leakage_status"":""pass"",""legal_leakage_evidence"":[],""legal_leakage_status"":""pass"",""procedural_leakage_status"":""pass"",""strict_leakage_evidence"":{""currency"":[],""customary_unit"":[],""jurisdiction_placeholder"":[],""kr_institution"":[],""legal_conclusion"":[],""procedural"":[]}},""ko"":{""jurisdiction_leakage_evidence"":[],""jurisdiction_leakage_status"":""pass"",""legal_leakage_evidence"":[],""legal_leakage_status"":""pass"",""procedural_leakage_status"":""pass"",""strict_leakage_evidence"":{""currency"":[],""customary_unit"":[],""jurisdiction_placeholder"":[],""kr_institution"":[],""legal_conclusion"":[],""procedural"":[]}}}",pass,"{""source"":{""1"":1,""12"":1,""13.5"":1,""1953"":1,""1970"":1,""1979"":1,""23"":1,""26"":1,""28"":1,""3"":2,""48"":1,""5"":1,""5.7"":1,""7"":1},""target"":{""1"":1,""12"":1,""13.5"":1,""1953"":1,""1970"":1,""1979"":1,""23"":1,""26"":1,""28"":1,""3"":2,""48"":1,""5"":1,""5.7"":1,""7"":1}}",[],[],True,pass,[],False,True
KR_c9b0b61cc030200a6a,pass,pass,pass,pass,pass,"{""en"":{""hangul"":0,""latin"":2059,""reason"":null,""status"":""pass""},""ko"":{""hangul"":623,""latin"":363,""reason"":null,""status"":""pass""}}",pass,"{""en"":[""[COMPANY_A]"",""[CURRENCY_AMOUNT_A]"",""[CURRENCY_AMOUNT_B]"",""[CURRENCY_AMOUNT_C]"",""[CURRENCY_AMOUNT_D]"",""[INSTITUTION_A]"",""[LOCATION_A]"",""[ORGANIZATION_A]"",""[PERSON_A]""],""ko"":[""[COMPANY_A]"",""[CURRENCY_AMOUNT_A]"",""[CURRENCY_AMOUNT_B]"",""[CURRENCY_AMOUNT_C]"",""[CURRENCY_AMOUNT_D]"",""[INSTITUTION_A]"",""[LOCATION_A]"",""[ORGANIZATION_A]"",""[PERSON_A]""],""status"":""pass""}",pass,"{""en"":{""duplicates"":[],""status"":""pass""},""ko"":{""duplicates"":[],""status"":""pass""}}",pass,pass,pass,"{""en"":{""jurisdiction_leakage_evidence"":[],""jurisdiction_leakage_status"":""pass"",""legal_leakage_evidence"":[],""legal_leakage_status"":""pass"",""procedural_leakage_status"":""pass"",""strict_leakage_evidence"":{""currency"":[],""customary_unit"":[],""jurisdiction_placeholder"":[],""kr_institution"":[],""legal_conclusion"":[],""procedural"":[]}},""ko"":{""jurisdiction_leakage_evidence"":[],""jurisdiction_leakage_status"":""pass"",""legal_leakage_evidence"":[],""legal_leakage_status"":""pass"",""procedural_leakage_status"":""pass"",""strict_leakage_evidence"":{""currency"":[],""customary_unit"":[],""jurisdiction_placeholder"":[],""kr_institution"":[],""legal_conclusion"":[],""procedural"":[]}}}",pass,"{""source"":{""130"":1,""1988"":1,""1999"":3,""2"":2,""2000"":1,""2001"":1,""2002"":1,""23"":1,""26"":1,""27"":1,""4"":1,""6"":1,""60"":2},""target"":{""130"":1,""1988"":1,""1999"":3,""2"":2,""2000"":1,""2001"":1,""2002"":1,""23"":1,""26"":1,""27"":1,""4"":1,""6"":1,""60"":2}}",[],[],True,review,"[""The final factual content is duplicated: the failure to recover [CURRENCY_AMOUNT_B] is stated twice in both languages. The second statement adds the pre-supply and lack-of-notification context but repeats the same recovery failure and amount.""]",False,False
KR_cc8813e6652ff8b3e4,pass,pass,pass,pass,pass,"{""en"":{""hangul"":0,""latin"":297,""reason"":null,""status"":""pass""},""ko"":{""hangul"":94,""latin"":71,""reason"":null,""status"":""pass""}}",pass,"{""en"":[""[COMPANY_A]"",""[LOCATION_A]"",""[PERSON_A]"",""[PROPERTY_A]"",""[VEHICLE_A]""],""ko"":[""[COMPANY_A]"",""[LOCATION_A]"",""[PERSON_A]"",""[PROPERTY_A]"",""[VEHICLE_A]""],""status"":""pass""}",pass,"{""en"":{""duplicates"":[],""status"":""pass""},""ko"":{""duplicates"":[],""status"":""pass""}}",pass,pass,pass,"{""en"":{""jurisdiction_leakage_evidence"":[],""jurisdiction_leakage_status"":""pass"",""legal_leakage_evidence"":[],""legal_leakage_status"":""pass"",""procedural_leakage_status"":""pass"",""strict_leakage_evidence"":{""currency"":[],""customary_unit"":[],""jurisdiction_placeholder"":[],""kr_institution"":[],""legal_conclusion"":[],""procedural"":[]}},""ko"":{""jurisdiction_leakage_evidence"":[],""jurisdiction_leakage_status"":""pass"",""legal_leakage_evidence"":[],""legal_leakage_status"":""pass"",""procedural_leakage_status"":""pass"",""strict_leakage_evidence"":{""currency"":[],""customary_unit"":[],""jurisdiction_placeholder"":[],""kr_institution"":[],""legal_conclusion"":[],""procedural"":[]}}}",fail,"{""source"":{""17"":1,""2008"":1,""26"":1,""30"":1,""7"":1},""target"":{""00"":1,""17"":1,""2008"":1,""26"":1,""30"":1,""7"":1}}",[],"[""numerical_unit_status""]",True,pass,[],False,True
KR_cd0b887a7a431369b9,pass,pass,pass,pass,pass,"{""en"":{""hangul"":0,""latin"":1438,""reason"":null,""status"":""pass""},""ko"":{""hangul"":401,""latin"":358,""reason"":null,""status"":""pass""}}",pass,"{""en"":[""[COMPANY_A]"",""[COMPANY_B]"",""[CURRENCY_AMOUNT_A]"",""[CURRENCY_AMOUNT_B]"",""[CURRENCY_AMOUNT_C]"",""[CURRENCY_AMOUNT_D]"",""[CURRENCY_AMOUNT_E]"",""[LOCATION_A]"",""[ORGANIZATION_A]"",""[PERSON_A]"",""[PERSON_B]"",""[PERSON_C]"",""[PRODUCT_A]""],""ko"":[""[COMPANY_A]"",""[COMPANY_B]"",""[CURRENCY_AMOUNT_A]"",""[CURRENCY_AMOUNT_B]"",""[CURRENCY_AMOUNT_C]"",""[CURRENCY_AMOUNT_D]"",""[CURRENCY_AMOUNT_E]"",""[LOCATION_A]"",""[ORGANIZATION_A]"",""[PERSON_A]"",""[PERSON_B]"",""[PERSON_C]"",""[PRODUCT_A]""],""status"":""pass""}",pass,"{""en"":{""duplicates"":[],""status"":""pass""},""ko"":{""duplicates"":[],""status"":""pass""}}",pass,pass,pass,"{""en"":{""jurisdiction_leakage_evidence"":[],""jurisdiction_leakage_status"":""pass"",""legal_leakage_evidence"":[],""legal_leakage_status"":""pass"",""procedural_leakage_status"":""pass"",""strict_leakage_evidence"":{""currency"":[],""customary_unit"":[],""jurisdiction_placeholder"":[],""kr_institution"":[],""legal_conclusion"":[],""procedural"":[]}},""ko"":{""jurisdiction_leakage_evidence"":[],""jurisdiction_leakage_status"":""pass"",""legal_leakage_evidence"":[],""legal_leakage_status"":""pass"",""procedural_leakage_status"":""pass"",""strict_leakage_evidence"":{""currency"":[],""customary_unit"":[],""jurisdiction_placeholder"":[],""kr_institution"":[],""legal_conclusion"":[],""procedural"":[]}}}",pass,"{""source"":{""1"":1,""11"":1,""12"":1,""1998"":1,""20"":1,""31"":1,""4"":1,""50"":1},""target"":{""1"":1,""11"":1,""12"":1,""1998"":1,""20"":1,""31"":1,""4"":1,""50"":1}}",[],[],True,review,"[""Litigation posture is retained in both final-language texts."",""Substantive factual content is duplicated in both final-language texts.""]",False,False
KR_cda2f7ae1f9162201f,pass,pass,pass,pass,pass,"{""en"":{""hangul"":0,""latin"":1325,""reason"":null,""status"":""pass""},""ko"":{""hangul"":429,""latin"":191,""reason"":null,""status"":""pass""}}",pass,"{""en"":[""[COMPANY_A]"",""[COMPANY_B]"",""[COMPANY_C]"",""[LOCATION_A]"",""[PERSON_A]"",""[PRODUCT_A]"",""[PROPERTY_A]"",""[VEHICLE_A]""],""ko"":[""[COMPANY_A]"",""[COMPANY_B]"",""[COMPANY_C]"",""[LOCATION_A]"",""[PERSON_A]"",""[PRODUCT_A]"",""[PROPERTY_A]"",""[VEHICLE_A]""],""status"":""pass""}",pass,"{""en"":{""duplicates"":[],""status"":""pass""},""ko"":{""duplicates"":[],""status"":""pass""}}",pass,pass,pass,"{""en"":{""jurisdiction_leakage_evidence"":[],""jurisdiction_leakage_status"":""pass"",""legal_leakage_evidence"":[],""legal_leakage_status"":""pass"",""procedural_leakage_status"":""pass"",""strict_leakage_evidence"":{""currency"":[],""customary_unit"":[],""jurisdiction_placeholder"":[],""kr_institution"":[],""legal_conclusion"":[],""procedural"":[]}},""ko"":{""jurisdiction_leakage_evidence"":[],""jurisdiction_leakage_status"":""pass"",""legal_leakage_evidence"":[],""legal_leakage_status"":""pass"",""procedural_leakage_status"":""pass"",""strict_leakage_evidence"":{""currency"":[],""customary_unit"":[],""jurisdiction_placeholder"":[],""kr_institution"":[],""legal_conclusion"":[],""procedural"":[]}}}",fail,"{""source"":{""18"":1,""1996"":1,""1997"":1,""2"":1,""3"":1},""target"":{""00"":1,""18"":1,""1996"":1,""1997"":1,""2"":1,""3"":1}}",[],"[""numerical_unit_status""]",True,pass,[],False,True
KR_ce03d7157e09c4d242,pass,pass,pass,pass,pass,"{""en"":{""hangul"":0,""latin"":765,""reason"":null,""status"":""pass""},""ko"":{""hangul"":199,""latin"":185,""reason"":null,""status"":""pass""}}",pass,"{""en"":[""[COMPANY_A]"",""[ORGANIZATION_B]"",""[ORGANIZATION_C]"",""[PERSON_A]"",""[PERSON_B]"",""[PERSON_C]"",""[PERSON_D]"",""[PRODUCT_A]""],""ko"":[""[COMPANY_A]"",""[ORGANIZATION_B]"",""[ORGANIZATION_C]"",""[PERSON_A]"",""[PERSON_B]"",""[PERSON_C]"",""[PERSON_D]"",""[PRODUCT_A]""],""status"":""pass""}",pass,"{""en"":{""duplicates"":[],""status"":""pass""},""ko"":{""duplicates"":[],""status"":""pass""}}",pass,pass,pass,"{""en"":{""jurisdiction_leakage_evidence"":[],""jurisdiction_leakage_status"":""pass"",""legal_leakage_evidence"":[],""legal_leakage_status"":""pass"",""procedural_leakage_status"":""pass"",""strict_leakage_evidence"":{""currency"":[],""customary_unit"":[],""jurisdiction_placeholder"":[],""kr_institution"":[],""legal_conclusion"":[],""procedural"":[]}},""ko"":{""jurisdiction_leakage_evidence"":[],""jurisdiction_leakage_status"":""pass"",""legal_leakage_evidence"":[],""legal_leakage_status"":""pass"",""procedural_leakage_status"":""pass"",""strict_leakage_evidence"":{""currency"":[],""customary_unit"":[],""jurisdiction_placeholder"":[],""kr_institution"":[],""legal_conclusion"":[],""procedural"":[]}}}",pass,"{""source"":{""16"":1,""2001"":3,""30"":2,""7"":1,""8"":2},""target"":{""16"":1,""2001"":3,""30"":2,""7"":1,""8"":2}}",[],[],True,pass,[],False,True
KR_d0cfadb984b62f020b,pass,pass,pass,pass,pass,"{""en"":{""hangul"":0,""latin"":901,""reason"":null,""status"":""pass""},""ko"":{""hangul"":268,""latin"":71,""reason"":null,""status"":""pass""}}",pass,"{""en"":[""[COMPANY_A]"",""[PRODUCT_A]""],""ko"":[""[COMPANY_A]"",""[PRODUCT_A]""],""status"":""pass""}",pass,"{""en"":{""duplicates"":[],""status"":""pass""},""ko"":{""duplicates"":[],""status"":""pass""}}",pass,pass,pass,"{""en"":{""jurisdiction_leakage_evidence"":[],""jurisdiction_leakage_status"":""pass"",""legal_leakage_evidence"":[],""legal_leakage_status"":""pass"",""procedural_leakage_status"":""pass"",""strict_leakage_evidence"":{""currency"":[],""customary_unit"":[],""jurisdiction_placeholder"":[],""kr_institution"":[],""legal_conclusion"":[],""procedural"":[]}},""ko"":{""jurisdiction_leakage_evidence"":[],""jurisdiction_leakage_status"":""pass"",""legal_leakage_evidence"":[],""legal_leakage_status"":""pass"",""procedural_leakage_status"":""pass"",""strict_leakage_evidence"":{""currency"":[],""customary_unit"":[],""jurisdiction_placeholder"":[],""kr_institution"":[],""legal_conclusion"":[],""procedural"":[]}}}",pass,"{""source"":{""2"":1,""5"":1},""target"":{""2"":1,""5"":1}}",[],[],True,review,"[""The English final text contains an unsupported litigation-status statement identifying [COMPANY_A] as the defendant in a case. This also violates the requirement to omit litigation posture or disposition."",""The English and Korean final texts are substantively non-equivalent because the English text includes the additional defendant/case statement while the Korean text does not.""]",False,False
KR_d35502ba94fbfc6c92,pass,pass,pass,pass,pass,"{""en"":{""hangul"":0,""latin"":838,""reason"":null,""status"":""pass""},""ko"":{""hangul"":264,""latin"":69,""reason"":null,""status"":""pass""}}",pass,"{""en"":[""[ORGANIZATION_B]"",""[PERSON_A]""],""ko"":[""[ORGANIZATION_B]"",""[PERSON_A]""],""status"":""pass""}",pass,"{""en"":{""duplicates"":[],""status"":""pass""},""ko"":{""duplicates"":[],""status"":""pass""}}",pass,pass,pass,"{""en"":{""jurisdiction_leakage_evidence"":[],""jurisdiction_leakage_status"":""pass"",""legal_leakage_evidence"":[],""legal_leakage_status"":""pass"",""procedural_leakage_status"":""pass"",""strict_leakage_evidence"":{""currency"":[],""customary_unit"":[],""jurisdiction_placeholder"":[],""kr_institution"":[],""legal_conclusion"":[],""procedural"":[]}},""ko"":{""jurisdiction_leakage_evidence"":[],""jurisdiction_leakage_status"":""pass"",""legal_leakage_evidence"":[],""legal_leakage_status"":""pass"",""procedural_leakage_status"":""pass"",""strict_leakage_evidence"":{""currency"":[],""customary_unit"":[],""jurisdiction_placeholder"":[],""kr_institution"":[],""legal_conclusion"":[],""procedural"":[]}}}",pass,"{""source"":{""13"":1,""18"":1,""19"":1,""1973"":6,""20"":1,""2018"":1,""3"":2,""4"":6,""6"":2},""target"":{""13"":1,""18"":1,""19"":1,""1973"":6,""20"":1,""2018"":1,""3"":2,""4"":6,""6"":2}}",[],[],True,review,"[""The final record includes the plaintiffs' compensation claim, which is a litigation posture rather than a substantive underlying event. It should not be retained in a neutral-fact record under the stated QC criteria.""]",False,False
KR_d4a866bf8f86262c7f,pass,pass,pass,pass,pass,"{""en"":{""hangul"":0,""latin"":1389,""reason"":null,""status"":""pass""},""ko"":{""hangul"":396,""latin"":251,""reason"":null,""status"":""pass""}}",pass,"{""en"":[""[COMPANY_A]"",""[PERSON_A]"",""[PERSON_B]"",""[PERSON_C]"",""[PERSON_D]"",""[PERSON_E]"",""[PROPERTY_A]"",""[PROPERTY_B]"",""[PROPERTY_C]""],""ko"":[""[COMPANY_A]"",""[PERSON_A]"",""[PERSON_B]"",""[PERSON_C]"",""[PERSON_D]"",""[PERSON_E]"",""[PROPERTY_A]"",""[PROPERTY_B]"",""[PROPERTY_C]""],""status"":""pass""}",pass,"{""en"":{""duplicates"":[],""status"":""pass""},""ko"":{""duplicates"":[],""status"":""pass""}}",pass,pass,pass,"{""en"":{""jurisdiction_leakage_evidence"":[],""jurisdiction_leakage_status"":""pass"",""legal_leakage_evidence"":[],""legal_leakage_status"":""pass"",""procedural_leakage_status"":""pass"",""strict_leakage_evidence"":{""currency"":[],""customary_unit"":[],""jurisdiction_placeholder"":[],""kr_institution"":[],""legal_conclusion"":[],""procedural"":[]}},""ko"":{""jurisdiction_leakage_evidence"":[],""jurisdiction_leakage_status"":""pass"",""legal_leakage_evidence"":[],""legal_leakage_status"":""pass"",""procedural_leakage_status"":""pass"",""strict_leakage_evidence"":{""currency"":[],""customary_unit"":[],""jurisdiction_placeholder"":[],""kr_institution"":[],""legal_conclusion"":[],""procedural"":[]}}}",fail,"{""source"":{""0.76"":1,""0.86"":1,""0.92"":1,""0.94"":1,""0.99"":1,""00"":1,""1"":5,""2"":4,""2004"":1,""21"":1,""22"":1,""3"":1,""50"":1,""7"":1,""9"":1},""target"":{""0.76"":1,""0.86"":1,""0.92"":1,""0.94"":1,""0.99"":1,""00"":1,""1"":5,""2"":5,""2004"":1,""21"":1,""22"":1,""3"":1,""50"":1,""7"":1,""9"":1}}",[],"[""numerical_unit_status""]",True,pass,[],False,True
KR_d614974ea605954ae6,pass,pass,pass,pass,pass,"{""en"":{""hangul"":0,""latin"":721,""reason"":null,""status"":""pass""},""ko"":{""hangul"":195,""latin"":147,""reason"":null,""status"":""pass""}}",pass,"{""en"":[""[PERSON_A]"",""[PERSON_B]"",""[PERSON_C]"",""[PERSON_D]""],""ko"":[""[PERSON_A]"",""[PERSON_B]"",""[PERSON_C]"",""[PERSON_D]""],""status"":""pass""}",pass,"{""en"":{""duplicates"":[],""status"":""pass""},""ko"":{""duplicates"":[],""status"":""pass""}}",pass,pass,pass,"{""en"":{""jurisdiction_leakage_evidence"":[],""jurisdiction_leakage_status"":""pass"",""legal_leakage_evidence"":[],""legal_leakage_status"":""pass"",""procedural_leakage_status"":""pass"",""strict_leakage_evidence"":{""currency"":[],""customary_unit"":[],""jurisdiction_placeholder"":[],""kr_institution"":[],""legal_conclusion"":[],""procedural"":[]}},""ko"":{""jurisdiction_leakage_evidence"":[],""jurisdiction_leakage_status"":""pass"",""legal_leakage_evidence"":[],""legal_leakage_status"":""pass"",""procedural_leakage_status"":""pass"",""strict_leakage_evidence"":{""currency"":[],""customary_unit"":[],""jurisdiction_placeholder"":[],""kr_institution"":[],""legal_conclusion"":[],""procedural"":[]}}}",pass,"{""source"":{},""target"":{}}",[],[],True,pass,[],False,True
KR_d7658dab9202d2e025,pass,pass,pass,pass,pass,"{""en"":{""hangul"":0,""latin"":1821,""reason"":null,""status"":""pass""},""ko"":{""hangul"":524,""latin"":197,""reason"":null,""status"":""pass""}}",pass,"{""en"":[""[INSTITUTION_A]"",""[INSTITUTION_B]"",""[PERSON_A]""],""ko"":[""[INSTITUTION_A]"",""[INSTITUTION_B]"",""[PERSON_A]""],""status"":""pass""}",pass,"{""en"":{""duplicates"":[],""status"":""pass""},""ko"":{""duplicates"":[],""status"":""pass""}}",pass,pass,pass,"{""en"":{""jurisdiction_leakage_evidence"":[],""jurisdiction_leakage_status"":""pass"",""legal_leakage_evidence"":[],""legal_leakage_status"":""pass"",""procedural_leakage_status"":""pass"",""strict_leakage_evidence"":{""currency"":[],""customary_unit"":[],""jurisdiction_placeholder"":[],""kr_institution"":[],""legal_conclusion"":[],""procedural"":[]}},""ko"":{""jurisdiction_leakage_evidence"":[],""jurisdiction_leakage_status"":""pass"",""legal_leakage_evidence"":[],""legal_leakage_status"":""pass"",""procedural_leakage_status"":""pass"",""strict_leakage_evidence"":{""currency"":[],""customary_unit"":[],""jurisdiction_placeholder"":[],""kr_institution"":[],""legal_conclusion"":[],""procedural"":[]}}}",pass,"{""source"":{""10"":1,""11"":1,""12"":1,""2"":1,""2005"":2,""28"":1,""3.5"":1,""8"":1,""9"":1},""target"":{""10"":1,""11"":1,""12"":1,""2"":1,""2005"":2,""28"":1,""3.5"":1,""8"":1,""9"":1}}",[],[],True,pass,[],False,True
KR_d9b3ee3b261df8b463,pass,pass,pass,pass,pass,"{""en"":{""hangul"":0,""latin"":1216,""reason"":null,""status"":""pass""},""ko"":{""hangul"":249,""latin"":141,""reason"":null,""status"":""pass""}}",pass,"{""en"":[""[COMPANY_A]"",""[ORGANIZATION_A]"",""[PERSON_A]"",""[PERSON_B]"",""[PERSON_C]"",""[VEHICLE_A]"",""[VEHICLE_B]""],""ko"":[""[COMPANY_A]"",""[ORGANIZATION_A]"",""[PERSON_A]"",""[PERSON_B]"",""[PERSON_C]"",""[VEHICLE_A]"",""[VEHICLE_B]""],""status"":""pass""}",pass,"{""en"":{""duplicates"":[],""status"":""pass""},""ko"":{""duplicates"":[],""status"":""pass""}}",pass,pass,pass,"{""en"":{""jurisdiction_leakage_evidence"":[],""jurisdiction_leakage_status"":""pass"",""legal_leakage_evidence"":[],""legal_leakage_status"":""pass"",""procedural_leakage_status"":""pass"",""strict_leakage_evidence"":{""currency"":[],""customary_unit"":[],""jurisdiction_placeholder"":[],""kr_institution"":[],""legal_conclusion"":[],""procedural"":[]}},""ko"":{""jurisdiction_leakage_evidence"":[],""jurisdiction_leakage_status"":""pass"",""legal_leakage_evidence"":[],""legal_leakage_status"":""pass"",""procedural_leakage_status"":""pass"",""strict_leakage_evidence"":{""currency"":[],""customary_unit"":[],""jurisdiction_placeholder"":[],""kr_institution"":[],""legal_conclusion"":[],""procedural"":[]}}}",fail,"{""source"":{""1"":1,""14"":1,""2"":1},""target"":{""1"":4,""14"":1,""2"":1}}",[],"[""numerical_unit_status""]",True,review,"[""Unsupported factual and legal content was added to neutral_fact_en beyond the source-grounded unit."",""A court/legal conclusion and litigation posture (\""The court of first instance determined...\"") were retained in neutral_fact_en."",""neutral_fact_en and neutral_fact_ko are not substantively equivalent because the two court-determination sentences appear only in English.""]",False,False
KR_df9ae8ebb4355cf9ab,pass,pass,pass,pass,pass,"{""en"":{""hangul"":0,""latin"":1818,""reason"":null,""status"":""pass""},""ko"":{""hangul"":522,""latin"":277,""reason"":null,""status"":""pass""}}",pass,"{""en"":[""[COMPANY_A]"",""[COMPANY_B]"",""[LOCATION_A]"",""[LOCATION_B]"",""[ORGANIZATION_A]"",""[PERSON_A]"",""[PERSON_B]"",""[PERSON_C]""],""ko"":[""[COMPANY_A]"",""[COMPANY_B]"",""[LOCATION_A]"",""[LOCATION_B]"",""[ORGANIZATION_A]"",""[PERSON_A]"",""[PERSON_B]"",""[PERSON_C]""],""status"":""pass""}",pass,"{""en"":{""duplicates"":[],""status"":""pass""},""ko"":{""duplicates"":[],""status"":""pass""}}",pass,pass,pass,"{""en"":{""jurisdiction_leakage_evidence"":[],""jurisdiction_leakage_status"":""pass"",""legal_leakage_evidence"":[],""legal_leakage_status"":""pass"",""procedural_leakage_status"":""pass"",""strict_leakage_evidence"":{""currency"":[],""customary_unit"":[],""jurisdiction_placeholder"":[],""kr_institution"":[],""legal_conclusion"":[],""procedural"":[]}},""ko"":{""jurisdiction_leakage_evidence"":[],""jurisdiction_leakage_status"":""pass"",""legal_leakage_evidence"":[],""legal_leakage_status"":""pass"",""procedural_leakage_status"":""pass"",""strict_leakage_evidence"":{""currency"":[],""customary_unit"":[],""jurisdiction_placeholder"":[],""kr_institution"":[],""legal_conclusion"":[],""procedural"":[]}}}",fail,"{""source"":{""2014"":1,""2016"":1},""target"":{""2"":2,""2014"":1,""2016"":1}}",[],"[""numerical_unit_status""]",True,review,"[""The English final text adds specific identities and jurisdictions—Minister of Land, Infrastructure and Transport, Seoul Metropolitan City, and Gyeonggi Province—that are not stated in the corresponding source unit and are not preserved in the Korean final text."",""The record contains near-duplicate boarding-abandonment statements in both languages; the second supplies a causal explanation, so this is redundancy rather than a distinct unsupported fact.""]",False,False
KR_e841c27e080fa0659c,pass,pass,pass,pass,pass,"{""en"":{""hangul"":0,""latin"":372,""reason"":null,""status"":""pass""},""ko"":{""hangul"":108,""latin"":88,""reason"":null,""status"":""pass""}}",pass,"{""en"":[""[COMPANY_A]"",""[PERSON_A]"",""[PERSON_B]"",""[PERSON_C]"",""[PERSON_D]"",""[VEHICLE_A]""],""ko"":[""[COMPANY_A]"",""[PERSON_A]"",""[PERSON_B]"",""[PERSON_C]"",""[PERSON_D]"",""[VEHICLE_A]""],""status"":""pass""}",pass,"{""en"":{""duplicates"":[],""status"":""pass""},""ko"":{""duplicates"":[],""status"":""pass""}}",pass,pass,pass,"{""en"":{""jurisdiction_leakage_evidence"":[],""jurisdiction_leakage_status"":""pass"",""legal_leakage_evidence"":[],""legal_leakage_status"":""pass"",""procedural_leakage_status"":""pass"",""strict_leakage_evidence"":{""currency"":[],""customary_unit"":[],""jurisdiction_placeholder"":[],""kr_institution"":[],""legal_conclusion"":[],""procedural"":[]}},""ko"":{""jurisdiction_leakage_evidence"":[],""jurisdiction_leakage_status"":""pass"",""legal_leakage_evidence"":[],""legal_leakage_status"":""pass"",""procedural_leakage_status"":""pass"",""strict_leakage_evidence"":{""currency"":[],""customary_unit"":[],""jurisdiction_placeholder"":[],""kr_institution"":[],""legal_conclusion"":[],""procedural"":[]}}}",pass,"{""source"":{""3"":1},""target"":{""3"":1}}",[],[],True,pass,[],False,True
KR_eee8ecec3165d10cc6,pass,pass,pass,pass,pass,"{""en"":{""hangul"":0,""latin"":610,""reason"":null,""status"":""pass""},""ko"":{""hangul"":189,""latin"":185,""reason"":null,""status"":""pass""}}",pass,"{""en"":[""[COMPANY_A]"",""[CURRENCY_AMOUNT_A]"",""[CURRENCY_AMOUNT_B]"",""[CURRENCY_AMOUNT_C]"",""[CURRENCY_AMOUNT_D]"",""[INSTITUTION_A]"",""[ORGANIZATION_A]"",""[PERSON_A]"",""[PERSON_B]""],""ko"":[""[COMPANY_A]"",""[CURRENCY_AMOUNT_A]"",""[CURRENCY_AMOUNT_B]"",""[CURRENCY_AMOUNT_C]"",""[CURRENCY_AMOUNT_D]"",""[INSTITUTION_A]"",""[ORGANIZATION_A]"",""[PERSON_A]"",""[PERSON_B]""],""status"":""pass""}",pass,"{""en"":{""duplicates"":[],""status"":""pass""},""ko"":{""duplicates"":[],""status"":""pass""}}",pass,pass,pass,"{""en"":{""jurisdiction_leakage_evidence"":[],""jurisdiction_leakage_status"":""pass"",""legal_leakage_evidence"":[],""legal_leakage_status"":""pass"",""procedural_leakage_status"":""pass"",""strict_leakage_evidence"":{""currency"":[],""customary_unit"":[],""jurisdiction_placeholder"":[],""kr_institution"":[],""legal_conclusion"":[],""procedural"":[]}},""ko"":{""jurisdiction_leakage_evidence"":[],""jurisdiction_leakage_status"":""pass"",""legal_leakage_evidence"":[],""legal_leakage_status"":""pass"",""procedural_leakage_status"":""pass"",""strict_leakage_evidence"":{""currency"":[],""customary_unit"":[],""jurisdiction_placeholder"":[],""kr_institution"":[],""legal_conclusion"":[],""procedural"":[]}}}",pass,"{""source"":{""11"":1,""16"":1,""2018"":5,""2019"":1,""2020"":1,""23"":1,""24"":2,""26"":1,""3"":1,""30"":1,""31"":2,""4"":1,""5"":1,""7"":2,""8"":3,""9"":1},""target"":{""11"":1,""16"":1,""2018"":5,""2019"":1,""2020"":1,""23"":1,""24"":2,""26"":1,""3"":1,""30"":1,""31"":2,""4"":1,""5"":1,""7"":2,""8"":3,""9"":1}}",[],[],True,pass,[],False,True
KR_f1f9176685f8c1c0db,pass,pass,pass,pass,pass,"{""en"":{""hangul"":0,""latin"":927,""reason"":null,""status"":""pass""},""ko"":{""hangul"":269,""latin"":126,""reason"":null,""status"":""pass""}}",pass,"{""en"":[""[ORGANIZATION_A]"",""[ORGANIZATION_B]"",""[PERSON_A]"",""[PERSON_B]"",""[VEHICLE_A]""],""ko"":[""[ORGANIZATION_A]"",""[ORGANIZATION_B]"",""[PERSON_A]"",""[PERSON_B]"",""[VEHICLE_A]""],""status"":""pass""}",pass,"{""en"":{""duplicates"":[],""status"":""pass""},""ko"":{""duplicates"":[],""status"":""pass""}}",pass,pass,pass,"{""en"":{""jurisdiction_leakage_evidence"":[],""jurisdiction_leakage_status"":""pass"",""legal_leakage_evidence"":[],""legal_leakage_status"":""pass"",""procedural_leakage_status"":""pass"",""strict_leakage_evidence"":{""currency"":[],""customary_unit"":[],""jurisdiction_placeholder"":[],""kr_institution"":[],""legal_conclusion"":[],""procedural"":[]}},""ko"":{""jurisdiction_leakage_evidence"":[],""jurisdiction_leakage_status"":""pass"",""legal_leakage_evidence"":[],""legal_leakage_status"":""pass"",""procedural_leakage_status"":""pass"",""strict_leakage_evidence"":{""currency"":[],""customary_unit"":[],""jurisdiction_placeholder"":[],""kr_institution"":[],""legal_conclusion"":[],""procedural"":[]}}}",pass,"{""source"":{""12"":2,""2"":1,""2013"":2,""2014"":3,""22"":1,""28"":3,""3"":1,""4"":1,""5"":2,""70"":1},""target"":{""12"":2,""2"":1,""2013"":2,""2014"":3,""22"":1,""28"":3,""3"":1,""4"":1,""5"":2,""70"":1}}",[],[],True,review,"[""The final record contains duplicated substantive accident content in both languages. The two statements describe the same lane-change, center-line crossing, and collision, creating factual redundancy.""]",False,False
KR_f358ab674e5ded71f1,pass,pass,pass,pass,pass,"{""en"":{""hangul"":0,""latin"":1409,""reason"":null,""status"":""pass""},""ko"":{""hangul"":414,""latin"":255,""reason"":null,""status"":""pass""}}",pass,"{""en"":[""[COMPANY_A]"",""[CURRENCY_AMOUNT_A]"",""[CURRENCY_AMOUNT_B]"",""[INSTITUTION_A]"",""[LOCATION_A]"",""[PERSON_A]"",""[PERSON_B]"",""[PERSON_C]""],""ko"":[""[COMPANY_A]"",""[CURRENCY_AMOUNT_A]"",""[CURRENCY_AMOUNT_B]"",""[INSTITUTION_A]"",""[LOCATION_A]"",""[PERSON_A]"",""[PERSON_B]"",""[PERSON_C]""],""status"":""pass""}",pass,"{""en"":{""duplicates"":[],""status"":""pass""},""ko"":{""duplicates"":[],""status"":""pass""}}",pass,pass,pass,"{""en"":{""jurisdiction_leakage_evidence"":[],""jurisdiction_leakage_status"":""pass"",""legal_leakage_evidence"":[],""legal_leakage_status"":""pass"",""procedural_leakage_status"":""pass"",""strict_leakage_evidence"":{""currency"":[],""customary_unit"":[],""jurisdiction_placeholder"":[],""kr_institution"":[],""legal_conclusion"":[],""procedural"":[]}},""ko"":{""jurisdiction_leakage_evidence"":[],""jurisdiction_leakage_status"":""pass"",""legal_leakage_evidence"":[],""legal_leakage_status"":""pass"",""procedural_leakage_status"":""pass"",""strict_leakage_evidence"":{""currency"":[],""customary_unit"":[],""jurisdiction_placeholder"":[],""kr_institution"":[],""legal_conclusion"":[],""procedural"":[]}}}",pass,"{""source"":{""10"":2,""18"":1,""2001"":2,""22"":1},""target"":{""10"":2,""18"":1,""2001"":2,""22"":1}}",[],[],True,review,"[""The final neutral fact retains procedural/litigation-posture information identifying a party and an opposing party, which should be omitted from a neutral real-world fact record.""]",False,False
KR_f3fe352a4c02d16f80,pass,pass,pass,pass,pass,"{""en"":{""hangul"":0,""latin"":782,""reason"":null,""status"":""pass""},""ko"":{""hangul"":227,""latin"":35,""reason"":null,""status"":""pass""}}",pass,"{""en"":[""[PERSON_A]""],""ko"":[""[PERSON_A]""],""status"":""pass""}",pass,"{""en"":{""duplicates"":[],""status"":""pass""},""ko"":{""duplicates"":[],""status"":""pass""}}",pass,pass,pass,"{""en"":{""jurisdiction_leakage_evidence"":[],""jurisdiction_leakage_status"":""pass"",""legal_leakage_evidence"":[],""legal_leakage_status"":""pass"",""procedural_leakage_status"":""pass"",""strict_leakage_evidence"":{""currency"":[],""customary_unit"":[],""jurisdiction_placeholder"":[],""kr_institution"":[],""legal_conclusion"":[],""procedural"":[]}},""ko"":{""jurisdiction_leakage_evidence"":[],""jurisdiction_leakage_status"":""pass"",""legal_leakage_evidence"":[],""legal_leakage_status"":""pass"",""procedural_leakage_status"":""pass"",""strict_leakage_evidence"":{""currency"":[],""customary_unit"":[],""jurisdiction_placeholder"":[],""kr_institution"":[],""legal_conclusion"":[],""procedural"":[]}}}",pass,"{""source"":{},""target"":{}}",[],[],True,review,"[""Litigation posture or dispute framing is retained in both languages through the statement that the issue was whether the treatment costs were related to the accident."",""A determination/conclusion is retained in both languages through \""were determined\"" / \""판단되었다\"" regarding the accident-related sequelae and rate of loss of work capacity.""]",False,False
KR_f5a5d762462130dccb,pass,pass,pass,pass,pass,"{""en"":{""hangul"":0,""latin"":4177,""reason"":null,""status"":""pass""},""ko"":{""hangul"":1157,""latin"":362,""reason"":null,""status"":""pass""}}",pass,"{""en"":[""[ORGANIZATION_A]"",""[ORGANIZATION_B]"",""[ORGANIZATION_C]""],""ko"":[""[ORGANIZATION_A]"",""[ORGANIZATION_B]"",""[ORGANIZATION_C]""],""status"":""pass""}",pass,"{""en"":{""duplicates"":[],""status"":""pass""},""ko"":{""duplicates"":[],""status"":""pass""}}",pass,pass,pass,"{""en"":{""jurisdiction_leakage_evidence"":[],""jurisdiction_leakage_status"":""pass"",""legal_leakage_evidence"":[],""legal_leakage_status"":""pass"",""procedural_leakage_status"":""pass"",""strict_leakage_evidence"":{""currency"":[],""customary_unit"":[],""jurisdiction_placeholder"":[],""kr_institution"":[],""legal_conclusion"":[],""procedural"":[]}},""ko"":{""jurisdiction_leakage_evidence"":[],""jurisdiction_leakage_status"":""pass"",""legal_leakage_evidence"":[],""legal_leakage_status"":""pass"",""procedural_leakage_status"":""pass"",""strict_leakage_evidence"":{""currency"":[],""customary_unit"":[],""jurisdiction_placeholder"":[],""kr_institution"":[],""legal_conclusion"":[],""procedural"":[]}}}",pass,"{""source"":{""15"":1,""1903"":1,""1967"":1,""2"":3,""2003"":3,""2004"":6,""2005"":2,""2006"":3,""2007"":1,""21"":1,""22"":1,""26"":1,""3"":1,""5"":3,""6"":1,""83"":1},""target"":{""15"":1,""1903"":1,""1967"":1,""2"":3,""2003"":3,""2004"":6,""2005"":2,""2006"":3,""2007"":1,""21"":1,""22"":1,""26"":1,""3"":1,""5"":3,""6"":1,""83"":1}}",[],[],True,review,"[""The English final text retains litigation posture through the phrase \""opposing party.\"""",""The English final text adds the unsupported specificity \""Seoul City\"" instead of preserving the source's generic reference to local governments.""]",False,False
KR_f8eefffc009c58124b,pass,pass,pass,pass,pass,"{""en"":{""hangul"":0,""latin"":597,""reason"":null,""status"":""pass""},""ko"":{""hangul"":164,""latin"":210,""reason"":null,""status"":""pass""}}",pass,"{""en"":[""[COMPANY_A]"",""[CURRENCY_AMOUNT_A]"",""[CURRENCY_AMOUNT_B]"",""[CURRENCY_AMOUNT_C]"",""[CURRENCY_AMOUNT_D]"",""[CURRENCY_AMOUNT_E]"",""[ORGANIZATION_A]"",""[VEHICLE_A]"",""[VEHICLE_B]"",""[VEHICLE_C]""],""ko"":[""[COMPANY_A]"",""[CURRENCY_AMOUNT_A]"",""[CURRENCY_AMOUNT_B]"",""[CURRENCY_AMOUNT_C]"",""[CURRENCY_AMOUNT_D]"",""[CURRENCY_AMOUNT_E]"",""[ORGANIZATION_A]"",""[VEHICLE_A]"",""[VEHICLE_B]"",""[VEHICLE_C]""],""status"":""pass""}",pass,"{""en"":{""duplicates"":[],""status"":""pass""},""ko"":{""duplicates"":[],""status"":""pass""}}",pass,pass,pass,"{""en"":{""jurisdiction_leakage_evidence"":[],""jurisdiction_leakage_status"":""pass"",""legal_leakage_evidence"":[],""legal_leakage_status"":""pass"",""procedural_leakage_status"":""pass"",""strict_leakage_evidence"":{""currency"":[],""customary_unit"":[],""jurisdiction_placeholder"":[],""kr_institution"":[],""legal_conclusion"":[],""procedural"":[]}},""ko"":{""jurisdiction_leakage_evidence"":[],""jurisdiction_leakage_status"":""pass"",""legal_leakage_evidence"":[],""legal_leakage_status"":""pass"",""procedural_leakage_status"":""pass"",""strict_leakage_evidence"":{""currency"":[],""customary_unit"":[],""jurisdiction_placeholder"":[],""kr_institution"":[],""legal_conclusion"":[],""procedural"":[]}}}",fail,"{""source"":{""1"":1,""2019"":1},""target"":{""1"":2,""2019"":1}}",[],"[""numerical_unit_status""]",True,pass,[],False,True
KR_f92051e8c5598d8ccc,pass,pass,pass,pass,pass,"{""en"":{""hangul"":0,""latin"":1612,""reason"":null,""status"":""pass""},""ko"":{""hangul"":396,""latin"":279,""reason"":null,""status"":""pass""}}",pass,"{""en"":[""[COMPANY_A]"",""[COMPANY_B]"",""[INSTITUTION_A]"",""[INSTITUTION_B]"",""[PERSON_A]"",""[PERSON_B]"",""[PROPERTY_A]""],""ko"":[""[COMPANY_A]"",""[COMPANY_B]"",""[INSTITUTION_A]"",""[INSTITUTION_B]"",""[PERSON_A]"",""[PERSON_B]"",""[PROPERTY_A]""],""status"":""pass""}",pass,"{""en"":{""duplicates"":[],""status"":""pass""},""ko"":{""duplicates"":[],""status"":""pass""}}",pass,pass,pass,"{""en"":{""jurisdiction_leakage_evidence"":[],""jurisdiction_leakage_status"":""pass"",""legal_leakage_evidence"":[],""legal_leakage_status"":""pass"",""procedural_leakage_status"":""pass"",""strict_leakage_evidence"":{""currency"":[],""customary_unit"":[],""jurisdiction_placeholder"":[],""kr_institution"":[],""legal_conclusion"":[],""procedural"":[]}},""ko"":{""jurisdiction_leakage_evidence"":[],""jurisdiction_leakage_status"":""pass"",""legal_leakage_evidence"":[],""legal_leakage_status"":""pass"",""procedural_leakage_status"":""pass"",""strict_leakage_evidence"":{""currency"":[],""customary_unit"":[],""jurisdiction_placeholder"":[],""kr_institution"":[],""legal_conclusion"":[],""procedural"":[]}}}",fail,"{""source"":{""1"":1,""10"":1,""16"":1,""1996"":2,""29"":1,""30"":1,""7"":2},""target"":{""00"":2,""1"":2,""10"":1,""16"":1,""1996"":2,""29"":1,""30"":1,""7"":2}}",[],"[""numerical_unit_status""]",True,pass,[],False,True
KR_fade97268b1abdcfa2,pass,pass,pass,pass,pass,"{""en"":{""hangul"":0,""latin"":1167,""reason"":null,""status"":""pass""},""ko"":{""hangul"":328,""latin"":123,""reason"":null,""status"":""pass""}}",pass,"{""en"":[""[COMPANY_B]"",""[COMPANY_C]"",""[CURRENCY_AMOUNT_A]"",""[ORGANIZATION_B]"",""[PERSON_A]"",""[PERSON_B]""],""ko"":[""[COMPANY_B]"",""[COMPANY_C]"",""[CURRENCY_AMOUNT_A]"",""[ORGANIZATION_B]"",""[PERSON_A]"",""[PERSON_B]""],""status"":""pass""}",pass,"{""en"":{""duplicates"":[],""status"":""pass""},""ko"":{""duplicates"":[],""status"":""pass""}}",pass,pass,pass,"{""en"":{""jurisdiction_leakage_evidence"":[],""jurisdiction_leakage_status"":""pass"",""legal_leakage_evidence"":[],""legal_leakage_status"":""pass"",""procedural_leakage_status"":""pass"",""strict_leakage_evidence"":{""currency"":[],""customary_unit"":[],""jurisdiction_placeholder"":[],""kr_institution"":[],""legal_conclusion"":[],""procedural"":[]}},""ko"":{""jurisdiction_leakage_evidence"":[],""jurisdiction_leakage_status"":""pass"",""legal_leakage_evidence"":[],""legal_leakage_status"":""pass"",""procedural_leakage_status"":""pass"",""strict_leakage_evidence"":{""currency"":[],""customary_unit"":[],""jurisdiction_placeholder"":[],""kr_institution"":[],""legal_conclusion"":[],""procedural"":[]}}}",pass,"{""source"":{""1995"":2,""42"":1},""target"":{""1995"":2,""42"":1}}",[],[],True,review,"[""The final text retains litigation posture and an attributed claim (the defendants' claim), which should not appear in a neutral-fact record.""]",False,False
KR_fdfefa335ed21439c0,pass,pass,pass,pass,pass,"{""en"":{""hangul"":0,""latin"":1660,""reason"":null,""status"":""pass""},""ko"":{""hangul"":509,""latin"":266,""reason"":null,""status"":""pass""}}",pass,"{""en"":[""[INSTITUTION_A]"",""[ORGANIZATION_A]"",""[PERSON_A]"",""[PERSON_B]"",""[PERSON_C]"",""[PERSON_D]"",""[PERSON_E]"",""[PERSON_F]"",""[PERSON_G]"",""[PERSON_H]""],""ko"":[""[INSTITUTION_A]"",""[ORGANIZATION_A]"",""[PERSON_A]"",""[PERSON_B]"",""[PERSON_C]"",""[PERSON_D]"",""[PERSON_E]"",""[PERSON_F]"",""[PERSON_G]"",""[PERSON_H]""],""status"":""pass""}",pass,"{""en"":{""duplicates"":[],""status"":""pass""},""ko"":{""duplicates"":[],""status"":""pass""}}",pass,pass,pass,"{""en"":{""jurisdiction_leakage_evidence"":[],""jurisdiction_leakage_status"":""pass"",""legal_leakage_evidence"":[],""legal_leakage_status"":""pass"",""procedural_leakage_status"":""pass"",""strict_leakage_evidence"":{""currency"":[],""customary_unit"":[],""jurisdiction_placeholder"":[],""kr_institution"":[],""legal_conclusion"":[],""procedural"":[]}},""ko"":{""jurisdiction_leakage_evidence"":[],""jurisdiction_leakage_status"":""pass"",""legal_leakage_evidence"":[],""legal_leakage_status"":""pass"",""procedural_leakage_status"":""pass"",""strict_leakage_evidence"":{""currency"":[],""customary_unit"":[],""jurisdiction_placeholder"":[],""kr_institution"":[],""legal_conclusion"":[],""procedural"":[]}}}",fail,"{""source"":{""00"":2,""07"":1,""08"":1,""09"":2,""11"":4,""13"":1,""18"":1,""19"":1,""1998"":3,""2"":1,""20"":1,""22"":1,""25"":2,""26"":1,""30"":1,""35"":1,""36"":1,""40"":1,""50"":3,""6"":1},""target"":{""00"":2,""07"":1,""08"":1,""09"":2,""1"":2,""11"":4,""13"":1,""18"":1,""19"":1,""1998"":3,""20"":1,""22"":1,""25"":2,""26"":1,""30"":1,""35"":1,""36"":1,""40"":1,""50"":3,""6"":1}}",[],"[""numerical_unit_status""]",True,pass,[],False,True
US_00df5ba88ee9d43fd5,pass,pass,pass,pass,pass,"{""en"":{""hangul"":0,""latin"":896,""reason"":null,""status"":""pass""},""ko"":{""hangul"":391,""latin"":32,""reason"":null,""status"":""pass""}}",pass,"{""en"":[""[COMPANY_A]"",""[COMPANY_B]""],""ko"":[""[COMPANY_A]"",""[COMPANY_B]""],""status"":""pass""}",pass,"{""en"":{""duplicates"":[],""status"":""pass""},""ko"":{""duplicates"":[],""status"":""pass""}}",pass,pass,pass,"{""en"":{""jurisdiction_leakage_evidence"":[],""jurisdiction_leakage_status"":""pass"",""legal_leakage_evidence"":[],""legal_leakage_status"":""pass"",""procedural_leakage_status"":""pass"",""strict_leakage_evidence"":{""currency"":[],""customary_unit"":[],""jurisdiction_placeholder"":[],""kr_institution"":[],""legal_conclusion"":[],""procedural"":[]}},""ko"":{""jurisdiction_leakage_evidence"":[],""jurisdiction_leakage_status"":""pass"",""legal_leakage_evidence"":[],""legal_leakage_status"":""pass"",""procedural_leakage_status"":""pass"",""strict_leakage_evidence"":{""currency"":[],""customary_unit"":[],""jurisdiction_placeholder"":[],""kr_institution"":[],""legal_conclusion"":[],""procedural"":[]}}}",fail,"{""source"":{""2004"":2,""3"":1,""6"":1,""7"":1,""8"":1},""target"":{""2"":1,""2004"":2,""6"":1,""7"":1,""8"":1}}",[],"[""numerical_unit_status""]",True,pass,[],False,True
US_03aa3f07d9d0e5332a,pass,pass,pass,pass,pass,"{""en"":{""hangul"":0,""latin"":1636,""reason"":null,""status"":""pass""},""ko"":{""hangul"":551,""latin"":256,""reason"":null,""status"":""pass""}}",pass,"{""en"":[""[COMPANY_A]"",""[COMPANY_B]"",""[CURRENCY_AMOUNT_A]"",""[PERSON_A]"",""[PROPERTY_A]""],""ko"":[""[COMPANY_A]"",""[COMPANY_B]"",""[CURRENCY_AMOUNT_A]"",""[PERSON_A]"",""[PROPERTY_A]""],""status"":""pass""}",pass,"{""en"":{""duplicates"":[],""status"":""pass""},""ko"":{""duplicates"":[],""status"":""pass""}}",pass,pass,pass,"{""en"":{""jurisdiction_leakage_evidence"":[],""jurisdiction_leakage_status"":""pass"",""legal_leakage_evidence"":[],""legal_leakage_status"":""pass"",""procedural_leakage_status"":""pass"",""strict_leakage_evidence"":{""currency"":[],""customary_unit"":[],""jurisdiction_placeholder"":[],""kr_institution"":[],""legal_conclusion"":[],""procedural"":[]}},""ko"":{""jurisdiction_leakage_evidence"":[],""jurisdiction_leakage_status"":""pass"",""legal_leakage_evidence"":[],""legal_leakage_status"":""pass"",""procedural_leakage_status"":""pass"",""strict_leakage_evidence"":{""currency"":[],""customary_unit"":[],""jurisdiction_placeholder"":[],""kr_institution"":[],""legal_conclusion"":[],""procedural"":[]}}}",pass,"{""source"":{""1.22"":1,""10"":1,""1987"":1,""1999"":1,""25"":1,""3.35"":1,""6"":1},""target"":{""1.22"":1,""10"":1,""1987"":1,""1999"":1,""25"":1,""3.35"":1,""6"":1}}",[],[],True,review,"[""The final factual content duplicates the fall and resulting fractures in both languages, reducing concision and creating a repeated account of the same event.""]",False,False
US_04cf5031ab373b2ef6,pass,pass,pass,pass,pass,"{""en"":{""hangul"":0,""latin"":817,""reason"":null,""status"":""pass""},""ko"":{""hangul"":302,""latin"":187,""reason"":null,""status"":""pass""}}",pass,"{""en"":[""[COMPANY_A]"",""[COMPANY_B]"",""[PERSON_A]"",""[PERSON_B]"",""[PROPERTY_A]""],""ko"":[""[COMPANY_A]"",""[COMPANY_B]"",""[PERSON_A]"",""[PERSON_B]"",""[PROPERTY_A]""],""status"":""pass""}",pass,"{""en"":{""duplicates"":[],""status"":""pass""},""ko"":{""duplicates"":[],""status"":""pass""}}",pass,pass,pass,"{""en"":{""jurisdiction_leakage_evidence"":[],""jurisdiction_leakage_status"":""pass"",""legal_leakage_evidence"":[],""legal_leakage_status"":""pass"",""procedural_leakage_status"":""pass"",""strict_leakage_evidence"":{""currency"":[],""customary_unit"":[],""jurisdiction_placeholder"":[],""kr_institution"":[],""legal_conclusion"":[],""procedural"":[]}},""ko"":{""jurisdiction_leakage_evidence"":[],""jurisdiction_leakage_status"":""pass"",""legal_leakage_evidence"":[],""legal_leakage_status"":""pass"",""procedural_leakage_status"":""pass"",""strict_leakage_evidence"":{""currency"":[],""customary_unit"":[],""jurisdiction_placeholder"":[],""kr_institution"":[],""legal_conclusion"":[],""procedural"":[]}}}",fail,"{""source"":{""2"":1},""target"":{}}",[],"[""numerical_unit_status""]",True,pass,[],False,True
US_061c987e5f6b8cf2e8,pass,pass,pass,pass,pass,"{""en"":{""hangul"":0,""latin"":1911,""reason"":null,""status"":""pass""},""ko"":{""hangul"":691,""latin"":446,""reason"":null,""status"":""pass""}}",pass,"{""en"":[""[COMPANY_A]"",""[INSTITUTION_A]"",""[INSTITUTION_B]"",""[PERSON_A]"",""[PERSON_B]"",""[PERSON_C]""],""ko"":[""[COMPANY_A]"",""[INSTITUTION_A]"",""[INSTITUTION_B]"",""[PERSON_A]"",""[PERSON_B]"",""[PERSON_C]""],""status"":""pass""}",pass,"{""en"":{""duplicates"":[],""status"":""pass""},""ko"":{""duplicates"":[],""status"":""pass""}}",pass,pass,pass,"{""en"":{""jurisdiction_leakage_evidence"":[],""jurisdiction_leakage_status"":""pass"",""legal_leakage_evidence"":[],""legal_leakage_status"":""pass"",""procedural_leakage_status"":""pass"",""strict_leakage_evidence"":{""currency"":[],""customary_unit"":[],""jurisdiction_placeholder"":[],""kr_institution"":[],""legal_conclusion"":[],""procedural"":[]}},""ko"":{""jurisdiction_leakage_evidence"":[],""jurisdiction_leakage_status"":""pass"",""legal_leakage_evidence"":[],""legal_leakage_status"":""pass"",""procedural_leakage_status"":""pass"",""strict_leakage_evidence"":{""currency"":[],""customary_unit"":[],""jurisdiction_placeholder"":[],""kr_institution"":[],""legal_conclusion"":[],""procedural"":[]}}}",pass,"{""source"":{""12"":1,""16"":1,""17"":1,""1989"":1,""1992"":7,""27"":1,""3"":1,""5"":1,""6"":3,""7"":2,""9"":1},""target"":{""12"":1,""16"":1,""17"":1,""1989"":1,""1992"":7,""27"":1,""3"":1,""5"":1,""6"":3,""7"":2,""9"":1}}",[],[],True,pass,[],False,True
US_0852f7949bcaa2bb53,pass,pass,pass,pass,pass,"{""en"":{""hangul"":0,""latin"":1288,""reason"":null,""status"":""pass""},""ko"":{""hangul"":471,""latin"":244,""reason"":null,""status"":""pass""}}",pass,"{""en"":[""[COMPANY_A]"",""[COMPANY_C]"",""[COMPANY_D]"",""[LOCATION_A]"",""[PERSON_A]"",""[PERSON_B]"",""[PERSON_C]"",""[PERSON_D]"",""[PERSON_E]""],""ko"":[""[COMPANY_A]"",""[COMPANY_C]"",""[COMPANY_D]"",""[LOCATION_A]"",""[PERSON_A]"",""[PERSON_B]"",""[PERSON_C]"",""[PERSON_D]"",""[PERSON_E]""],""status"":""pass""}",pass,"{""en"":{""duplicates"":[],""status"":""pass""},""ko"":{""duplicates"":[],""status"":""pass""}}",pass,pass,pass,"{""en"":{""jurisdiction_leakage_evidence"":[],""jurisdiction_leakage_status"":""pass"",""legal_leakage_evidence"":[],""legal_leakage_status"":""pass"",""procedural_leakage_status"":""pass"",""strict_leakage_evidence"":{""currency"":[],""customary_unit"":[],""jurisdiction_placeholder"":[],""kr_institution"":[],""legal_conclusion"":[],""procedural"":[]}},""ko"":{""jurisdiction_leakage_evidence"":[],""jurisdiction_leakage_status"":""pass"",""legal_leakage_evidence"":[],""legal_leakage_status"":""pass"",""procedural_leakage_status"":""pass"",""strict_leakage_evidence"":{""currency"":[],""customary_unit"":[],""jurisdiction_placeholder"":[],""kr_institution"":[],""legal_conclusion"":[],""procedural"":[]}}}",fail,"{""source"":{""10"":1,""17"":1,""1995"":1,""3"":1,""5"":2},""target"":{""10"":1,""15"":1,""17"":1,""1995"":1,""3"":1}}",[],"[""numerical_unit_status""]",True,pass,[],False,True
US_0b0596e3f457282cc2,pass,pass,pass,pass,pass,"{""en"":{""hangul"":0,""latin"":1269,""reason"":null,""status"":""pass""},""ko"":{""hangul"":472,""latin"":167,""reason"":null,""status"":""pass""}}",pass,"{""en"":[""[COMPANY_A]"",""[COMPANY_B]"",""[CURRENCY_AMOUNT_A]"",""[PERSON_A]"",""[PERSON_B]"",""[PERSON_C]""],""ko"":[""[COMPANY_A]"",""[COMPANY_B]"",""[CURRENCY_AMOUNT_A]"",""[PERSON_A]"",""[PERSON_B]"",""[PERSON_C]""],""status"":""pass""}",pass,"{""en"":{""duplicates"":[],""status"":""pass""},""ko"":{""duplicates"":[],""status"":""pass""}}",pass,pass,pass,"{""en"":{""jurisdiction_leakage_evidence"":[],""jurisdiction_leakage_status"":""pass"",""legal_leakage_evidence"":[],""legal_leakage_status"":""pass"",""procedural_leakage_status"":""pass"",""strict_leakage_evidence"":{""currency"":[],""customary_unit"":[],""jurisdiction_placeholder"":[],""kr_institution"":[],""legal_conclusion"":[],""procedural"":[]}},""ko"":{""jurisdiction_leakage_evidence"":[],""jurisdiction_leakage_status"":""pass"",""legal_leakage_evidence"":[],""legal_leakage_status"":""pass"",""procedural_leakage_status"":""pass"",""strict_leakage_evidence"":{""currency"":[],""customary_unit"":[],""jurisdiction_placeholder"":[],""kr_institution"":[],""legal_conclusion"":[],""procedural"":[]}}}",fail,"{""source"":{""10"":1,""12"":1,""2"":2,""2000"":4,""21"":1,""23"":1,""30,000"":1,""33,084"":1,""45,000"":1,""8"":2},""target"":{""10"":1,""12"":1,""2"":1,""2000"":4,""21"":1,""23"":1,""30,000"":1,""33,084"":1,""45,000"":1,""8"":2}}",[],"[""numerical_unit_status""]",True,pass,[],False,True
US_0cb53a4c10c6b8a81c,pass,pass,pass,pass,pass,"{""en"":{""hangul"":0,""latin"":693,""reason"":null,""status"":""pass""},""ko"":{""hangul"":279,""latin"":161,""reason"":null,""status"":""pass""}}",pass,"{""en"":[""[LOCATION_A]"",""[ORGANIZATION_A]"",""[PERSON_A]"",""[PERSON_B]"",""[PERSON_C]"",""[PERSON_D]"",""[PRODUCT_A]"",""[PRODUCT_B]""],""ko"":[""[LOCATION_A]"",""[ORGANIZATION_A]"",""[PERSON_A]"",""[PERSON_B]"",""[PERSON_C]"",""[PERSON_D]"",""[PRODUCT_A]"",""[PRODUCT_B]""],""status"":""pass""}",pass,"{""en"":{""duplicates"":[],""status"":""pass""},""ko"":{""duplicates"":[],""status"":""pass""}}",pass,pass,pass,"{""en"":{""jurisdiction_leakage_evidence"":[],""jurisdiction_leakage_status"":""pass"",""legal_leakage_evidence"":[],""legal_leakage_status"":""pass"",""procedural_leakage_status"":""pass"",""strict_leakage_evidence"":{""currency"":[],""customary_unit"":[],""jurisdiction_placeholder"":[],""kr_institution"":[],""legal_conclusion"":[],""procedural"":[]}},""ko"":{""jurisdiction_leakage_evidence"":[],""jurisdiction_leakage_status"":""pass"",""legal_leakage_evidence"":[],""legal_leakage_status"":""pass"",""procedural_leakage_status"":""pass"",""strict_leakage_evidence"":{""currency"":[],""customary_unit"":[],""jurisdiction_placeholder"":[],""kr_institution"":[],""legal_conclusion"":[],""procedural"":[]}}}",pass,"{""source"":{""1"":1,""1,049"":1,""10"":2,""12"":1,""2017"":1,""58"":1},""target"":{""1"":1,""1,049"":1,""10"":2,""12"":1,""2017"":1,""58"":1}}",[],[],True,review,"[""The Korean text introduces the unsupported substantive allegation of negligent entrustment (\""부주의한 위탁\""), creating a cross-language and source-grounding mismatch."",""Both language versions retain litigation posture: the filing of the lawsuit and the complaint's allegations. These are procedural/legal framing rather than the underlying real-world events.""]",False,False
US_0cdf24e76568435f05,pass,pass,pass,pass,pass,"{""en"":{""hangul"":0,""latin"":717,""reason"":null,""status"":""pass""},""ko"":{""hangul"":243,""latin"":82,""reason"":null,""status"":""pass""}}",pass,"{""en"":[""[INSTITUTION_A]"",""[PERSON_A]"",""[PERSON_B]""],""ko"":[""[INSTITUTION_A]"",""[PERSON_A]"",""[PERSON_B]""],""status"":""pass""}",pass,"{""en"":{""duplicates"":[],""status"":""pass""},""ko"":{""duplicates"":[],""status"":""pass""}}",pass,pass,pass,"{""en"":{""jurisdiction_leakage_evidence"":[],""jurisdiction_leakage_status"":""pass"",""legal_leakage_evidence"":[],""legal_leakage_status"":""pass"",""procedural_leakage_status"":""pass"",""strict_leakage_evidence"":{""currency"":[],""customary_unit"":[],""jurisdiction_placeholder"":[],""kr_institution"":[],""legal_conclusion"":[],""procedural"":[]}},""ko"":{""jurisdiction_leakage_evidence"":[],""jurisdiction_leakage_status"":""pass"",""legal_leakage_evidence"":[],""legal_leakage_status"":""pass"",""procedural_leakage_status"":""pass"",""strict_leakage_evidence"":{""currency"":[],""customary_unit"":[],""jurisdiction_placeholder"":[],""kr_institution"":[],""legal_conclusion"":[],""procedural"":[]}}}",fail,"{""source"":{},""target"":{""15"":1}}",[],"[""numerical_unit_status""]",True,pass,[],False,True
US_0eaf2fe14baa5be05e,pass,pass,pass,pass,pass,"{""en"":{""hangul"":0,""latin"":1429,""reason"":null,""status"":""pass""},""ko"":{""hangul"":521,""latin"":193,""reason"":null,""status"":""pass""}}",pass,"{""en"":[""[LOCATION_A]"",""[LOCATION_B]"",""[ORGANIZATION_A]"",""[PERSON_A]"",""[PERSON_B]"",""[VEHICLE_A]""],""ko"":[""[LOCATION_A]"",""[LOCATION_B]"",""[ORGANIZATION_A]"",""[PERSON_A]"",""[PERSON_B]"",""[VEHICLE_A]""],""status"":""pass""}",pass,"{""en"":{""duplicates"":[],""status"":""pass""},""ko"":{""duplicates"":[],""status"":""pass""}}",pass,pass,pass,"{""en"":{""jurisdiction_leakage_evidence"":[],""jurisdiction_leakage_status"":""pass"",""legal_leakage_evidence"":[],""legal_leakage_status"":""pass"",""procedural_leakage_status"":""pass"",""strict_leakage_evidence"":{""currency"":[],""customary_unit"":[],""jurisdiction_placeholder"":[],""kr_institution"":[],""legal_conclusion"":[],""procedural"":[]}},""ko"":{""jurisdiction_leakage_evidence"":[],""jurisdiction_leakage_status"":""pass"",""legal_leakage_evidence"":[],""legal_leakage_status"":""pass"",""procedural_leakage_status"":""pass"",""strict_leakage_evidence"":{""currency"":[],""customary_unit"":[],""jurisdiction_placeholder"":[],""kr_institution"":[],""legal_conclusion"":[],""procedural"":[]}}}",pass,"{""source"":{""1"":1,""1991"":1,""26"":1},""target"":{""1"":1,""1991"":1,""26"":1}}",[],[],True,review,"[""The final text retains a court-related dissenting view and its associated legal/causation conclusion, rather than limiting the record to neutral, independently verifiable facts.""]",False,False
US_0ed0e9c92a0a12ceca,pass,pass,pass,pass,pass,"{""en"":{""hangul"":0,""latin"":1557,""reason"":null,""status"":""pass""},""ko"":{""hangul"":668,""latin"":430,""reason"":null,""status"":""pass""}}",pass,"{""en"":[""[COMPANY_A]"",""[COMPANY_B]"",""[COMPANY_D]"",""[COMPANY_E]"",""[CURRENCY_AMOUNT_A]"",""[CURRENCY_AMOUNT_B]"",""[PERSON_A]"",""[PERSON_B]"",""[VEHICLE_A]""],""ko"":[""[COMPANY_A]"",""[COMPANY_B]"",""[COMPANY_D]"",""[COMPANY_E]"",""[CURRENCY_AMOUNT_A]"",""[CURRENCY_AMOUNT_B]"",""[PERSON_A]"",""[PERSON_B]"",""[VEHICLE_A]""],""status"":""pass""}",pass,"{""en"":{""duplicates"":[],""status"":""pass""},""ko"":{""duplicates"":[],""status"":""pass""}}",pass,pass,pass,"{""en"":{""jurisdiction_leakage_evidence"":[],""jurisdiction_leakage_status"":""pass"",""legal_leakage_evidence"":[],""legal_leakage_status"":""pass"",""procedural_leakage_status"":""pass"",""strict_leakage_evidence"":{""currency"":[],""customary_unit"":[],""jurisdiction_placeholder"":[],""kr_institution"":[],""legal_conclusion"":[],""procedural"":[]}},""ko"":{""jurisdiction_leakage_evidence"":[],""jurisdiction_leakage_status"":""pass"",""legal_leakage_evidence"":[],""legal_leakage_status"":""pass"",""procedural_leakage_status"":""pass"",""strict_leakage_evidence"":{""currency"":[],""customary_unit"":[],""jurisdiction_placeholder"":[],""kr_institution"":[],""legal_conclusion"":[],""procedural"":[]}}}",fail,"{""source"":{""10"":1,""11"":1,""2"":1,""2002"":2,""4"":2,""500"":1},""target"":{""10"":1,""11"":1,""19"":1,""2"":1,""2001"":1,""2002"":2,""4"":3,""500"":1,""9"":1}}",[],"[""numerical_unit_status""]",True,review,"[""The Korean final contains unsupported substantive facts about a 2001 lawsuit, a death, and a similar product-liability theory."",""The Korean final contains an unsupported assertion that [PERSON_A] and [PERSON_B] notified [COMPANY_B] of their intent to sue only long after the vehicle was altered."",""The final record redundantly repeats the injury fact and substantially repeats the suspension-defect allegation.""]",False,False
US_1042602a184dd1c50b,pass,pass,pass,pass,pass,"{""en"":{""hangul"":0,""latin"":1660,""reason"":null,""status"":""pass""},""ko"":{""hangul"":550,""latin"":320,""reason"":null,""status"":""pass""}}",pass,"{""en"":[""[ORGANIZATION_A]"",""[PERSON_A]"",""[PERSON_B]"",""[PERSON_C]"",""[PERSON_D]""],""ko"":[""[ORGANIZATION_A]"",""[PERSON_A]"",""[PERSON_B]"",""[PERSON_C]"",""[PERSON_D]""],""status"":""pass""}",pass,"{""en"":{""duplicates"":[],""status"":""pass""},""ko"":{""duplicates"":[],""status"":""pass""}}",pass,pass,pass,"{""en"":{""jurisdiction_leakage_evidence"":[],""jurisdiction_leakage_status"":""pass"",""legal_leakage_evidence"":[],""legal_leakage_status"":""pass"",""procedural_leakage_status"":""pass"",""strict_leakage_evidence"":{""currency"":[],""customary_unit"":[],""jurisdiction_placeholder"":[],""kr_institution"":[],""legal_conclusion"":[],""procedural"":[]}},""ko"":{""jurisdiction_leakage_evidence"":[],""jurisdiction_leakage_status"":""pass"",""legal_leakage_evidence"":[],""legal_leakage_status"":""pass"",""procedural_leakage_status"":""pass"",""strict_leakage_evidence"":{""currency"":[],""customary_unit"":[],""jurisdiction_placeholder"":[],""kr_institution"":[],""legal_conclusion"":[],""procedural"":[]}}}",fail,"{""source"":{""1"":1,""12"":7,""1996"":3,""2"":1,""20"":1,""25"":1,""3"":3,""5"":1,""6"":4},""target"":{""1"":1,""12"":7,""14"":2,""1996"":3,""20"":1,""25"":1,""3"":2,""5"":1,""6"":4}}",[],"[""numerical_unit_status""]",True,review,"[""Entity mismatch in the final Korean sentence: [PERSON_D]'s death should refer to [PERSON_A]'s death."",""The final record retains procedural/legal material: filing an action, dismissal of charges, a dissenting opinion, and a party's litigation argument.""]",False,False
US_143504a555ba2b1572,pass,pass,pass,pass,pass,"{""en"":{""hangul"":0,""latin"":2503,""reason"":null,""status"":""pass""},""ko"":{""hangul"":910,""latin"":288,""reason"":null,""status"":""pass""}}",pass,"{""en"":[""[LOCATION_JURISDICTION]"",""[ORGANIZATION_A]"",""[PERSON_A]"",""[PERSON_B]"",""[PERSON_C]"",""[PERSON_D]"",""[PERSON_E]""],""ko"":[""[LOCATION_JURISDICTION]"",""[ORGANIZATION_A]"",""[PERSON_A]"",""[PERSON_B]"",""[PERSON_C]"",""[PERSON_D]"",""[PERSON_E]""],""status"":""pass""}",pass,"{""en"":{""duplicates"":[],""status"":""pass""},""ko"":{""duplicates"":[],""status"":""pass""}}",pass,pass,pass,"{""en"":{""jurisdiction_leakage_evidence"":[],""jurisdiction_leakage_status"":""pass"",""legal_leakage_evidence"":[],""legal_leakage_status"":""pass"",""procedural_leakage_status"":""pass"",""strict_leakage_evidence"":{""currency"":[],""customary_unit"":[],""jurisdiction_placeholder"":[],""kr_institution"":[],""legal_conclusion"":[],""procedural"":[]}},""ko"":{""jurisdiction_leakage_evidence"":[],""jurisdiction_leakage_status"":""pass"",""legal_leakage_evidence"":[],""legal_leakage_status"":""pass"",""procedural_leakage_status"":""pass"",""strict_leakage_evidence"":{""currency"":[],""customary_unit"":[],""jurisdiction_placeholder"":[],""kr_institution"":[],""legal_conclusion"":[],""procedural"":[]}}}",fail,"{""source"":{""1"":5,""11"":3,""1995"":3,""1996"":2,""1998"":1,""2"":6,""25"":2,""3"":4,""30"":2,""45"":1,""5"":3,""8"":1,""9"":1},""target"":{""1"":3,""11"":3,""1995"":3,""1996"":2,""1998"":1,""2"":4,""25"":2,""3"":3,""30"":2,""45"":1,""5"":2,""8"":1,""9"":1}}",[],"[""numerical_unit_status""]",True,pass,[],False,True
US_157a99d9bc34ad07c0,pass,pass,pass,pass,pass,"{""en"":{""hangul"":0,""latin"":1355,""reason"":null,""status"":""pass""},""ko"":{""hangul"":469,""latin"":189,""reason"":null,""status"":""pass""}}",pass,"{""en"":[""[LOCATION_A]"",""[LOCATION_B]"",""[LOCATION_C]"",""[ORGANIZATION_B]"",""[PERSON_A]"",""[PERSON_C]""],""ko"":[""[LOCATION_A]"",""[LOCATION_B]"",""[LOCATION_C]"",""[ORGANIZATION_B]"",""[PERSON_A]"",""[PERSON_C]""],""status"":""pass""}",pass,"{""en"":{""duplicates"":[],""status"":""pass""},""ko"":{""duplicates"":[],""status"":""pass""}}",pass,pass,pass,"{""en"":{""jurisdiction_leakage_evidence"":[],""jurisdiction_leakage_status"":""pass"",""legal_leakage_evidence"":[],""legal_leakage_status"":""pass"",""procedural_leakage_status"":""pass"",""strict_leakage_evidence"":{""currency"":[],""customary_unit"":[],""jurisdiction_placeholder"":[],""kr_institution"":[],""legal_conclusion"":[],""procedural"":[]}},""ko"":{""jurisdiction_leakage_evidence"":[],""jurisdiction_leakage_status"":""pass"",""legal_leakage_evidence"":[],""legal_leakage_status"":""pass"",""procedural_leakage_status"":""pass"",""strict_leakage_evidence"":{""currency"":[],""customary_unit"":[],""jurisdiction_placeholder"":[],""kr_institution"":[],""legal_conclusion"":[],""procedural"":[]}}}",fail,"{""source"":{""18"":1,""1992"":1,""1993"":1,""28"":1,""4"":1,""5"":2,""88.5"":1},""target"":{""18"":1,""1992"":1,""1993"":1,""28"":1,""5"":2,""88.5"":1}}",[],"[""numerical_unit_status""]",True,review,"[""The final record redundantly repeats the same collision event, creating duplicated factual content.""]",False,False
US_15e86d45f19b975195,pass,pass,pass,pass,pass,"{""en"":{""hangul"":0,""latin"":2388,""reason"":null,""status"":""pass""},""ko"":{""hangul"":759,""latin"":633,""reason"":null,""status"":""pass""}}",pass,"{""en"":[""[INSTITUTION_A]"",""[LOCATION_A]"",""[ORGANIZATION_A]"",""[PERSON_A]"",""[PERSON_B]"",""[PERSON_C]"",""[PERSON_F]""],""ko"":[""[INSTITUTION_A]"",""[LOCATION_A]"",""[ORGANIZATION_A]"",""[PERSON_A]"",""[PERSON_B]"",""[PERSON_C]"",""[PERSON_F]""],""status"":""pass""}",pass,"{""en"":{""duplicates"":[],""status"":""pass""},""ko"":{""duplicates"":[],""status"":""pass""}}",pass,pass,pass,"{""en"":{""jurisdiction_leakage_evidence"":[],""jurisdiction_leakage_status"":""pass"",""legal_leakage_evidence"":[],""legal_leakage_status"":""pass"",""procedural_leakage_status"":""pass"",""strict_leakage_evidence"":{""currency"":[],""customary_unit"":[],""jurisdiction_placeholder"":[],""kr_institution"":[],""legal_conclusion"":[],""procedural"":[]}},""ko"":{""jurisdiction_leakage_evidence"":[],""jurisdiction_leakage_status"":""pass"",""legal_leakage_evidence"":[],""legal_leakage_status"":""pass"",""procedural_leakage_status"":""pass"",""strict_leakage_evidence"":{""currency"":[],""customary_unit"":[],""jurisdiction_placeholder"":[],""kr_institution"":[],""legal_conclusion"":[],""procedural"":[]}}}",fail,"{""source"":{""12"":1,""2010"":2,""2012"":1,""3"":1,""4"":1,""8"":1},""target"":{""12"":1,""2010"":2,""2012"":1,""3"":1,""8"":1}}",[],"[""numerical_unit_status""]",True,pass,[],False,True
US_193c9ad26072b674b4,pass,pass,pass,pass,pass,"{""en"":{""hangul"":0,""latin"":2445,""reason"":null,""status"":""pass""},""ko"":{""hangul"":902,""latin"":381,""reason"":null,""status"":""pass""}}",pass,"{""en"":[""[COMPANY_A]"",""[LOCATION_A]"",""[ORGANIZATION_A]"",""[ORGANIZATION_B]"",""[PERSON_A]"",""[PERSON_B]"",""[PERSON_C]"",""[PERSON_D]"",""[PERSON_E]"",""[PERSON_F]"",""[PERSON_G]"",""[PERSON_H]"",""[PRODUCT_A]"",""[PRODUCT_B]"",""[PRODUCT_C]""],""ko"":[""[COMPANY_A]"",""[LOCATION_A]"",""[ORGANIZATION_A]"",""[ORGANIZATION_B]"",""[PERSON_A]"",""[PERSON_B]"",""[PERSON_C]"",""[PERSON_D]"",""[PERSON_E]"",""[PERSON_F]"",""[PERSON_G]"",""[PERSON_H]"",""[PRODUCT_A]"",""[PRODUCT_B]"",""[PRODUCT_C]""],""status"":""pass""}",pass,"{""en"":{""duplicates"":[],""status"":""pass""},""ko"":{""duplicates"":[],""status"":""pass""}}",pass,pass,pass,"{""en"":{""jurisdiction_leakage_evidence"":[],""jurisdiction_leakage_status"":""pass"",""legal_leakage_evidence"":[],""legal_leakage_status"":""pass"",""procedural_leakage_status"":""pass"",""strict_leakage_evidence"":{""currency"":[],""customary_unit"":[],""jurisdiction_placeholder"":[],""kr_institution"":[],""legal_conclusion"":[],""procedural"":[]}},""ko"":{""jurisdiction_leakage_evidence"":[],""jurisdiction_leakage_status"":""pass"",""legal_leakage_evidence"":[],""legal_leakage_status"":""pass"",""procedural_leakage_status"":""pass"",""strict_leakage_evidence"":{""currency"":[],""customary_unit"":[],""jurisdiction_placeholder"":[],""kr_institution"":[],""legal_conclusion"":[],""procedural"":[]}}}",fail,"{""source"":{""1"":1,""1981"":2,""1991"":1,""1993"":1,""2"":1,""29"":1,""3"":1,""5"":2},""target"":{""1981"":2,""1991"":1,""1993"":1,""2"":1,""29"":1,""5"":2}}",[],"[""numerical_unit_status""]",True,pass,[],False,True
US_193fdb5b19590cbcab,pass,pass,pass,pass,pass,"{""en"":{""hangul"":0,""latin"":2206,""reason"":null,""status"":""pass""},""ko"":{""hangul"":858,""latin"":348,""reason"":null,""status"":""pass""}}",pass,"{""en"":[""[COMPANY_A]"",""[LOCATION_JURISDICTION]"",""[PERSON_A]"",""[PERSON_B]"",""[PERSON_C]"",""[PERSON_D]"",""[PERSON_E]"",""[PERSON_F]"",""[PERSON_G]"",""[PERSON_H]"",""[PERSON_I]"",""[PERSON_J]"",""[PERSON_K]""],""ko"":[""[COMPANY_A]"",""[LOCATION_JURISDICTION]"",""[PERSON_A]"",""[PERSON_B]"",""[PERSON_C]"",""[PERSON_D]"",""[PERSON_E]"",""[PERSON_F]"",""[PERSON_G]"",""[PERSON_H]"",""[PERSON_I]"",""[PERSON_J]"",""[PERSON_K]""],""status"":""pass""}",pass,"{""en"":{""duplicates"":[],""status"":""pass""},""ko"":{""duplicates"":[],""status"":""pass""}}",pass,pass,pass,"{""en"":{""jurisdiction_leakage_evidence"":[],""jurisdiction_leakage_status"":""pass"",""legal_leakage_evidence"":[],""legal_leakage_status"":""pass"",""procedural_leakage_status"":""pass"",""strict_leakage_evidence"":{""currency"":[],""customary_unit"":[],""jurisdiction_placeholder"":[],""kr_institution"":[],""legal_conclusion"":[],""procedural"":[]}},""ko"":{""jurisdiction_leakage_evidence"":[],""jurisdiction_leakage_status"":""pass"",""legal_leakage_evidence"":[],""legal_leakage_status"":""pass"",""procedural_leakage_status"":""pass"",""strict_leakage_evidence"":{""currency"":[],""customary_unit"":[],""jurisdiction_placeholder"":[],""kr_institution"":[],""legal_conclusion"":[],""procedural"":[]}}}",pass,"{""source"":{""1"":1,""12"":1,""1996"":6,""1997"":2,""21"":1,""26"":1,""29"":1,""3"":2,""4"":3,""7"":3,""8"":2,""9"":1},""target"":{""1"":1,""12"":1,""1996"":6,""1997"":2,""21"":1,""26"":1,""29"":1,""3"":2,""4"":3,""7"":3,""8"":2,""9"":1}}",[],[],True,pass,[],False,True
US_1aba36d98e0653f066,pass,pass,pass,pass,pass,"{""en"":{""hangul"":0,""latin"":1226,""reason"":null,""status"":""pass""},""ko"":{""hangul"":495,""latin"":192,""reason"":null,""status"":""pass""}}",pass,"{""en"":[""[COMPANY_A]"",""[PERSON_A]"",""[PERSON_B]""],""ko"":[""[COMPANY_A]"",""[PERSON_A]"",""[PERSON_B]""],""status"":""pass""}",pass,"{""en"":{""duplicates"":[],""status"":""pass""},""ko"":{""duplicates"":[],""status"":""pass""}}",pass,pass,pass,"{""en"":{""jurisdiction_leakage_evidence"":[],""jurisdiction_leakage_status"":""pass"",""legal_leakage_evidence"":[],""legal_leakage_status"":""pass"",""procedural_leakage_status"":""pass"",""strict_leakage_evidence"":{""currency"":[],""customary_unit"":[],""jurisdiction_placeholder"":[],""kr_institution"":[],""legal_conclusion"":[],""procedural"":[]}},""ko"":{""jurisdiction_leakage_evidence"":[],""jurisdiction_leakage_status"":""pass"",""legal_leakage_evidence"":[],""legal_leakage_status"":""pass"",""procedural_leakage_status"":""pass"",""strict_leakage_evidence"":{""currency"":[],""customary_unit"":[],""jurisdiction_placeholder"":[],""kr_institution"":[],""legal_conclusion"":[],""procedural"":[]}}}",fail,"{""source"":{""1"":3,""10"":1,""1995"":1,""1996"":1,""1997"":1,""1998"":2,""2"":1,""25"":1,""28"":1,""8"":2},""target"":{""10"":1,""1995"":1,""1996"":1,""1997"":1,""1998"":2,""2"":1,""25"":1,""28"":1,""8"":2}}",[],"[""numerical_unit_status""]",True,pass,[],False,True
US_1cfe591dc59be857da,pass,pass,pass,pass,pass,"{""en"":{""hangul"":0,""latin"":907,""reason"":null,""status"":""pass""},""ko"":{""hangul"":365,""latin"":184,""reason"":null,""status"":""pass""}}",pass,"{""en"":[""[COMPANY_A]"",""[CURRENCY_AMOUNT_A]"",""[PERSON_A]"",""[PERSON_B]"",""[PERSON_C]"",""[PERSON_D]""],""ko"":[""[COMPANY_A]"",""[CURRENCY_AMOUNT_A]"",""[PERSON_A]"",""[PERSON_B]"",""[PERSON_C]"",""[PERSON_D]""],""status"":""pass""}",pass,"{""en"":{""duplicates"":[],""status"":""pass""},""ko"":{""duplicates"":[],""status"":""pass""}}",pass,pass,pass,"{""en"":{""jurisdiction_leakage_evidence"":[],""jurisdiction_leakage_status"":""pass"",""legal_leakage_evidence"":[],""legal_leakage_status"":""pass"",""procedural_leakage_status"":""pass"",""strict_leakage_evidence"":{""currency"":[],""customary_unit"":[],""jurisdiction_placeholder"":[],""kr_institution"":[],""legal_conclusion"":[],""procedural"":[]}},""ko"":{""jurisdiction_leakage_evidence"":[],""jurisdiction_leakage_status"":""pass"",""legal_leakage_evidence"":[],""legal_leakage_status"":""pass"",""procedural_leakage_status"":""pass"",""strict_leakage_evidence"":{""currency"":[],""customary_unit"":[],""jurisdiction_placeholder"":[],""kr_institution"":[],""legal_conclusion"":[],""procedural"":[]}}}",pass,"{""source"":{""2014"":1,""3"":1},""target"":{""2014"":1,""3"":1}}",[],[],True,pass,[],False,True
US_231c5e7fb867d9b8c2,pass,pass,pass,pass,pass,"{""en"":{""hangul"":0,""latin"":2023,""reason"":null,""status"":""pass""},""ko"":{""hangul"":738,""latin"":183,""reason"":null,""status"":""pass""}}",pass,"{""en"":[""[COMPANY_A]"",""[COMPANY_B]"",""[COMPANY_C]"",""[PERSON_A]""],""ko"":[""[COMPANY_A]"",""[COMPANY_B]"",""[COMPANY_C]"",""[PERSON_A]""],""status"":""pass""}",pass,"{""en"":{""duplicates"":[],""status"":""pass""},""ko"":{""duplicates"":[],""status"":""pass""}}",pass,pass,pass,"{""en"":{""jurisdiction_leakage_evidence"":[],""jurisdiction_leakage_status"":""pass"",""legal_leakage_evidence"":[],""legal_leakage_status"":""pass"",""procedural_leakage_status"":""pass"",""strict_leakage_evidence"":{""currency"":[],""customary_unit"":[],""jurisdiction_placeholder"":[],""kr_institution"":[],""legal_conclusion"":[],""procedural"":[]}},""ko"":{""jurisdiction_leakage_evidence"":[],""jurisdiction_leakage_status"":""pass"",""legal_leakage_evidence"":[],""legal_leakage_status"":""pass"",""procedural_leakage_status"":""pass"",""strict_leakage_evidence"":{""currency"":[],""customary_unit"":[],""jurisdiction_placeholder"":[],""kr_institution"":[],""legal_conclusion"":[],""procedural"":[]}}}",fail,"{""source"":{""1"":1,""10.16"":1,""93"":1},""target"":{""10.16"":1,""93"":1}}",[],"[""numerical_unit_status""]",True,pass,[],False,True
US_286292f7d56c91120b,pass,pass,pass,pass,pass,"{""en"":{""hangul"":0,""latin"":1389,""reason"":null,""status"":""pass""},""ko"":{""hangul"":527,""latin"":257,""reason"":null,""status"":""pass""}}",pass,"{""en"":[""[LOCATION_A]"",""[LOCATION_B]"",""[ORGANIZATION_A]"",""[PERSON_A]"",""[PERSON_B]"",""[PERSON_C]""],""ko"":[""[LOCATION_A]"",""[LOCATION_B]"",""[ORGANIZATION_A]"",""[PERSON_A]"",""[PERSON_B]"",""[PERSON_C]""],""status"":""pass""}",pass,"{""en"":{""duplicates"":[],""status"":""pass""},""ko"":{""duplicates"":[],""status"":""pass""}}",pass,pass,pass,"{""en"":{""jurisdiction_leakage_evidence"":[],""jurisdiction_leakage_status"":""pass"",""legal_leakage_evidence"":[],""legal_leakage_status"":""pass"",""procedural_leakage_status"":""pass"",""strict_leakage_evidence"":{""currency"":[],""customary_unit"":[],""jurisdiction_placeholder"":[],""kr_institution"":[],""legal_conclusion"":[],""procedural"":[]}},""ko"":{""jurisdiction_leakage_evidence"":[],""jurisdiction_leakage_status"":""pass"",""legal_leakage_evidence"":[],""legal_leakage_status"":""pass"",""procedural_leakage_status"":""pass"",""strict_leakage_evidence"":{""currency"":[],""customary_unit"":[],""jurisdiction_placeholder"":[],""kr_institution"":[],""legal_conclusion"":[],""procedural"":[]}}}",fail,"{""source"":{""119.09"":1,""2"":2,""3"":1,""72.42"":1,""93.34"":1},""target"":{""119.09"":1,""3"":1,""72.42"":1,""93.34"":1}}",[],"[""numerical_unit_status""]",True,review,"[""The substantive injury fact is duplicated in both language versions, creating redundant factual content. Other content is materially aligned with the supplied source, and allegation status is preserved.""]",False,False
US_2ce3ed6c0e8a324589,pass,pass,pass,pass,pass,"{""en"":{""hangul"":0,""latin"":2494,""reason"":null,""status"":""pass""},""ko"":{""hangul"":875,""latin"":352,""reason"":null,""status"":""pass""}}",pass,"{""en"":[""[COMPANY_A]"",""[INSTITUTION_A]"",""[PERSON_A]"",""[PERSON_B]"",""[PERSON_C]"",""[PERSON_D]"",""[PERSON_E]""],""ko"":[""[COMPANY_A]"",""[INSTITUTION_A]"",""[PERSON_A]"",""[PERSON_B]"",""[PERSON_C]"",""[PERSON_D]"",""[PERSON_E]""],""status"":""pass""}",pass,"{""en"":{""duplicates"":[],""status"":""pass""},""ko"":{""duplicates"":[],""status"":""pass""}}",pass,pass,pass,"{""en"":{""jurisdiction_leakage_evidence"":[],""jurisdiction_leakage_status"":""pass"",""legal_leakage_evidence"":[],""legal_leakage_status"":""pass"",""procedural_leakage_status"":""pass"",""strict_leakage_evidence"":{""currency"":[],""customary_unit"":[],""jurisdiction_placeholder"":[],""kr_institution"":[],""legal_conclusion"":[],""procedural"":[]}},""ko"":{""jurisdiction_leakage_evidence"":[],""jurisdiction_leakage_status"":""pass"",""legal_leakage_evidence"":[],""legal_leakage_status"":""pass"",""procedural_leakage_status"":""pass"",""strict_leakage_evidence"":{""currency"":[],""customary_unit"":[],""jurisdiction_placeholder"":[],""kr_institution"":[],""legal_conclusion"":[],""procedural"":[]}}}",fail,"{""source"":{""1"":1,""118"":1,""15"":1,""177"":1,""2"":6,""20"":1,""207"":1,""27"":1,""29"":1,""3"":2,""30"":1,""38.3"":1,""4"":3,""5"":2,""7"":4,""8"":6,""89"":1},""target"":{""1"":1,""118"":1,""15"":1,""177"":1,""2"":3,""20"":1,""207"":1,""27"":1,""29"":1,""3"":1,""30"":1,""38.3"":1,""4"":3,""5"":2,""7"":3,""8"":6,""89"":1}}",[],"[""numerical_unit_status""]",True,review,"[""The final neutral-fact record retains litigation posture, counsel arguments, an objection to a proposed instruction, and legal/standard-of-care conclusions instead of limiting the record to neutral real-world facts.""]",False,False
US_2dc42d5d55548348de,pass,pass,pass,pass,pass,"{""en"":{""hangul"":0,""latin"":775,""reason"":null,""status"":""pass""},""ko"":{""hangul"":312,""latin"":87,""reason"":null,""status"":""pass""}}",pass,"{""en"":[""[COMPANY_A]"",""[COMPANY_B]"",""[PERSON_A]"",""[PERSON_B]""],""ko"":[""[COMPANY_A]"",""[COMPANY_B]"",""[PERSON_A]"",""[PERSON_B]""],""status"":""pass""}",pass,"{""en"":{""duplicates"":[],""status"":""pass""},""ko"":{""duplicates"":[],""status"":""pass""}}",pass,pass,pass,"{""en"":{""jurisdiction_leakage_evidence"":[],""jurisdiction_leakage_status"":""pass"",""legal_leakage_evidence"":[],""legal_leakage_status"":""pass"",""procedural_leakage_status"":""pass"",""strict_leakage_evidence"":{""currency"":[],""customary_unit"":[],""jurisdiction_placeholder"":[],""kr_institution"":[],""legal_conclusion"":[],""procedural"":[]}},""ko"":{""jurisdiction_leakage_evidence"":[],""jurisdiction_leakage_status"":""pass"",""legal_leakage_evidence"":[],""legal_leakage_status"":""pass"",""procedural_leakage_status"":""pass"",""strict_leakage_evidence"":{""currency"":[],""customary_unit"":[],""jurisdiction_placeholder"":[],""kr_institution"":[],""legal_conclusion"":[],""procedural"":[]}}}",pass,"{""source"":{""2"":1},""target"":{""2"":1}}",[],[],True,review,"[""Substantive factual content is redundantly duplicated in both language versions: [PERSON_A]'s slip-and-injury event is stated twice, and [PERSON_B]'s trip-and-injury event is stated three times.""]",False,False
US_32ce5cc46af8c47b58,pass,pass,pass,pass,pass,"{""en"":{""hangul"":0,""latin"":1347,""reason"":null,""status"":""pass""},""ko"":{""hangul"":443,""latin"":280,""reason"":null,""status"":""pass""}}",pass,"{""en"":[""[COMPANY_A]"",""[LOCATION_A]"",""[ORGANIZATION_A]"",""[ORGANIZATION_B]"",""[PERSON_A]"",""[PERSON_B]"",""[PERSON_E]"",""[PROPERTY_A]""],""ko"":[""[COMPANY_A]"",""[LOCATION_A]"",""[ORGANIZATION_A]"",""[ORGANIZATION_B]"",""[PERSON_A]"",""[PERSON_B]"",""[PERSON_E]"",""[PROPERTY_A]""],""status"":""pass""}",pass,"{""en"":{""duplicates"":[],""status"":""pass""},""ko"":{""duplicates"":[],""status"":""pass""}}",pass,pass,pass,"{""en"":{""jurisdiction_leakage_evidence"":[],""jurisdiction_leakage_status"":""pass"",""legal_leakage_evidence"":[],""legal_leakage_status"":""pass"",""procedural_leakage_status"":""pass"",""strict_leakage_evidence"":{""currency"":[],""customary_unit"":[],""jurisdiction_placeholder"":[],""kr_institution"":[],""legal_conclusion"":[],""procedural"":[]}},""ko"":{""jurisdiction_leakage_evidence"":[],""jurisdiction_leakage_status"":""pass"",""legal_leakage_evidence"":[],""legal_leakage_status"":""pass"",""procedural_leakage_status"":""pass"",""strict_leakage_evidence"":{""currency"":[],""customary_unit"":[],""jurisdiction_placeholder"":[],""kr_institution"":[],""legal_conclusion"":[],""procedural"":[]}}}",pass,"{""source"":{""10"":1,""11"":1,""13"":1,""1995"":3,""1996"":1,""1997"":2,""2"":2,""4"":2,""6"":2,""7"":1,""9"":4},""target"":{""10"":1,""11"":1,""13"":1,""1995"":3,""1996"":1,""1997"":2,""2"":2,""4"":2,""6"":2,""7"":1,""9"":4}}",[],[],True,review,"[""Factual content is duplicated regarding [PERSON_A]’s death."",""Litigation posture and plaintiff allegations are retained in the final neutral fact.""]",False,False
US_369a2f88efd4f55df4,pass,pass,pass,pass,pass,"{""en"":{""hangul"":0,""latin"":872,""reason"":null,""status"":""pass""},""ko"":{""hangul"":306,""latin"":260,""reason"":null,""status"":""pass""}}",pass,"{""en"":[""[LOCATION_A]"",""[LOCATION_B]"",""[ORGANIZATION_A]"",""[PERSON_A]"",""[PERSON_B]"",""[PERSON_C]"",""[VEHICLE_A]"",""[VEHICLE_B]""],""ko"":[""[LOCATION_A]"",""[LOCATION_B]"",""[ORGANIZATION_A]"",""[PERSON_A]"",""[PERSON_B]"",""[PERSON_C]"",""[VEHICLE_A]"",""[VEHICLE_B]""],""status"":""pass""}",pass,"{""en"":{""duplicates"":[],""status"":""pass""},""ko"":{""duplicates"":[],""status"":""pass""}}",pass,pass,pass,"{""en"":{""jurisdiction_leakage_evidence"":[],""jurisdiction_leakage_status"":""pass"",""legal_leakage_evidence"":[],""legal_leakage_status"":""pass"",""procedural_leakage_status"":""pass"",""strict_leakage_evidence"":{""currency"":[],""customary_unit"":[],""jurisdiction_placeholder"":[],""kr_institution"":[],""legal_conclusion"":[],""procedural"":[]}},""ko"":{""jurisdiction_leakage_evidence"":[],""jurisdiction_leakage_status"":""pass"",""legal_leakage_evidence"":[],""legal_leakage_status"":""pass"",""procedural_leakage_status"":""pass"",""strict_leakage_evidence"":{""currency"":[],""customary_unit"":[],""jurisdiction_placeholder"":[],""kr_institution"":[],""legal_conclusion"":[],""procedural"":[]}}}",fail,"{""source"":{""16"":1,""2014"":1,""6"":1},""target"":{""1"":1,""16"":1,""2014"":1,""6"":1}}",[],"[""numerical_unit_status""]",True,review,"[""The same accident-impact facts are stated twice in both language versions, creating substantive factual duplication rather than adding a distinct fact.""]",False,False
US_37fae4c5d51bff450a,pass,pass,pass,pass,pass,"{""en"":{""hangul"":0,""latin"":983,""reason"":null,""status"":""pass""},""ko"":{""hangul"":340,""latin"":151,""reason"":null,""status"":""pass""}}",pass,"{""en"":[""[COMPANY_A]"",""[CURRENCY_AMOUNT_A]"",""[PERSON_A]"",""[VEHICLE_A]""],""ko"":[""[COMPANY_A]"",""[CURRENCY_AMOUNT_A]"",""[PERSON_A]"",""[VEHICLE_A]""],""status"":""pass""}",pass,"{""en"":{""duplicates"":[],""status"":""pass""},""ko"":{""duplicates"":[],""status"":""pass""}}",pass,pass,pass,"{""en"":{""jurisdiction_leakage_evidence"":[],""jurisdiction_leakage_status"":""pass"",""legal_leakage_evidence"":[],""legal_leakage_status"":""pass"",""procedural_leakage_status"":""pass"",""strict_leakage_evidence"":{""currency"":[],""customary_unit"":[],""jurisdiction_placeholder"":[],""kr_institution"":[],""legal_conclusion"":[],""procedural"":[]}},""ko"":{""jurisdiction_leakage_evidence"":[],""jurisdiction_leakage_status"":""pass"",""legal_leakage_evidence"":[],""legal_leakage_status"":""pass"",""procedural_leakage_status"":""pass"",""strict_leakage_evidence"":{""currency"":[],""customary_unit"":[],""jurisdiction_placeholder"":[],""kr_institution"":[],""legal_conclusion"":[],""procedural"":[]}}}",pass,"{""source"":{""10"":2,""11"":1,""15"":1,""2003"":1,""2013"":2,""3"":1,""5"":1,""8"":1,""85,295"":1,""9"":1},""target"":{""10"":2,""11"":1,""15"":1,""2003"":1,""2013"":2,""3"":1,""5"":1,""8"":1,""85,295"":1,""9"":1}}",[],[],True,pass,[],False,True
US_38d924f1ad3609200a,pass,pass,pass,pass,pass,"{""en"":{""hangul"":0,""latin"":1539,""reason"":null,""status"":""pass""},""ko"":{""hangul"":516,""latin"":162,""reason"":null,""status"":""pass""}}",pass,"{""en"":[""[LOCATION_A]"",""[ORGANIZATION_A]"",""[ORGANIZATION_B]"",""[PERSON_A]"",""[PERSON_B]"",""[VEHICLE_A]""],""ko"":[""[LOCATION_A]"",""[ORGANIZATION_A]"",""[ORGANIZATION_B]"",""[PERSON_A]"",""[PERSON_B]"",""[VEHICLE_A]""],""status"":""pass""}",pass,"{""en"":{""duplicates"":[],""status"":""pass""},""ko"":{""duplicates"":[],""status"":""pass""}}",pass,pass,pass,"{""en"":{""jurisdiction_leakage_evidence"":[],""jurisdiction_leakage_status"":""pass"",""legal_leakage_evidence"":[],""legal_leakage_status"":""pass"",""procedural_leakage_status"":""pass"",""strict_leakage_evidence"":{""currency"":[],""customary_unit"":[],""jurisdiction_placeholder"":[],""kr_institution"":[],""legal_conclusion"":[],""procedural"":[]}},""ko"":{""jurisdiction_leakage_evidence"":[],""jurisdiction_leakage_status"":""pass"",""legal_leakage_evidence"":[],""legal_leakage_status"":""pass"",""procedural_leakage_status"":""pass"",""strict_leakage_evidence"":{""currency"":[],""customary_unit"":[],""jurisdiction_placeholder"":[],""kr_institution"":[],""legal_conclusion"":[],""procedural"":[]}}}",fail,"{""source"":{""1"":1,""1996"":1,""30"":1,""7"":2,""8"":1,""9"":1},""target"":{""1996"":1,""30"":1,""7"":2,""8"":1,""9"":1}}",[],"[""numerical_unit_status""]",True,review,"[""Substantive factual content is duplicated in both language versions: the airway obstruction, rapid deterioration, and inability to revive [PERSON_A] are stated twice.""]",False,False
US_3a3052ef67238d90fa,pass,pass,pass,pass,pass,"{""en"":{""hangul"":0,""latin"":803,""reason"":null,""status"":""pass""},""ko"":{""hangul"":258,""latin"":192,""reason"":null,""status"":""pass""}}",pass,"{""en"":[""[CURRENCY_AMOUNT_A]"",""[LOCATION_A]"",""[PERSON_A]"",""[PERSON_B]"",""[VEHICLE_A]""],""ko"":[""[CURRENCY_AMOUNT_A]"",""[LOCATION_A]"",""[PERSON_A]"",""[PERSON_B]"",""[VEHICLE_A]""],""status"":""pass""}",pass,"{""en"":{""duplicates"":[],""status"":""pass""},""ko"":{""duplicates"":[],""status"":""pass""}}",pass,pass,pass,"{""en"":{""jurisdiction_leakage_evidence"":[],""jurisdiction_leakage_status"":""pass"",""legal_leakage_evidence"":[],""legal_leakage_status"":""pass"",""procedural_leakage_status"":""pass"",""strict_leakage_evidence"":{""currency"":[],""customary_unit"":[],""jurisdiction_placeholder"":[],""kr_institution"":[],""legal_conclusion"":[],""procedural"":[]}},""ko"":{""jurisdiction_leakage_evidence"":[],""jurisdiction_leakage_status"":""pass"",""legal_leakage_evidence"":[],""legal_leakage_status"":""pass"",""procedural_leakage_status"":""pass"",""strict_leakage_evidence"":{""currency"":[],""customary_unit"":[],""jurisdiction_placeholder"":[],""kr_institution"":[],""legal_conclusion"":[],""procedural"":[]}}}",pass,"{""source"":{""4"":1},""target"":{""4"":1}}",[],[],True,review,"[""Litigation posture is retained in both final languages: filing the action and identifying the sole defendant remaining at trial and appeal."",""A pretrial stipulation and an admission concerning causation are retained, which is legal procedural content rather than a neutral real-world fact."",""The jury's damages assessment is retained as a legal or adjudicative conclusion."",""The same injury facts are duplicated in both languages, reducing factual concision.""]",False,False
US_3f0101285fcc76e2b1,pass,pass,pass,pass,pass,"{""en"":{""hangul"":0,""latin"":1083,""reason"":null,""status"":""pass""},""ko"":{""hangul"":385,""latin"":264,""reason"":null,""status"":""pass""}}",pass,"{""en"":[""[COMPANY_A]"",""[COMPANY_B]"",""[COMPANY_C]"",""[PERSON_A]"",""[PERSON_B]"",""[PRODUCT_A]"",""[PRODUCT_B]""],""ko"":[""[COMPANY_A]"",""[COMPANY_B]"",""[COMPANY_C]"",""[PERSON_A]"",""[PERSON_B]"",""[PRODUCT_A]"",""[PRODUCT_B]""],""status"":""pass""}",pass,"{""en"":{""duplicates"":[],""status"":""pass""},""ko"":{""duplicates"":[],""status"":""pass""}}",pass,pass,pass,"{""en"":{""jurisdiction_leakage_evidence"":[],""jurisdiction_leakage_status"":""pass"",""legal_leakage_evidence"":[],""legal_leakage_status"":""pass"",""procedural_leakage_status"":""pass"",""strict_leakage_evidence"":{""currency"":[],""customary_unit"":[],""jurisdiction_placeholder"":[],""kr_institution"":[],""legal_conclusion"":[],""procedural"":[]}},""ko"":{""jurisdiction_leakage_evidence"":[],""jurisdiction_leakage_status"":""pass"",""legal_leakage_evidence"":[],""legal_leakage_status"":""pass"",""procedural_leakage_status"":""pass"",""strict_leakage_evidence"":{""currency"":[],""customary_unit"":[],""jurisdiction_placeholder"":[],""kr_institution"":[],""legal_conclusion"":[],""procedural"":[]}}}",fail,"{""source"":{""10"":1,""11"":1,""1947"":1,""1963"":1,""1979"":1,""1996"":1,""2"":1,""4"":1,""90"":1},""target"":{""10"":1,""11"":1,""1947"":1,""1963"":1,""1979"":1,""1996"":1,""2"":1,""90"":1}}",[],"[""numerical_unit_status""]",True,review,"[""The final record retains litigation-posture statements about commencing an action and being sued."",""The pleural-effusion and parenchymal-scarring fact is redundantly duplicated across consecutive sentences.""]",False,False
US_43352148b1cf063f58,pass,pass,pass,pass,pass,"{""en"":{""hangul"":0,""latin"":1384,""reason"":null,""status"":""pass""},""ko"":{""hangul"":520,""latin"":314,""reason"":null,""status"":""pass""}}",pass,"{""en"":[""[INSTITUTION_A]"",""[PERSON_A]"",""[PERSON_B]"",""[PERSON_C]"",""[PERSON_D]"",""[PRODUCT_A]""],""ko"":[""[INSTITUTION_A]"",""[PERSON_A]"",""[PERSON_B]"",""[PERSON_C]"",""[PERSON_D]"",""[PRODUCT_A]""],""status"":""pass""}",pass,"{""en"":{""duplicates"":[],""status"":""pass""},""ko"":{""duplicates"":[],""status"":""pass""}}",pass,pass,pass,"{""en"":{""jurisdiction_leakage_evidence"":[],""jurisdiction_leakage_status"":""pass"",""legal_leakage_evidence"":[],""legal_leakage_status"":""pass"",""procedural_leakage_status"":""pass"",""strict_leakage_evidence"":{""currency"":[],""customary_unit"":[],""jurisdiction_placeholder"":[],""kr_institution"":[],""legal_conclusion"":[],""procedural"":[]}},""ko"":{""jurisdiction_leakage_evidence"":[],""jurisdiction_leakage_status"":""pass"",""legal_leakage_evidence"":[],""legal_leakage_status"":""pass"",""procedural_leakage_status"":""pass"",""strict_leakage_evidence"":{""currency"":[],""customary_unit"":[],""jurisdiction_placeholder"":[],""kr_institution"":[],""legal_conclusion"":[],""procedural"":[]}}}",pass,"{""source"":{""10"":1,""12"":1,""15"":1,""16"":3,""1998"":7,""21"":1,""3"":8,""6"":1},""target"":{""10"":1,""12"":1,""15"":1,""16"":3,""1998"":7,""21"":1,""3"":8,""6"":1}}",[],[],True,pass,[],False,True
US_45c1de8fa5ac8eefab,pass,pass,pass,pass,pass,"{""en"":{""hangul"":0,""latin"":593,""reason"":null,""status"":""pass""},""ko"":{""hangul"":219,""latin"":126,""reason"":null,""status"":""pass""}}",pass,"{""en"":[""[COMPANY_A]"",""[INSTITUTION_A]"",""[PERSON_A]"",""[PERSON_B]""],""ko"":[""[COMPANY_A]"",""[INSTITUTION_A]"",""[PERSON_A]"",""[PERSON_B]""],""status"":""pass""}",pass,"{""en"":{""duplicates"":[],""status"":""pass""},""ko"":{""duplicates"":[],""status"":""pass""}}",pass,pass,pass,"{""en"":{""jurisdiction_leakage_evidence"":[],""jurisdiction_leakage_status"":""pass"",""legal_leakage_evidence"":[],""legal_leakage_status"":""pass"",""procedural_leakage_status"":""pass"",""strict_leakage_evidence"":{""currency"":[],""customary_unit"":[],""jurisdiction_placeholder"":[],""kr_institution"":[],""legal_conclusion"":[],""procedural"":[]}},""ko"":{""jurisdiction_leakage_evidence"":[],""jurisdiction_leakage_status"":""pass"",""legal_leakage_evidence"":[],""legal_leakage_status"":""pass"",""procedural_leakage_status"":""pass"",""strict_leakage_evidence"":{""currency"":[],""customary_unit"":[],""jurisdiction_placeholder"":[],""kr_institution"":[],""legal_conclusion"":[],""procedural"":[]}}}",pass,"{""source"":{""1"":1,""11"":1,""2000"":2,""7"":1},""target"":{""1"":1,""11"":1,""2000"":2,""7"":1}}",[],[],True,pass,[],False,True
US_46a80b1c5e06a72d45,pass,pass,pass,pass,pass,"{""en"":{""hangul"":0,""latin"":685,""reason"":null,""status"":""pass""},""ko"":{""hangul"":253,""latin"":140,""reason"":null,""status"":""pass""}}",pass,"{""en"":[""[COMPANY_A]"",""[COMPANY_B]"",""[CURRENCY_AMOUNT_A]"",""[PROPERTY_A]""],""ko"":[""[COMPANY_A]"",""[COMPANY_B]"",""[CURRENCY_AMOUNT_A]"",""[PROPERTY_A]""],""status"":""pass""}",pass,"{""en"":{""duplicates"":[],""status"":""pass""},""ko"":{""duplicates"":[],""status"":""pass""}}",pass,pass,pass,"{""en"":{""jurisdiction_leakage_evidence"":[],""jurisdiction_leakage_status"":""pass"",""legal_leakage_evidence"":[],""legal_leakage_status"":""pass"",""procedural_leakage_status"":""pass"",""strict_leakage_evidence"":{""currency"":[],""customary_unit"":[],""jurisdiction_placeholder"":[],""kr_institution"":[],""legal_conclusion"":[],""procedural"":[]}},""ko"":{""jurisdiction_leakage_evidence"":[],""jurisdiction_leakage_status"":""pass"",""legal_leakage_evidence"":[],""legal_leakage_status"":""pass"",""procedural_leakage_status"":""pass"",""strict_leakage_evidence"":{""currency"":[],""customary_unit"":[],""jurisdiction_placeholder"":[],""kr_institution"":[],""legal_conclusion"":[],""procedural"":[]}}}",pass,"{""source"":{},""target"":{}}",[],[],True,review,"[""The final record includes a procedural exclusion/disposition rather than only neutral real-world facts."",""The causal account is materially duplicated in both languages.""]",False,False
US_47210f2421779c756f,pass,pass,pass,pass,pass,"{""en"":{""hangul"":0,""latin"":844,""reason"":null,""status"":""pass""},""ko"":{""hangul"":259,""latin"":147,""reason"":null,""status"":""pass""}}",pass,"{""en"":[""[INSTITUTION_A]"",""[INSTITUTION_B]"",""[ORGANIZATION_A]"",""[ORGANIZATION_B]"",""[PERSON_A]""],""ko"":[""[INSTITUTION_A]"",""[INSTITUTION_B]"",""[ORGANIZATION_A]"",""[ORGANIZATION_B]"",""[PERSON_A]""],""status"":""pass""}",pass,"{""en"":{""duplicates"":[],""status"":""pass""},""ko"":{""duplicates"":[],""status"":""pass""}}",pass,pass,pass,"{""en"":{""jurisdiction_leakage_evidence"":[],""jurisdiction_leakage_status"":""pass"",""legal_leakage_evidence"":[],""legal_leakage_status"":""pass"",""procedural_leakage_status"":""pass"",""strict_leakage_evidence"":{""currency"":[],""customary_unit"":[],""jurisdiction_placeholder"":[],""kr_institution"":[],""legal_conclusion"":[],""procedural"":[]}},""ko"":{""jurisdiction_leakage_evidence"":[],""jurisdiction_leakage_status"":""pass"",""legal_leakage_evidence"":[],""legal_leakage_status"":""pass"",""procedural_leakage_status"":""pass"",""strict_leakage_evidence"":{""currency"":[],""customary_unit"":[],""jurisdiction_placeholder"":[],""kr_institution"":[],""legal_conclusion"":[],""procedural"":[]}}}",pass,"{""source"":{""11"":1,""1998"":1,""6"":1},""target"":{""11"":1,""1998"":1,""6"":1}}",[],[],True,pass,[],False,True
US_4bf2e6511806b25f10,pass,pass,pass,pass,pass,"{""en"":{""hangul"":0,""latin"":1486,""reason"":null,""status"":""pass""},""ko"":{""hangul"":530,""latin"":284,""reason"":null,""status"":""pass""}}",pass,"{""en"":[""[PERSON_A]"",""[PERSON_B]"",""[PERSON_C]"",""[PERSON_D]"",""[PERSON_E]""],""ko"":[""[PERSON_A]"",""[PERSON_B]"",""[PERSON_C]"",""[PERSON_D]"",""[PERSON_E]""],""status"":""pass""}",pass,"{""en"":{""duplicates"":[],""status"":""pass""},""ko"":{""duplicates"":[],""status"":""pass""}}",pass,pass,pass,"{""en"":{""jurisdiction_leakage_evidence"":[],""jurisdiction_leakage_status"":""pass"",""legal_leakage_evidence"":[],""legal_leakage_status"":""pass"",""procedural_leakage_status"":""pass"",""strict_leakage_evidence"":{""currency"":[],""customary_unit"":[],""jurisdiction_placeholder"":[],""kr_institution"":[],""legal_conclusion"":[],""procedural"":[]}},""ko"":{""jurisdiction_leakage_evidence"":[],""jurisdiction_leakage_status"":""pass"",""legal_leakage_evidence"":[],""legal_leakage_status"":""pass"",""procedural_leakage_status"":""pass"",""strict_leakage_evidence"":{""currency"":[],""customary_unit"":[],""jurisdiction_placeholder"":[],""kr_institution"":[],""legal_conclusion"":[],""procedural"":[]}}}",pass,"{""source"":{""11"":1,""2001"":1,""2010"":1,""2011"":1,""3"":2,""8"":1,""9"":1},""target"":{""11"":1,""2001"":1,""2010"":1,""2011"":1,""3"":2,""8"":1,""9"":1}}",[],[],True,pass,[],False,True
US_512d2cb96959fe1764,pass,pass,pass,pass,pass,"{""en"":{""hangul"":0,""latin"":583,""reason"":null,""status"":""pass""},""ko"":{""hangul"":199,""latin"":94,""reason"":null,""status"":""pass""}}",pass,"{""en"":[""[PERSON_A]"",""[PERSON_B]"",""[VEHICLE_A]""],""ko"":[""[PERSON_A]"",""[PERSON_B]"",""[VEHICLE_A]""],""status"":""pass""}",pass,"{""en"":{""duplicates"":[],""status"":""pass""},""ko"":{""duplicates"":[],""status"":""pass""}}",pass,pass,pass,"{""en"":{""jurisdiction_leakage_evidence"":[],""jurisdiction_leakage_status"":""pass"",""legal_leakage_evidence"":[],""legal_leakage_status"":""pass"",""procedural_leakage_status"":""pass"",""strict_leakage_evidence"":{""currency"":[],""customary_unit"":[],""jurisdiction_placeholder"":[],""kr_institution"":[],""legal_conclusion"":[],""procedural"":[]}},""ko"":{""jurisdiction_leakage_evidence"":[],""jurisdiction_leakage_status"":""pass"",""legal_leakage_evidence"":[],""legal_leakage_status"":""pass"",""procedural_leakage_status"":""pass"",""strict_leakage_evidence"":{""currency"":[],""customary_unit"":[],""jurisdiction_placeholder"":[],""kr_institution"":[],""legal_conclusion"":[],""procedural"":[]}}}",pass,"{""source"":{""0.31"":1,""2"":1,""2002"":1,""21"":1,""4"":1,""7"":1},""target"":{""0.31"":1,""2"":1,""2002"":1,""21"":1,""4"":1,""7"":1}}",[],[],True,pass,[],False,True
US_5334a4131f192eab74,pass,pass,pass,pass,pass,"{""en"":{""hangul"":0,""latin"":1006,""reason"":null,""status"":""pass""},""ko"":{""hangul"":356,""latin"":157,""reason"":null,""status"":""pass""}}",pass,"{""en"":[""[COMPANY_A]"",""[ORGANIZATION_A]"",""[PERSON_A]"",""[PERSON_B]""],""ko"":[""[COMPANY_A]"",""[ORGANIZATION_A]"",""[PERSON_A]"",""[PERSON_B]""],""status"":""pass""}",pass,"{""en"":{""duplicates"":[],""status"":""pass""},""ko"":{""duplicates"":[],""status"":""pass""}}",pass,pass,pass,"{""en"":{""jurisdiction_leakage_evidence"":[],""jurisdiction_leakage_status"":""pass"",""legal_leakage_evidence"":[],""legal_leakage_status"":""pass"",""procedural_leakage_status"":""pass"",""strict_leakage_evidence"":{""currency"":[],""customary_unit"":[],""jurisdiction_placeholder"":[],""kr_institution"":[],""legal_conclusion"":[],""procedural"":[]}},""ko"":{""jurisdiction_leakage_evidence"":[],""jurisdiction_leakage_status"":""pass"",""legal_leakage_evidence"":[],""legal_leakage_status"":""pass"",""procedural_leakage_status"":""pass"",""strict_leakage_evidence"":{""currency"":[],""customary_unit"":[],""jurisdiction_placeholder"":[],""kr_institution"":[],""legal_conclusion"":[],""procedural"":[]}}}",pass,"{""source"":{""1998"":1,""20"":1,""23"":1,""3"":1},""target"":{""1998"":1,""20"":1,""23"":1,""3"":1}}",[],[],True,pass,[],False,True
US_545cf69d7c7286aae7,pass,pass,pass,pass,pass,"{""en"":{""hangul"":0,""latin"":1581,""reason"":null,""status"":""pass""},""ko"":{""hangul"":554,""latin"":217,""reason"":null,""status"":""pass""}}",pass,"{""en"":[""[COMPANY_A]"",""[ORGANIZATION_A]"",""[PERSON_A]""],""ko"":[""[COMPANY_A]"",""[ORGANIZATION_A]"",""[PERSON_A]""],""status"":""pass""}",pass,"{""en"":{""duplicates"":[],""status"":""pass""},""ko"":{""duplicates"":[],""status"":""pass""}}",pass,pass,pass,"{""en"":{""jurisdiction_leakage_evidence"":[],""jurisdiction_leakage_status"":""pass"",""legal_leakage_evidence"":[],""legal_leakage_status"":""pass"",""procedural_leakage_status"":""pass"",""strict_leakage_evidence"":{""currency"":[],""customary_unit"":[],""jurisdiction_placeholder"":[],""kr_institution"":[],""legal_conclusion"":[],""procedural"":[]}},""ko"":{""jurisdiction_leakage_evidence"":[],""jurisdiction_leakage_status"":""pass"",""legal_leakage_evidence"":[],""legal_leakage_status"":""pass"",""procedural_leakage_status"":""pass"",""strict_leakage_evidence"":{""currency"":[],""customary_unit"":[],""jurisdiction_placeholder"":[],""kr_institution"":[],""legal_conclusion"":[],""procedural"":[]}}}",fail,"{""source"":{""18.3"":1,""1993"":2,""2"":3,""3"":4,""4"":1},""target"":{""18.3"":1,""1993"":2,""2"":1,""3"":4,""4"":1}}",[],"[""numerical_unit_status""]",True,review,"[""Substantive factual content is duplicated in both language versions: the first sentence repeats the course completion and climbing instruction that are then restated with additional detail in the second sentence.""]",False,False
US_5786f3c28c6014a17f,pass,pass,pass,pass,pass,"{""en"":{""hangul"":0,""latin"":1317,""reason"":null,""status"":""pass""},""ko"":{""hangul"":454,""latin"":228,""reason"":null,""status"":""pass""}}",pass,"{""en"":[""[COMPANY_A]"",""[COMPANY_B]"",""[LOCATION_A]"",""[PERSON_A]"",""[PERSON_B]"",""[PRODUCT_A]"",""[VEHICLE_B]""],""ko"":[""[COMPANY_A]"",""[COMPANY_B]"",""[LOCATION_A]"",""[PERSON_A]"",""[PERSON_B]"",""[PRODUCT_A]"",""[VEHICLE_B]""],""status"":""pass""}",pass,"{""en"":{""duplicates"":[],""status"":""pass""},""ko"":{""duplicates"":[],""status"":""pass""}}",pass,pass,pass,"{""en"":{""jurisdiction_leakage_evidence"":[],""jurisdiction_leakage_status"":""pass"",""legal_leakage_evidence"":[],""legal_leakage_status"":""pass"",""procedural_leakage_status"":""pass"",""strict_leakage_evidence"":{""currency"":[],""customary_unit"":[],""jurisdiction_placeholder"":[],""kr_institution"":[],""legal_conclusion"":[],""procedural"":[]}},""ko"":{""jurisdiction_leakage_evidence"":[],""jurisdiction_leakage_status"":""pass"",""legal_leakage_evidence"":[],""legal_leakage_status"":""pass"",""procedural_leakage_status"":""pass"",""strict_leakage_evidence"":{""currency"":[],""customary_unit"":[],""jurisdiction_placeholder"":[],""kr_institution"":[],""legal_conclusion"":[],""procedural"":[]}}}",pass,"{""source"":{""14"":1,""2011"":1,""7"":1},""target"":{""14"":1,""2011"":1,""7"":1}}",[],[],True,review,"[""Litigation posture is retained through the statement that [PERSON_A] filed a claim."",""Legal disposition is retained through the statements that [COMPANY_A] settled and that [PERSON_A] released both companies."",""The collision sequence is substantively duplicated.""]",False,False
US_5905b849c15a6fb3d6,pass,pass,pass,pass,pass,"{""en"":{""hangul"":0,""latin"":811,""reason"":null,""status"":""pass""},""ko"":{""hangul"":250,""latin"":254,""reason"":null,""status"":""pass""}}",pass,"{""en"":[""[LOCATION_A]"",""[LOCATION_B]"",""[ORGANIZATION_A]"",""[PERSON_A]"",""[VEHICLE_A]""],""ko"":[""[LOCATION_A]"",""[LOCATION_B]"",""[ORGANIZATION_A]"",""[PERSON_A]"",""[VEHICLE_A]""],""status"":""pass""}",pass,"{""en"":{""duplicates"":[],""status"":""pass""},""ko"":{""duplicates"":[],""status"":""pass""}}",pass,pass,pass,"{""en"":{""jurisdiction_leakage_evidence"":[],""jurisdiction_leakage_status"":""pass"",""legal_leakage_evidence"":[],""legal_leakage_status"":""pass"",""procedural_leakage_status"":""pass"",""strict_leakage_evidence"":{""currency"":[],""customary_unit"":[],""jurisdiction_placeholder"":[],""kr_institution"":[],""legal_conclusion"":[],""procedural"":[]}},""ko"":{""jurisdiction_leakage_evidence"":[],""jurisdiction_leakage_status"":""pass"",""legal_leakage_evidence"":[],""legal_leakage_status"":""pass"",""procedural_leakage_status"":""pass"",""strict_leakage_evidence"":{""currency"":[],""customary_unit"":[],""jurisdiction_placeholder"":[],""kr_institution"":[],""legal_conclusion"":[],""procedural"":[]}}}",pass,"{""source"":{""2"":1},""target"":{""2"":1}}",[],[],True,review,"[""The final text retains an attributed legal/court conclusion about causation or contributory conduct: that [PERSON_A]'s movement contributed to the injuries. This is not merely a factual event or testimony."",""The final text substantially duplicates the same causation conclusion in its last two sentences.""]",False,False
US_5d2b0b2b4752431c53,pass,pass,pass,pass,pass,"{""en"":{""hangul"":0,""latin"":2322,""reason"":null,""status"":""pass""},""ko"":{""hangul"":865,""latin"":285,""reason"":null,""status"":""pass""}}",pass,"{""en"":[""[COMPANY_A]"",""[COMPANY_B]"",""[ORGANIZATION_A]"",""[PERSON_A]"",""[PERSON_B]""],""ko"":[""[COMPANY_A]"",""[COMPANY_B]"",""[ORGANIZATION_A]"",""[PERSON_A]"",""[PERSON_B]""],""status"":""pass""}",pass,"{""en"":{""duplicates"":[],""status"":""pass""},""ko"":{""duplicates"":[],""status"":""pass""}}",pass,pass,pass,"{""en"":{""jurisdiction_leakage_evidence"":[],""jurisdiction_leakage_status"":""pass"",""legal_leakage_evidence"":[],""legal_leakage_status"":""pass"",""procedural_leakage_status"":""pass"",""strict_leakage_evidence"":{""currency"":[],""customary_unit"":[],""jurisdiction_placeholder"":[],""kr_institution"":[],""legal_conclusion"":[],""procedural"":[]}},""ko"":{""jurisdiction_leakage_evidence"":[],""jurisdiction_leakage_status"":""pass"",""legal_leakage_evidence"":[],""legal_leakage_status"":""pass"",""procedural_leakage_status"":""pass"",""strict_leakage_evidence"":{""currency"":[],""customary_unit"":[],""jurisdiction_placeholder"":[],""kr_institution"":[],""legal_conclusion"":[],""procedural"":[]}}}",pass,"{""source"":{""1"":1,""1.2"":1,""12"":2,""1999"":2,""8.5"":1},""target"":{""1"":1,""1.2"":1,""12"":2,""1999"":2,""8.5"":1}}",[],[],True,review,"[""Litigation posture is retained in both languages through the statement that [PERSON_B] brought an action/filed a lawsuit."",""The Korean text adds an unsupported allegation that [COMPANY_A]'s construction and maintenance involved negligence, creating a substantive bilingual mismatch."",""The record duplicates factual content about [PERSON_A]'s driving, employment, and location.""]",False,False
US_5e6f9cfe4d6f03fb7f,pass,pass,pass,pass,pass,"{""en"":{""hangul"":0,""latin"":900,""reason"":null,""status"":""pass""},""ko"":{""hangul"":368,""latin"":88,""reason"":null,""status"":""pass""}}",pass,"{""en"":[""[COMPANY_A]"",""[PERSON_A]"",""[PERSON_B]""],""ko"":[""[COMPANY_A]"",""[PERSON_A]"",""[PERSON_B]""],""status"":""pass""}",pass,"{""en"":{""duplicates"":[],""status"":""pass""},""ko"":{""duplicates"":[],""status"":""pass""}}",pass,pass,pass,"{""en"":{""jurisdiction_leakage_evidence"":[],""jurisdiction_leakage_status"":""pass"",""legal_leakage_evidence"":[],""legal_leakage_status"":""pass"",""procedural_leakage_status"":""pass"",""strict_leakage_evidence"":{""currency"":[],""customary_unit"":[],""jurisdiction_placeholder"":[],""kr_institution"":[],""legal_conclusion"":[],""procedural"":[]}},""ko"":{""jurisdiction_leakage_evidence"":[],""jurisdiction_leakage_status"":""pass"",""legal_leakage_evidence"":[],""legal_leakage_status"":""pass"",""procedural_leakage_status"":""pass"",""strict_leakage_evidence"":{""currency"":[],""customary_unit"":[],""jurisdiction_placeholder"":[],""kr_institution"":[],""legal_conclusion"":[],""procedural"":[]}}}",pass,"{""source"":{""1970"":1,""1980"":1,""1986"":1,""1993"":2},""target"":{""1970"":1,""1980"":1,""1986"":1,""1993"":2}}",[],[],True,review,"[""The Korean version adds an unsupported procedural characterization that the persons were plaintiffs and the company was the defendant."",""Both final versions retain litigation posture: the persons later sued the company. They also retain the company's litigation-related contention about its legal obligation."",""The statement that a new herd was bought in 1993 is duplicated in both language versions, although it is also duplicated in the supplied source unit.""]",False,False
US_60f81ce937468b4218,pass,pass,pass,pass,pass,"{""en"":{""hangul"":0,""latin"":343,""reason"":null,""status"":""pass""},""ko"":{""hangul"":138,""latin"":73,""reason"":null,""status"":""pass""}}",pass,"{""en"":[""[ORGANIZATION_A]"",""[PERSON_A]""],""ko"":[""[ORGANIZATION_A]"",""[PERSON_A]""],""status"":""pass""}",pass,"{""en"":{""duplicates"":[],""status"":""pass""},""ko"":{""duplicates"":[],""status"":""pass""}}",pass,pass,pass,"{""en"":{""jurisdiction_leakage_evidence"":[],""jurisdiction_leakage_status"":""pass"",""legal_leakage_evidence"":[],""legal_leakage_status"":""pass"",""procedural_leakage_status"":""pass"",""strict_leakage_evidence"":{""currency"":[],""customary_unit"":[],""jurisdiction_placeholder"":[],""kr_institution"":[],""legal_conclusion"":[],""procedural"":[]}},""ko"":{""jurisdiction_leakage_evidence"":[],""jurisdiction_leakage_status"":""pass"",""legal_leakage_evidence"":[],""legal_leakage_status"":""pass"",""procedural_leakage_status"":""pass"",""strict_leakage_evidence"":{""currency"":[],""customary_unit"":[],""jurisdiction_placeholder"":[],""kr_institution"":[],""legal_conclusion"":[],""procedural"":[]}}}",pass,"{""source"":{},""target"":{}}",[],[],True,pass,[],False,True
US_63ffb974f8488a5664,pass,pass,pass,pass,pass,"{""en"":{""hangul"":0,""latin"":1658,""reason"":null,""status"":""pass""},""ko"":{""hangul"":609,""latin"":249,""reason"":null,""status"":""pass""}}",pass,"{""en"":[""[COMPANY_A]"",""[CURRENCY_AMOUNT_A]"",""[ORGANIZATION_A]"",""[ORGANIZATION_B]"",""[PERSON_A]"",""[PERSON_B]"",""[PERSON_C]"",""[PRODUCT_A]""],""ko"":[""[COMPANY_A]"",""[CURRENCY_AMOUNT_A]"",""[ORGANIZATION_A]"",""[ORGANIZATION_B]"",""[PERSON_A]"",""[PERSON_B]"",""[PERSON_C]"",""[PRODUCT_A]""],""status"":""pass""}",pass,"{""en"":{""duplicates"":[],""status"":""pass""},""ko"":{""duplicates"":[],""status"":""pass""}}",pass,pass,pass,"{""en"":{""jurisdiction_leakage_evidence"":[],""jurisdiction_leakage_status"":""pass"",""legal_leakage_evidence"":[],""legal_leakage_status"":""pass"",""procedural_leakage_status"":""pass"",""strict_leakage_evidence"":{""currency"":[],""customary_unit"":[],""jurisdiction_placeholder"":[],""kr_institution"":[],""legal_conclusion"":[],""procedural"":[]}},""ko"":{""jurisdiction_leakage_evidence"":[],""jurisdiction_leakage_status"":""pass"",""legal_leakage_evidence"":[],""legal_leakage_status"":""pass"",""procedural_leakage_status"":""pass"",""strict_leakage_evidence"":{""currency"":[],""customary_unit"":[],""jurisdiction_placeholder"":[],""kr_institution"":[],""legal_conclusion"":[],""procedural"":[]}}}",fail,"{""source"":{""1993"":1,""1996"":1,""1997"":3,""2"":2,""4"":1,""8"":2},""target"":{""1"":1,""1993"":1,""1996"":1,""1997"":3,""2"":2,""4"":1,""8"":2}}",[],"[""numerical_unit_status""]",True,review,"[""The final bilingual record contains duplicated substantive factual content about the alleged fear for life and emotional distress caused by the production, distribution, and sale of the records.""]",False,False
US_667a9b663657012cdc,pass,pass,pass,pass,pass,"{""en"":{""hangul"":0,""latin"":2023,""reason"":null,""status"":""pass""},""ko"":{""hangul"":749,""latin"":458,""reason"":null,""status"":""pass""}}",pass,"{""en"":[""[COMPANY_A]"",""[COMPANY_B]"",""[COMPANY_C]"",""[LOCATION_A]"",""[PERSON_A]"",""[PERSON_B]"",""[PERSON_C]"",""[PERSON_D]"",""[PERSON_E]"",""[PERSON_F]"",""[PERSON_G]"",""[VEHICLE_A]"",""[VEHICLE_B]"",""[VEHICLE_C]""],""ko"":[""[COMPANY_A]"",""[COMPANY_B]"",""[COMPANY_C]"",""[LOCATION_A]"",""[PERSON_A]"",""[PERSON_B]"",""[PERSON_C]"",""[PERSON_D]"",""[PERSON_E]"",""[PERSON_F]"",""[PERSON_G]"",""[VEHICLE_A]"",""[VEHICLE_B]"",""[VEHICLE_C]""],""status"":""pass""}",pass,"{""en"":{""duplicates"":[],""status"":""pass""},""ko"":{""duplicates"":[],""status"":""pass""}}",pass,pass,pass,"{""en"":{""jurisdiction_leakage_evidence"":[],""jurisdiction_leakage_status"":""pass"",""legal_leakage_evidence"":[],""legal_leakage_status"":""pass"",""procedural_leakage_status"":""pass"",""strict_leakage_evidence"":{""currency"":[],""customary_unit"":[],""jurisdiction_placeholder"":[],""kr_institution"":[],""legal_conclusion"":[],""procedural"":[]}},""ko"":{""jurisdiction_leakage_evidence"":[],""jurisdiction_leakage_status"":""pass"",""legal_leakage_evidence"":[],""legal_leakage_status"":""pass"",""procedural_leakage_status"":""pass"",""strict_leakage_evidence"":{""currency"":[],""customary_unit"":[],""jurisdiction_placeholder"":[],""kr_institution"":[],""legal_conclusion"":[],""procedural"":[]}}}",fail,"{""source"":{""1"":2,""12,392"":1,""13"":2,""21"":2,""3"":4,""4"":1,""6"":1},""target"":{""1"":1,""12,392"":1,""13"":2,""21"":2,""24"":1,""3"":4,""6"":1}}",[],"[""numerical_unit_status""]",True,review,"[""The final neutral fact duplicates the collision’s causation, death, and serious-injury facts in consecutive sentences in both languages, reducing factual concision.""]",False,False
US_67cc0f02a85dfe7f69,pass,pass,pass,pass,pass,"{""en"":{""hangul"":0,""latin"":822,""reason"":null,""status"":""pass""},""ko"":{""hangul"":254,""latin"":267,""reason"":null,""status"":""pass""}}",pass,"{""en"":[""[ORGANIZATION_A]"",""[ORGANIZATION_B]"",""[PERSON_A]"",""[PERSON_C]"",""[PERSON_D]""],""ko"":[""[ORGANIZATION_A]"",""[ORGANIZATION_B]"",""[PERSON_A]"",""[PERSON_C]"",""[PERSON_D]""],""status"":""pass""}",pass,"{""en"":{""duplicates"":[],""status"":""pass""},""ko"":{""duplicates"":[],""status"":""pass""}}",pass,pass,pass,"{""en"":{""jurisdiction_leakage_evidence"":[],""jurisdiction_leakage_status"":""pass"",""legal_leakage_evidence"":[],""legal_leakage_status"":""pass"",""procedural_leakage_status"":""pass"",""strict_leakage_evidence"":{""currency"":[],""customary_unit"":[],""jurisdiction_placeholder"":[],""kr_institution"":[],""legal_conclusion"":[],""procedural"":[]}},""ko"":{""jurisdiction_leakage_evidence"":[],""jurisdiction_leakage_status"":""pass"",""legal_leakage_evidence"":[],""legal_leakage_status"":""pass"",""procedural_leakage_status"":""pass"",""strict_leakage_evidence"":{""currency"":[],""customary_unit"":[],""jurisdiction_placeholder"":[],""kr_institution"":[],""legal_conclusion"":[],""procedural"":[]}}}",pass,"{""source"":{""2013"":1},""target"":{""2013"":1}}",[],[],True,pass,[],False,True
US_6ba935b9156e1996aa,pass,pass,pass,pass,pass,"{""en"":{""hangul"":0,""latin"":695,""reason"":null,""status"":""pass""},""ko"":{""hangul"":238,""latin"":122,""reason"":null,""status"":""pass""}}",pass,"{""en"":[""[INSTITUTION_A]"",""[PERSON_A]"",""[PERSON_B]"",""[PERSON_C]""],""ko"":[""[INSTITUTION_A]"",""[PERSON_A]"",""[PERSON_B]"",""[PERSON_C]""],""status"":""pass""}",pass,"{""en"":{""duplicates"":[],""status"":""pass""},""ko"":{""duplicates"":[],""status"":""pass""}}",pass,pass,pass,"{""en"":{""jurisdiction_leakage_evidence"":[],""jurisdiction_leakage_status"":""pass"",""legal_leakage_evidence"":[],""legal_leakage_status"":""pass"",""procedural_leakage_status"":""pass"",""strict_leakage_evidence"":{""currency"":[],""customary_unit"":[],""jurisdiction_placeholder"":[],""kr_institution"":[],""legal_conclusion"":[],""procedural"":[]}},""ko"":{""jurisdiction_leakage_evidence"":[],""jurisdiction_leakage_status"":""pass"",""legal_leakage_evidence"":[],""legal_leakage_status"":""pass"",""procedural_leakage_status"":""pass"",""strict_leakage_evidence"":{""currency"":[],""customary_unit"":[],""jurisdiction_placeholder"":[],""kr_institution"":[],""legal_conclusion"":[],""procedural"":[]}}}",fail,"{""source"":{""10"":1,""11"":1,""2"":1,""2009"":3,""9"":1},""target"":{""1"":1,""10"":1,""11"":1,""2"":1,""2009"":3,""9"":1}}",[],"[""numerical_unit_status""]",True,pass,[],False,True
US_6d3421be0f42fb2f6b,pass,pass,pass,pass,pass,"{""en"":{""hangul"":0,""latin"":982,""reason"":null,""status"":""pass""},""ko"":{""hangul"":390,""latin"":96,""reason"":null,""status"":""pass""}}",pass,"{""en"":[""[COMPANY_A]"",""[COMPANY_C]"",""[COMPANY_D]"",""[PERSON_A]"",""[PERSON_B]"",""[PRODUCT_A]""],""ko"":[""[COMPANY_A]"",""[COMPANY_C]"",""[COMPANY_D]"",""[PERSON_A]"",""[PERSON_B]"",""[PRODUCT_A]""],""status"":""pass""}",pass,"{""en"":{""duplicates"":[],""status"":""pass""},""ko"":{""duplicates"":[],""status"":""pass""}}",pass,pass,pass,"{""en"":{""jurisdiction_leakage_evidence"":[],""jurisdiction_leakage_status"":""pass"",""legal_leakage_evidence"":[],""legal_leakage_status"":""pass"",""procedural_leakage_status"":""pass"",""strict_leakage_evidence"":{""currency"":[],""customary_unit"":[],""jurisdiction_placeholder"":[],""kr_institution"":[],""legal_conclusion"":[],""procedural"":[]}},""ko"":{""jurisdiction_leakage_evidence"":[],""jurisdiction_leakage_status"":""pass"",""legal_leakage_evidence"":[],""legal_leakage_status"":""pass"",""procedural_leakage_status"":""pass"",""strict_leakage_evidence"":{""currency"":[],""customary_unit"":[],""jurisdiction_placeholder"":[],""kr_institution"":[],""legal_conclusion"":[],""procedural"":[]}}}",fail,"{""source"":{""1"":1,""11"":1,""1999"":1,""2"":1,""4"":1,""8"":1},""target"":{""11"":1,""1999"":1,""4"":1,""8"":1}}",[],"[""numerical_unit_status""]",True,pass,[],False,True
US_6dff55c6853f31d0a6,pass,pass,pass,pass,pass,"{""en"":{""hangul"":0,""latin"":1784,""reason"":null,""status"":""pass""},""ko"":{""hangul"":654,""latin"":321,""reason"":null,""status"":""pass""}}",pass,"{""en"":[""[ORGANIZATION_A]"",""[PERSON_A]"",""[PERSON_B]"",""[PERSON_C]""],""ko"":[""[ORGANIZATION_A]"",""[PERSON_A]"",""[PERSON_B]"",""[PERSON_C]""],""status"":""pass""}",pass,"{""en"":{""duplicates"":[],""status"":""pass""},""ko"":{""duplicates"":[],""status"":""pass""}}",pass,pass,pass,"{""en"":{""jurisdiction_leakage_evidence"":[],""jurisdiction_leakage_status"":""pass"",""legal_leakage_evidence"":[],""legal_leakage_status"":""pass"",""procedural_leakage_status"":""pass"",""strict_leakage_evidence"":{""currency"":[],""customary_unit"":[],""jurisdiction_placeholder"":[],""kr_institution"":[],""legal_conclusion"":[],""procedural"":[]}},""ko"":{""jurisdiction_leakage_evidence"":[],""jurisdiction_leakage_status"":""pass"",""legal_leakage_evidence"":[],""legal_leakage_status"":""pass"",""procedural_leakage_status"":""pass"",""strict_leakage_evidence"":{""currency"":[],""customary_unit"":[],""jurisdiction_placeholder"":[],""kr_institution"":[],""legal_conclusion"":[],""procedural"":[]}}}",fail,"{""source"":{""00"":1,""1"":1,""2"":2,""20"":2,""2014"":3,""24"":1,""3"":1,""30"":2,""45"":1,""5"":1,""6"":2,""90"":1},""target"":{""1"":2,""2"":1,""20"":2,""2014"":3,""24"":1,""3"":1,""30"":2,""45"":1,""5"":1,""6"":2,""90"":1}}",[],"[""numerical_unit_status""]",True,review,"[""Litigation posture and allegation framing are retained in both languages rather than presenting only the underlying events."",""The death event is duplicated and presented with an internally conflicting temporal order: death is stated before hospital transport and again as occurring at the hospital.""]",False,False
US_6e861d05305c993ccb,pass,pass,pass,pass,pass,"{""en"":{""hangul"":0,""latin"":1561,""reason"":null,""status"":""pass""},""ko"":{""hangul"":575,""latin"":314,""reason"":null,""status"":""pass""}}",pass,"{""en"":[""[COMPANY_A]"",""[ORGANIZATION_A]"",""[ORGANIZATION_B]"",""[ORGANIZATION_C]"",""[ORGANIZATION_D]"",""[PERSON_A]"",""[PERSON_B]"",""[PERSON_C]"",""[PERSON_D]"",""[PERSON_E]"",""[PERSON_F]"",""[PERSON_G]""],""ko"":[""[COMPANY_A]"",""[ORGANIZATION_A]"",""[ORGANIZATION_B]"",""[ORGANIZATION_C]"",""[ORGANIZATION_D]"",""[PERSON_A]"",""[PERSON_B]"",""[PERSON_C]"",""[PERSON_D]"",""[PERSON_E]"",""[PERSON_F]"",""[PERSON_G]""],""status"":""pass""}",pass,"{""en"":{""duplicates"":[],""status"":""pass""},""ko"":{""duplicates"":[],""status"":""pass""}}",pass,pass,pass,"{""en"":{""jurisdiction_leakage_evidence"":[],""jurisdiction_leakage_status"":""pass"",""legal_leakage_evidence"":[],""legal_leakage_status"":""pass"",""procedural_leakage_status"":""pass"",""strict_leakage_evidence"":{""currency"":[],""customary_unit"":[],""jurisdiction_placeholder"":[],""kr_institution"":[],""legal_conclusion"":[],""procedural"":[]}},""ko"":{""jurisdiction_leakage_evidence"":[],""jurisdiction_leakage_status"":""pass"",""legal_leakage_evidence"":[],""legal_leakage_status"":""pass"",""procedural_leakage_status"":""pass"",""strict_leakage_evidence"":{""currency"":[],""customary_unit"":[],""jurisdiction_placeholder"":[],""kr_institution"":[],""legal_conclusion"":[],""procedural"":[]}}}",fail,"{""source"":{""12"":1,""14"":1,""2"":1,""2009"":1},""target"":{""12"":1,""14"":1,""2009"":1}}",[],"[""numerical_unit_status""]",True,pass,[],False,True
US_6e94c6d394acfdcdc7,pass,pass,pass,pass,pass,"{""en"":{""hangul"":0,""latin"":1533,""reason"":null,""status"":""pass""},""ko"":{""hangul"":511,""latin"":328,""reason"":null,""status"":""pass""}}",pass,"{""en"":[""[COMPANY_A]"",""[CURRENCY_AMOUNT_A]"",""[PERSON_A]"",""[PERSON_B]"",""[PRODUCT_A]"",""[PRODUCT_B]""],""ko"":[""[COMPANY_A]"",""[CURRENCY_AMOUNT_A]"",""[PERSON_A]"",""[PERSON_B]"",""[PRODUCT_A]"",""[PRODUCT_B]""],""status"":""pass""}",pass,"{""en"":{""duplicates"":[],""status"":""pass""},""ko"":{""duplicates"":[],""status"":""pass""}}",pass,pass,pass,"{""en"":{""jurisdiction_leakage_evidence"":[],""jurisdiction_leakage_status"":""pass"",""legal_leakage_evidence"":[],""legal_leakage_status"":""pass"",""procedural_leakage_status"":""pass"",""strict_leakage_evidence"":{""currency"":[],""customary_unit"":[],""jurisdiction_placeholder"":[],""kr_institution"":[],""legal_conclusion"":[],""procedural"":[]}},""ko"":{""jurisdiction_leakage_evidence"":[],""jurisdiction_leakage_status"":""pass"",""legal_leakage_evidence"":[],""legal_leakage_status"":""pass"",""procedural_leakage_status"":""pass"",""strict_leakage_evidence"":{""currency"":[],""customary_unit"":[],""jurisdiction_placeholder"":[],""kr_institution"":[],""legal_conclusion"":[],""procedural"":[]}}}",pass,"{""source"":{""1992"":1,""1994"":1,""2"":1,""20"":1,""4"":1,""42"":1,""65"":2},""target"":{""1992"":1,""1994"":1,""2"":1,""20"":1,""4"":1,""42"":1,""65"":2}}",[],[],True,review,"[""The final English and Korean texts retain litigation posture by stating that [PERSON_A] brought/filed claims against the other parties. This is a procedural statement rather than a neutral underlying fact and should not be retained under the QC criteria.""]",False,False
US_71162df598a424d867,pass,pass,pass,pass,pass,"{""en"":{""hangul"":0,""latin"":760,""reason"":null,""status"":""pass""},""ko"":{""hangul"":262,""latin"":112,""reason"":null,""status"":""pass""}}",pass,"{""en"":[""[COMPANY_A]"",""[PERSON_A]"",""[PERSON_B]"",""[PERSON_C]"",""[PRODUCT_A]""],""ko"":[""[COMPANY_A]"",""[PERSON_A]"",""[PERSON_B]"",""[PERSON_C]"",""[PRODUCT_A]""],""status"":""pass""}",pass,"{""en"":{""duplicates"":[],""status"":""pass""},""ko"":{""duplicates"":[],""status"":""pass""}}",pass,pass,pass,"{""en"":{""jurisdiction_leakage_evidence"":[],""jurisdiction_leakage_status"":""pass"",""legal_leakage_evidence"":[],""legal_leakage_status"":""pass"",""procedural_leakage_status"":""pass"",""strict_leakage_evidence"":{""currency"":[],""customary_unit"":[],""jurisdiction_placeholder"":[],""kr_institution"":[],""legal_conclusion"":[],""procedural"":[]}},""ko"":{""jurisdiction_leakage_evidence"":[],""jurisdiction_leakage_status"":""pass"",""legal_leakage_evidence"":[],""legal_leakage_status"":""pass"",""procedural_leakage_status"":""pass"",""strict_leakage_evidence"":{""currency"":[],""customary_unit"":[],""jurisdiction_placeholder"":[],""kr_institution"":[],""legal_conclusion"":[],""procedural"":[]}}}",fail,"{""source"":{""1"":1,""11"":1,""13"":1,""2"":1,""2000"":1,""8"":1},""target"":{""11"":1,""13"":1,""2000"":1,""8"":1}}",[],"[""numerical_unit_status""]",True,review,"[""The Korean text makes the claims that [PERSON_C] was not a licensed pharmacist and was not acting under a pharmacist's supervision appear to be alleged, whereas the corresponding English/source wording marks only [PERSON_C]'s employee status as allegedly asserted. This changes the allegation status of substantive facts.""]",False,False
US_73b5710930ed47d628,pass,pass,pass,pass,pass,"{""en"":{""hangul"":0,""latin"":1503,""reason"":null,""status"":""pass""},""ko"":{""hangul"":561,""latin"":278,""reason"":null,""status"":""pass""}}",pass,"{""en"":[""[COMPANY_A]"",""[ORGANIZATION_A]"",""[PERSON_A]"",""[PERSON_B]"",""[PERSON_C]"",""[PERSON_D]"",""[PERSON_E]"",""[PERSON_F]"",""[PERSON_G]""],""ko"":[""[COMPANY_A]"",""[ORGANIZATION_A]"",""[PERSON_A]"",""[PERSON_B]"",""[PERSON_C]"",""[PERSON_D]"",""[PERSON_E]"",""[PERSON_F]"",""[PERSON_G]""],""status"":""pass""}",pass,"{""en"":{""duplicates"":[],""status"":""pass""},""ko"":{""duplicates"":[],""status"":""pass""}}",pass,pass,pass,"{""en"":{""jurisdiction_leakage_evidence"":[],""jurisdiction_leakage_status"":""pass"",""legal_leakage_evidence"":[],""legal_leakage_status"":""pass"",""procedural_leakage_status"":""pass"",""strict_leakage_evidence"":{""currency"":[],""customary_unit"":[],""jurisdiction_placeholder"":[],""kr_institution"":[],""legal_conclusion"":[],""procedural"":[]}},""ko"":{""jurisdiction_leakage_evidence"":[],""jurisdiction_leakage_status"":""pass"",""legal_leakage_evidence"":[],""legal_leakage_status"":""pass"",""procedural_leakage_status"":""pass"",""strict_leakage_evidence"":{""currency"":[],""customary_unit"":[],""jurisdiction_placeholder"":[],""kr_institution"":[],""legal_conclusion"":[],""procedural"":[]}}}",fail,"{""source"":{""1"":2,""11"":1,""12"":1,""2"":2,""2003"":1,""3"":2,""38.1"":1,""45.7"":1,""6.1"":1},""target"":{""12"":1,""2"":2,""2003"":1,""38.1"":1,""45.7"":1,""6.1"":1}}",[],"[""numerical_unit_status""]",True,pass,[],False,True
US_74c861440b330e42dc,pass,pass,pass,pass,pass,"{""en"":{""hangul"":0,""latin"":1574,""reason"":null,""status"":""pass""},""ko"":{""hangul"":599,""latin"":273,""reason"":null,""status"":""pass""}}",pass,"{""en"":[""[COMPANY_A]"",""[COMPANY_B]"",""[LOCATION_A]"",""[ORGANIZATION_A]"",""[PERSON_A]"",""[PERSON_B]"",""[PERSON_C]""],""ko"":[""[COMPANY_A]"",""[COMPANY_B]"",""[LOCATION_A]"",""[ORGANIZATION_A]"",""[PERSON_A]"",""[PERSON_B]"",""[PERSON_C]""],""status"":""pass""}",pass,"{""en"":{""duplicates"":[],""status"":""pass""},""ko"":{""duplicates"":[],""status"":""pass""}}",pass,pass,pass,"{""en"":{""jurisdiction_leakage_evidence"":[],""jurisdiction_leakage_status"":""pass"",""legal_leakage_evidence"":[],""legal_leakage_status"":""pass"",""procedural_leakage_status"":""pass"",""strict_leakage_evidence"":{""currency"":[],""customary_unit"":[],""jurisdiction_placeholder"":[],""kr_institution"":[],""legal_conclusion"":[],""procedural"":[]}},""ko"":{""jurisdiction_leakage_evidence"":[],""jurisdiction_leakage_status"":""pass"",""legal_leakage_evidence"":[],""legal_leakage_status"":""pass"",""procedural_leakage_status"":""pass"",""strict_leakage_evidence"":{""currency"":[],""customary_unit"":[],""jurisdiction_placeholder"":[],""kr_institution"":[],""legal_conclusion"":[],""procedural"":[]}}}",pass,"{""source"":{""1"":1,""1,700"":2,""3"":1,""500"":1,""700"":1},""target"":{""1"":1,""1,700"":2,""3"":1,""500"":1,""700"":1}}",[],[],True,pass,[],False,True
US_77921eca4293bb5c27,pass,pass,pass,pass,pass,"{""en"":{""hangul"":0,""latin"":1177,""reason"":null,""status"":""pass""},""ko"":{""hangul"":423,""latin"":256,""reason"":null,""status"":""pass""}}",pass,"{""en"":[""[COMPANY_A]"",""[PERSON_A]"",""[PERSON_B]"",""[PERSON_C]"",""[PERSON_D]"",""[PRODUCT_A]""],""ko"":[""[COMPANY_A]"",""[PERSON_A]"",""[PERSON_B]"",""[PERSON_C]"",""[PERSON_D]"",""[PRODUCT_A]""],""status"":""pass""}",pass,"{""en"":{""duplicates"":[],""status"":""pass""},""ko"":{""duplicates"":[],""status"":""pass""}}",pass,pass,pass,"{""en"":{""jurisdiction_leakage_evidence"":[],""jurisdiction_leakage_status"":""pass"",""legal_leakage_evidence"":[],""legal_leakage_status"":""pass"",""procedural_leakage_status"":""pass"",""strict_leakage_evidence"":{""currency"":[],""customary_unit"":[],""jurisdiction_placeholder"":[],""kr_institution"":[],""legal_conclusion"":[],""procedural"":[]}},""ko"":{""jurisdiction_leakage_evidence"":[],""jurisdiction_leakage_status"":""pass"",""legal_leakage_evidence"":[],""legal_leakage_status"":""pass"",""procedural_leakage_status"":""pass"",""strict_leakage_evidence"":{""currency"":[],""customary_unit"":[],""jurisdiction_placeholder"":[],""kr_institution"":[],""legal_conclusion"":[],""procedural"":[]}}}",pass,"{""source"":{""15"":1,""30"":1,""45"":1,""60"":1},""target"":{""15"":1,""30"":1,""45"":1,""60"":1}}",[],[],True,review,"[""The final neutral fact retains a litigation-posture statement rather than only the underlying factual events. The English and Korean versions are otherwise substantively aligned, with allegation and opinion status, entities, numbers, and temporal order preserved.""]",False,False
US_78f2e4c0127c877a51,pass,pass,pass,pass,pass,"{""en"":{""hangul"":0,""latin"":600,""reason"":null,""status"":""pass""},""ko"":{""hangul"":230,""latin"":101,""reason"":null,""status"":""pass""}}",pass,"{""en"":[""[COMPANY_A]"",""[PERSON_A]"",""[PERSON_B]""],""ko"":[""[COMPANY_A]"",""[PERSON_A]"",""[PERSON_B]""],""status"":""pass""}",pass,"{""en"":{""duplicates"":[],""status"":""pass""},""ko"":{""duplicates"":[],""status"":""pass""}}",pass,pass,pass,"{""en"":{""jurisdiction_leakage_evidence"":[],""jurisdiction_leakage_status"":""pass"",""legal_leakage_evidence"":[],""legal_leakage_status"":""pass"",""procedural_leakage_status"":""pass"",""strict_leakage_evidence"":{""currency"":[],""customary_unit"":[],""jurisdiction_placeholder"":[],""kr_institution"":[],""legal_conclusion"":[],""procedural"":[]}},""ko"":{""jurisdiction_leakage_evidence"":[],""jurisdiction_leakage_status"":""pass"",""legal_leakage_evidence"":[],""legal_leakage_status"":""pass"",""procedural_leakage_status"":""pass"",""strict_leakage_evidence"":{""currency"":[],""customary_unit"":[],""jurisdiction_placeholder"":[],""kr_institution"":[],""legal_conclusion"":[],""procedural"":[]}}}",fail,"{""source"":{""5"":1},""target"":{""1"":2}}",[],"[""numerical_unit_status""]",True,review,"[""The injury fact is substantively duplicated in both language versions. The second sentence adds causal wording but repeats the already stated broken-leg event, reducing neutral-fact concision and introducing redundant factual content.""]",False,False
US_7cae584411e6f22f4b,pass,pass,pass,pass,pass,"{""en"":{""hangul"":0,""latin"":1535,""reason"":null,""status"":""pass""},""ko"":{""hangul"":551,""latin"":261,""reason"":null,""status"":""pass""}}",pass,"{""en"":[""[COMPANY_A]"",""[COMPANY_B]"",""[COMPANY_C]"",""[PERSON_A]"",""[PERSON_B]"",""[PERSON_C]"",""[PERSON_D]"",""[PERSON_G]"",""[PERSON_H]""],""ko"":[""[COMPANY_A]"",""[COMPANY_B]"",""[COMPANY_C]"",""[PERSON_A]"",""[PERSON_B]"",""[PERSON_C]"",""[PERSON_D]"",""[PERSON_G]"",""[PERSON_H]""],""status"":""pass""}",pass,"{""en"":{""duplicates"":[],""status"":""pass""},""ko"":{""duplicates"":[],""status"":""pass""}}",pass,pass,pass,"{""en"":{""jurisdiction_leakage_evidence"":[],""jurisdiction_leakage_status"":""pass"",""legal_leakage_evidence"":[],""legal_leakage_status"":""pass"",""procedural_leakage_status"":""pass"",""strict_leakage_evidence"":{""currency"":[],""customary_unit"":[],""jurisdiction_placeholder"":[],""kr_institution"":[],""legal_conclusion"":[],""procedural"":[]}},""ko"":{""jurisdiction_leakage_evidence"":[],""jurisdiction_leakage_status"":""pass"",""legal_leakage_evidence"":[],""legal_leakage_status"":""pass"",""procedural_leakage_status"":""pass"",""strict_leakage_evidence"":{""currency"":[],""customary_unit"":[],""jurisdiction_placeholder"":[],""kr_institution"":[],""legal_conclusion"":[],""procedural"":[]}}}",fail,"{""source"":{""00"":1,""1"":2,""11"":1,""16"":1,""1980"":1,""1997"":1,""2"":1,""21"":1,""30"":2,""5"":2,""7"":1},""target"":{""1"":4,""11"":1,""16"":1,""1980"":1,""1997"":1,""2"":2,""21"":1,""30"":2,""5"":2,""7"":1}}",[],"[""numerical_unit_status""]",True,review,"[""Litigation posture/procedural content is retained in both final languages through the request to exclude proposed causation testimony or obtain an evidentiary hearing."",""The exclusion/hearing request is substantively duplicated in both languages, once generally and again with the January 21, 1997 date.""]",False,False
US_7f556627654c5d3f9a,pass,pass,pass,pass,pass,"{""en"":{""hangul"":0,""latin"":1504,""reason"":null,""status"":""pass""},""ko"":{""hangul"":604,""latin"":189,""reason"":null,""status"":""pass""}}",pass,"{""en"":[""[PERSON_A]"",""[PERSON_B]"",""[PERSON_C]"",""[PERSON_D]"",""[PERSON_E]"",""[PERSON_F]""],""ko"":[""[PERSON_A]"",""[PERSON_B]"",""[PERSON_C]"",""[PERSON_D]"",""[PERSON_E]"",""[PERSON_F]""],""status"":""pass""}",pass,"{""en"":{""duplicates"":[],""status"":""pass""},""ko"":{""duplicates"":[],""status"":""pass""}}",pass,pass,pass,"{""en"":{""jurisdiction_leakage_evidence"":[],""jurisdiction_leakage_status"":""pass"",""legal_leakage_evidence"":[],""legal_leakage_status"":""pass"",""procedural_leakage_status"":""pass"",""strict_leakage_evidence"":{""currency"":[],""customary_unit"":[],""jurisdiction_placeholder"":[],""kr_institution"":[],""legal_conclusion"":[],""procedural"":[]}},""ko"":{""jurisdiction_leakage_evidence"":[],""jurisdiction_leakage_status"":""pass"",""legal_leakage_evidence"":[],""legal_leakage_status"":""pass"",""procedural_leakage_status"":""pass"",""strict_leakage_evidence"":{""currency"":[],""customary_unit"":[],""jurisdiction_placeholder"":[],""kr_institution"":[],""legal_conclusion"":[],""procedural"":[]}}}",fail,"{""source"":{""2011"":2,""27"":1,""3"":1,""4"":1,""9"":2},""target"":{""2011"":2,""24"":1,""27"":1,""3"":1,""9"":2}}",[],"[""numerical_unit_status""]",True,pass,[],False,True
US_8026310f8d6a3819bd,pass,pass,pass,pass,pass,"{""en"":{""hangul"":0,""latin"":1294,""reason"":null,""status"":""pass""},""ko"":{""hangul"":453,""latin"":240,""reason"":null,""status"":""pass""}}",pass,"{""en"":[""[COMPANY_A]"",""[COMPANY_B]"",""[PERSON_A]"",""[PERSON_B]"",""[PERSON_C]"",""[PERSON_D]"",""[PERSON_E]""],""ko"":[""[COMPANY_A]"",""[COMPANY_B]"",""[PERSON_A]"",""[PERSON_B]"",""[PERSON_C]"",""[PERSON_D]"",""[PERSON_E]""],""status"":""pass""}",pass,"{""en"":{""duplicates"":[],""status"":""pass""},""ko"":{""duplicates"":[],""status"":""pass""}}",pass,pass,pass,"{""en"":{""jurisdiction_leakage_evidence"":[],""jurisdiction_leakage_status"":""pass"",""legal_leakage_evidence"":[],""legal_leakage_status"":""pass"",""procedural_leakage_status"":""pass"",""strict_leakage_evidence"":{""currency"":[],""customary_unit"":[],""jurisdiction_placeholder"":[],""kr_institution"":[],""legal_conclusion"":[],""procedural"":[]}},""ko"":{""jurisdiction_leakage_evidence"":[],""jurisdiction_leakage_status"":""pass"",""legal_leakage_evidence"":[],""legal_leakage_status"":""pass"",""procedural_leakage_status"":""pass"",""strict_leakage_evidence"":{""currency"":[],""customary_unit"":[],""jurisdiction_placeholder"":[],""kr_institution"":[],""legal_conclusion"":[],""procedural"":[]}}}",pass,"{""source"":{""1"":1,""1967"":2,""1997"":1,""3"":1,""6"":1},""target"":{""1"":1,""1967"":2,""1997"":1,""3"":1,""6"":1}}",[],[],True,pass,[],False,True
US_8273a9a891358bad5d,pass,pass,pass,pass,pass,"{""en"":{""hangul"":0,""latin"":1063,""reason"":null,""status"":""pass""},""ko"":{""hangul"":340,""latin"":196,""reason"":null,""status"":""pass""}}",pass,"{""en"":[""[COMPANY_A]"",""[COMPANY_B]"",""[COMPANY_C]"",""[LOCATION_A]"",""[ORGANIZATION_A]"",""[ORGANIZATION_B]"",""[ORGANIZATION_C]"",""[PERSON_A]""],""ko"":[""[COMPANY_A]"",""[COMPANY_B]"",""[COMPANY_C]"",""[LOCATION_A]"",""[ORGANIZATION_A]"",""[ORGANIZATION_B]"",""[ORGANIZATION_C]"",""[PERSON_A]""],""status"":""pass""}",pass,"{""en"":{""duplicates"":[],""status"":""pass""},""ko"":{""duplicates"":[],""status"":""pass""}}",pass,pass,pass,"{""en"":{""jurisdiction_leakage_evidence"":[],""jurisdiction_leakage_status"":""pass"",""legal_leakage_evidence"":[],""legal_leakage_status"":""pass"",""procedural_leakage_status"":""pass"",""strict_leakage_evidence"":{""currency"":[],""customary_unit"":[],""jurisdiction_placeholder"":[],""kr_institution"":[],""legal_conclusion"":[],""procedural"":[]}},""ko"":{""jurisdiction_leakage_evidence"":[],""jurisdiction_leakage_status"":""pass"",""legal_leakage_evidence"":[],""legal_leakage_status"":""pass"",""procedural_leakage_status"":""pass"",""strict_leakage_evidence"":{""currency"":[],""customary_unit"":[],""jurisdiction_placeholder"":[],""kr_institution"":[],""legal_conclusion"":[],""procedural"":[]}}}",pass,"{""source"":{""1997"":2,""1999"":1,""3"":4,""30"":1,""4"":1},""target"":{""1997"":2,""1999"":1,""3"":4,""30"":1,""4"":1}}",[],[],True,pass,[],False,True
US_8636c5a0c5ede55860,pass,pass,pass,pass,pass,"{""en"":{""hangul"":0,""latin"":1165,""reason"":null,""status"":""pass""},""ko"":{""hangul"":444,""latin"":160,""reason"":null,""status"":""pass""}}",pass,"{""en"":[""[COMPANY_A]"",""[PERSON_A]"",""[PRODUCT_A]""],""ko"":[""[COMPANY_A]"",""[PERSON_A]"",""[PRODUCT_A]""],""status"":""pass""}",pass,"{""en"":{""duplicates"":[],""status"":""pass""},""ko"":{""duplicates"":[],""status"":""pass""}}",pass,pass,pass,"{""en"":{""jurisdiction_leakage_evidence"":[],""jurisdiction_leakage_status"":""pass"",""legal_leakage_evidence"":[],""legal_leakage_status"":""pass"",""procedural_leakage_status"":""pass"",""strict_leakage_evidence"":{""currency"":[],""customary_unit"":[],""jurisdiction_placeholder"":[],""kr_institution"":[],""legal_conclusion"":[],""procedural"":[]}},""ko"":{""jurisdiction_leakage_evidence"":[],""jurisdiction_leakage_status"":""pass"",""legal_leakage_evidence"":[],""legal_leakage_status"":""pass"",""procedural_leakage_status"":""pass"",""strict_leakage_evidence"":{""currency"":[],""customary_unit"":[],""jurisdiction_placeholder"":[],""kr_institution"":[],""legal_conclusion"":[],""procedural"":[]}}}",fail,"{""source"":{""1"":3,""136.1"":1,""5.5"":1,""6.1"":1},""target"":{""1"":1,""136.1"":1,""5.5"":1,""6.1"":1}}",[],"[""numerical_unit_status""]",True,pass,[],False,True
US_89752cdd8fe08c1031,pass,pass,pass,pass,pass,"{""en"":{""hangul"":0,""latin"":1159,""reason"":null,""status"":""pass""},""ko"":{""hangul"":454,""latin"":208,""reason"":null,""status"":""pass""}}",pass,"{""en"":[""[ORGANIZATION_A]"",""[ORGANIZATION_B]"",""[PERSON_A]"",""[PERSON_B]""],""ko"":[""[ORGANIZATION_A]"",""[ORGANIZATION_B]"",""[PERSON_A]"",""[PERSON_B]""],""status"":""pass""}",pass,"{""en"":{""duplicates"":[],""status"":""pass""},""ko"":{""duplicates"":[],""status"":""pass""}}",pass,pass,pass,"{""en"":{""jurisdiction_leakage_evidence"":[],""jurisdiction_leakage_status"":""pass"",""legal_leakage_evidence"":[],""legal_leakage_status"":""pass"",""procedural_leakage_status"":""pass"",""strict_leakage_evidence"":{""currency"":[],""customary_unit"":[],""jurisdiction_placeholder"":[],""kr_institution"":[],""legal_conclusion"":[],""procedural"":[]}},""ko"":{""jurisdiction_leakage_evidence"":[],""jurisdiction_leakage_status"":""pass"",""legal_leakage_evidence"":[],""legal_leakage_status"":""pass"",""procedural_leakage_status"":""pass"",""strict_leakage_evidence"":{""currency"":[],""customary_unit"":[],""jurisdiction_placeholder"":[],""kr_institution"":[],""legal_conclusion"":[],""procedural"":[]}}}",pass,"{""source"":{""1"":1,""2"":1,""9"":1},""target"":{""1"":1,""2"":1,""9"":1}}",[],[],True,review,"[""Korean contains unsupported relationship information identifying [PERSON_B] as [PERSON_A]'s mother."",""Korean contains an unsupported litigation-posture statement that [PERSON_B] filed suit against [ORGANIZATION_A] and [ORGANIZATION_B].""]",False,False
US_8b84f7c77a2cc4823f,pass,pass,pass,pass,pass,"{""en"":{""hangul"":0,""latin"":694,""reason"":null,""status"":""pass""},""ko"":{""hangul"":237,""latin"":133,""reason"":null,""status"":""pass""}}",pass,"{""en"":[""[LOCATION_A]"",""[ORGANIZATION_A]"",""[ORGANIZATION_B]"",""[PERSON_A]"",""[PERSON_B]"",""[PERSON_D]""],""ko"":[""[LOCATION_A]"",""[ORGANIZATION_A]"",""[ORGANIZATION_B]"",""[PERSON_A]"",""[PERSON_B]"",""[PERSON_D]""],""status"":""pass""}",pass,"{""en"":{""duplicates"":[],""status"":""pass""},""ko"":{""duplicates"":[],""status"":""pass""}}",pass,pass,pass,"{""en"":{""jurisdiction_leakage_evidence"":[],""jurisdiction_leakage_status"":""pass"",""legal_leakage_evidence"":[],""legal_leakage_status"":""pass"",""procedural_leakage_status"":""pass"",""strict_leakage_evidence"":{""currency"":[],""customary_unit"":[],""jurisdiction_placeholder"":[],""kr_institution"":[],""legal_conclusion"":[],""procedural"":[]}},""ko"":{""jurisdiction_leakage_evidence"":[],""jurisdiction_leakage_status"":""pass"",""legal_leakage_evidence"":[],""legal_leakage_status"":""pass"",""procedural_leakage_status"":""pass"",""strict_leakage_evidence"":{""currency"":[],""customary_unit"":[],""jurisdiction_placeholder"":[],""kr_institution"":[],""legal_conclusion"":[],""procedural"":[]}}}",fail,"{""source"":{""1"":2,""10"":1,""11"":1,""1976"":1,""1982"":1,""1984"":1,""8"":1},""target"":{""1"":1,""1976"":1,""1982"":1,""1984"":1,""8"":1}}",[],"[""numerical_unit_status""]",True,pass,[],False,True
US_8e816087051c99374d,pass,pass,pass,pass,pass,"{""en"":{""hangul"":0,""latin"":2919,""reason"":null,""status"":""pass""},""ko"":{""hangul"":1081,""latin"":452,""reason"":null,""status"":""pass""}}",pass,"{""en"":[""[COMPANY_A]"",""[COMPANY_B]"",""[COMPANY_C]"",""[COMPANY_D]"",""[CURRENCY_AMOUNT_A]"",""[PERSON_A]"",""[PERSON_B]"",""[PERSON_C]"",""[PRODUCT_A]"",""[PRODUCT_B]""],""ko"":[""[COMPANY_A]"",""[COMPANY_B]"",""[COMPANY_C]"",""[COMPANY_D]"",""[CURRENCY_AMOUNT_A]"",""[PERSON_A]"",""[PERSON_B]"",""[PERSON_C]"",""[PRODUCT_A]"",""[PRODUCT_B]""],""status"":""pass""}",pass,"{""en"":{""duplicates"":[],""status"":""pass""},""ko"":{""duplicates"":[],""status"":""pass""}}",pass,pass,pass,"{""en"":{""jurisdiction_leakage_evidence"":[],""jurisdiction_leakage_status"":""pass"",""legal_leakage_evidence"":[],""legal_leakage_status"":""pass"",""procedural_leakage_status"":""pass"",""strict_leakage_evidence"":{""currency"":[],""customary_unit"":[],""jurisdiction_placeholder"":[],""kr_institution"":[],""legal_conclusion"":[],""procedural"":[]}},""ko"":{""jurisdiction_leakage_evidence"":[],""jurisdiction_leakage_status"":""pass"",""legal_leakage_evidence"":[],""legal_leakage_status"":""pass"",""procedural_leakage_status"":""pass"",""strict_leakage_evidence"":{""currency"":[],""customary_unit"":[],""jurisdiction_placeholder"":[],""kr_institution"":[],""legal_conclusion"":[],""procedural"":[]}}}",fail,"{""source"":{""1"":2,""12"":1,""1995"":2,""1996"":7,""1997"":2,""1998"":1,""2"":2,""2000"":1,""4"":1,""5"":2,""6"":2,""8"":1},""target"":{""1"":2,""12"":1,""1995"":2,""1996"":7,""1997"":2,""1998"":1,""2"":1,""2000"":1,""5"":1,""6"":2,""65"":1,""8"":1,""82"":1,""84"":1}}",[],"[""numerical_unit_status""]",True,review,"[""The Korean neutral fact is not fully translated: \""unsolicited\"" remains in English in the first sentence, although it is translated later as \""원치 않은\"".""]",False,False
US_8f953fe2f1a7911efc,pass,pass,pass,pass,pass,"{""en"":{""hangul"":0,""latin"":1248,""reason"":null,""status"":""pass""},""ko"":{""hangul"":446,""latin"":246,""reason"":null,""status"":""pass""}}",pass,"{""en"":[""[COMPANY_B]"",""[CURRENCY_AMOUNT_A]"",""[CURRENCY_AMOUNT_B]"",""[PERSON_A]"",""[PERSON_B]"",""[PERSON_C]"",""[PROPERTY_A]""],""ko"":[""[COMPANY_B]"",""[CURRENCY_AMOUNT_A]"",""[CURRENCY_AMOUNT_B]"",""[PERSON_A]"",""[PERSON_B]"",""[PERSON_C]"",""[PROPERTY_A]""],""status"":""pass""}",pass,"{""en"":{""duplicates"":[],""status"":""pass""},""ko"":{""duplicates"":[],""status"":""pass""}}",pass,pass,pass,"{""en"":{""jurisdiction_leakage_evidence"":[],""jurisdiction_leakage_status"":""pass"",""legal_leakage_evidence"":[],""legal_leakage_status"":""pass"",""procedural_leakage_status"":""pass"",""strict_leakage_evidence"":{""currency"":[],""customary_unit"":[],""jurisdiction_placeholder"":[],""kr_institution"":[],""legal_conclusion"":[],""procedural"":[]}},""ko"":{""jurisdiction_leakage_evidence"":[],""jurisdiction_leakage_status"":""pass"",""legal_leakage_evidence"":[],""legal_leakage_status"":""pass"",""procedural_leakage_status"":""pass"",""strict_leakage_evidence"":{""currency"":[],""customary_unit"":[],""jurisdiction_placeholder"":[],""kr_institution"":[],""legal_conclusion"":[],""procedural"":[]}}}",pass,"{""source"":{""10"":1,""1980"":1,""1997"":1,""3"":1,""5"":1},""target"":{""10"":1,""1980"":1,""1997"":1,""3"":1,""5"":1}}",[],[],True,pass,[],False,True
US_94f469d91f6b1c555d,pass,pass,pass,pass,pass,"{""en"":{""hangul"":0,""latin"":575,""reason"":null,""status"":""pass""},""ko"":{""hangul"":176,""latin"":188,""reason"":null,""status"":""pass""}}",pass,"{""en"":[""[INSTITUTION_A]"",""[ORGANIZATION_A]"",""[ORGANIZATION_B]"",""[PERSON_A]"",""[PERSON_B]"",""[PERSON_C]""],""ko"":[""[INSTITUTION_A]"",""[ORGANIZATION_A]"",""[ORGANIZATION_B]"",""[PERSON_A]"",""[PERSON_B]"",""[PERSON_C]""],""status"":""pass""}",pass,"{""en"":{""duplicates"":[],""status"":""pass""},""ko"":{""duplicates"":[],""status"":""pass""}}",pass,pass,pass,"{""en"":{""jurisdiction_leakage_evidence"":[],""jurisdiction_leakage_status"":""pass"",""legal_leakage_evidence"":[],""legal_leakage_status"":""pass"",""procedural_leakage_status"":""pass"",""strict_leakage_evidence"":{""currency"":[],""customary_unit"":[],""jurisdiction_placeholder"":[],""kr_institution"":[],""legal_conclusion"":[],""procedural"":[]}},""ko"":{""jurisdiction_leakage_evidence"":[],""jurisdiction_leakage_status"":""pass"",""legal_leakage_evidence"":[],""legal_leakage_status"":""pass"",""procedural_leakage_status"":""pass"",""strict_leakage_evidence"":{""currency"":[],""customary_unit"":[],""jurisdiction_placeholder"":[],""kr_institution"":[],""legal_conclusion"":[],""procedural"":[]}}}",pass,"{""source"":{""1"":1,""2009"":1,""23"":1},""target"":{""1"":1,""2009"":1,""23"":1}}",[],[],True,pass,[],False,True
US_98be2374bed153f34a,pass,pass,pass,pass,pass,"{""en"":{""hangul"":0,""latin"":1324,""reason"":null,""status"":""pass""},""ko"":{""hangul"":417,""latin"":375,""reason"":null,""status"":""pass""}}",pass,"{""en"":[""[LOCATION_A]"",""[ORGANIZATION_A]"",""[ORGANIZATION_B]"",""[ORGANIZATION_C]"",""[ORGANIZATION_D]"",""[ORGANIZATION_E]"",""[ORGANIZATION_F]"",""[PERSON_A]"",""[PERSON_B]"",""[PERSON_C]"",""[VEHICLE_A]""],""ko"":[""[LOCATION_A]"",""[ORGANIZATION_A]"",""[ORGANIZATION_B]"",""[ORGANIZATION_C]"",""[ORGANIZATION_D]"",""[ORGANIZATION_E]"",""[ORGANIZATION_F]"",""[PERSON_A]"",""[PERSON_B]"",""[PERSON_C]"",""[VEHICLE_A]""],""status"":""pass""}",pass,"{""en"":{""duplicates"":[],""status"":""pass""},""ko"":{""duplicates"":[],""status"":""pass""}}",pass,pass,pass,"{""en"":{""jurisdiction_leakage_evidence"":[],""jurisdiction_leakage_status"":""pass"",""legal_leakage_evidence"":[],""legal_leakage_status"":""pass"",""procedural_leakage_status"":""pass"",""strict_leakage_evidence"":{""currency"":[],""customary_unit"":[],""jurisdiction_placeholder"":[],""kr_institution"":[],""legal_conclusion"":[],""procedural"":[]}},""ko"":{""jurisdiction_leakage_evidence"":[],""jurisdiction_leakage_status"":""pass"",""legal_leakage_evidence"":[],""legal_leakage_status"":""pass"",""procedural_leakage_status"":""pass"",""strict_leakage_evidence"":{""currency"":[],""customary_unit"":[],""jurisdiction_placeholder"":[],""kr_institution"":[],""legal_conclusion"":[],""procedural"":[]}}}",fail,"{""source"":{""1"":1,""10"":1,""2"":2,""2002"":1,""30"":1},""target"":{""10"":1,""2"":2,""2002"":1,""30"":1}}",[],"[""numerical_unit_status""]",True,pass,[],False,True
US_99f0f4ac29a4da2463,pass,pass,pass,pass,pass,"{""en"":{""hangul"":0,""latin"":927,""reason"":null,""status"":""pass""},""ko"":{""hangul"":331,""latin"":205,""reason"":null,""status"":""pass""}}",pass,"{""en"":[""[ORGANIZATION_A]"",""[ORGANIZATION_B]"",""[PERSON_A]""],""ko"":[""[ORGANIZATION_A]"",""[ORGANIZATION_B]"",""[PERSON_A]""],""status"":""pass""}",pass,"{""en"":{""duplicates"":[],""status"":""pass""},""ko"":{""duplicates"":[],""status"":""pass""}}",pass,pass,pass,"{""en"":{""jurisdiction_leakage_evidence"":[],""jurisdiction_leakage_status"":""pass"",""legal_leakage_evidence"":[],""legal_leakage_status"":""pass"",""procedural_leakage_status"":""pass"",""strict_leakage_evidence"":{""currency"":[],""customary_unit"":[],""jurisdiction_placeholder"":[],""kr_institution"":[],""legal_conclusion"":[],""procedural"":[]}},""ko"":{""jurisdiction_leakage_evidence"":[],""jurisdiction_leakage_status"":""pass"",""legal_leakage_evidence"":[],""legal_leakage_status"":""pass"",""procedural_leakage_status"":""pass"",""strict_leakage_evidence"":{""currency"":[],""customary_unit"":[],""jurisdiction_placeholder"":[],""kr_institution"":[],""legal_conclusion"":[],""procedural"":[]}}}",pass,"{""source"":{""1974"":1,""2"":1},""target"":{""1974"":1,""2"":1}}",[],[],True,pass,[],False,True
US_9acb209b5020b6dec4,pass,pass,pass,pass,pass,"{""en"":{""hangul"":0,""latin"":709,""reason"":null,""status"":""pass""},""ko"":{""hangul"":240,""latin"":94,""reason"":null,""status"":""pass""}}",pass,"{""en"":[""[INSTITUTION_A]"",""[PERSON_A]""],""ko"":[""[INSTITUTION_A]"",""[PERSON_A]""],""status"":""pass""}",pass,"{""en"":{""duplicates"":[],""status"":""pass""},""ko"":{""duplicates"":[],""status"":""pass""}}",pass,pass,pass,"{""en"":{""jurisdiction_leakage_evidence"":[],""jurisdiction_leakage_status"":""pass"",""legal_leakage_evidence"":[],""legal_leakage_status"":""pass"",""procedural_leakage_status"":""pass"",""strict_leakage_evidence"":{""currency"":[],""customary_unit"":[],""jurisdiction_placeholder"":[],""kr_institution"":[],""legal_conclusion"":[],""procedural"":[]}},""ko"":{""jurisdiction_leakage_evidence"":[],""jurisdiction_leakage_status"":""pass"",""legal_leakage_evidence"":[],""legal_leakage_status"":""pass"",""procedural_leakage_status"":""pass"",""strict_leakage_evidence"":{""currency"":[],""customary_unit"":[],""jurisdiction_placeholder"":[],""kr_institution"":[],""legal_conclusion"":[],""procedural"":[]}}}",fail,"{""source"":{""1980"":4,""1989"":1,""1993"":1,""1994"":1,""29"":1,""5"":1,""9"":1},""target"":{""13"":2,""14"":2,""15"":1,""1980"":4,""1989"":1,""1993"":1,""1994"":1,""20"":1,""29"":1,""5"":1,""9"":1}}",[],"[""numerical_unit_status""]",True,pass,[],False,True
US_9b0dcb923fdb190dd3,pass,pass,pass,pass,pass,"{""en"":{""hangul"":0,""latin"":551,""reason"":null,""status"":""pass""},""ko"":{""hangul"":230,""latin"":66,""reason"":null,""status"":""pass""}}",pass,"{""en"":[""[COMPANY_A]"",""[PERSON_A]""],""ko"":[""[COMPANY_A]"",""[PERSON_A]""],""status"":""pass""}",pass,"{""en"":{""duplicates"":[],""status"":""pass""},""ko"":{""duplicates"":[],""status"":""pass""}}",pass,pass,pass,"{""en"":{""jurisdiction_leakage_evidence"":[],""jurisdiction_leakage_status"":""pass"",""legal_leakage_evidence"":[],""legal_leakage_status"":""pass"",""procedural_leakage_status"":""pass"",""strict_leakage_evidence"":{""currency"":[],""customary_unit"":[],""jurisdiction_placeholder"":[],""kr_institution"":[],""legal_conclusion"":[],""procedural"":[]}},""ko"":{""jurisdiction_leakage_evidence"":[],""jurisdiction_leakage_status"":""pass"",""legal_leakage_evidence"":[],""legal_leakage_status"":""pass"",""procedural_leakage_status"":""pass"",""strict_leakage_evidence"":{""currency"":[],""customary_unit"":[],""jurisdiction_placeholder"":[],""kr_institution"":[],""legal_conclusion"":[],""procedural"":[]}}}",pass,"{""source"":{""10.7"":1,""12.2"":1},""target"":{""10.7"":1,""12.2"":1}}",[],[],True,pass,[],False,True
US_9c0d0f392a9c3505c1,pass,pass,pass,pass,pass,"{""en"":{""hangul"":0,""latin"":542,""reason"":null,""status"":""pass""},""ko"":{""hangul"":185,""latin"":193,""reason"":null,""status"":""pass""}}",pass,"{""en"":[""[ORGANIZATION_A]"",""[ORGANIZATION_B]"",""[PERSON_B]"",""[PERSON_C]"",""[PRODUCT_A]""],""ko"":[""[ORGANIZATION_A]"",""[ORGANIZATION_B]"",""[PERSON_B]"",""[PERSON_C]"",""[PRODUCT_A]""],""status"":""pass""}",pass,"{""en"":{""duplicates"":[],""status"":""pass""},""ko"":{""duplicates"":[],""status"":""pass""}}",pass,pass,pass,"{""en"":{""jurisdiction_leakage_evidence"":[],""jurisdiction_leakage_status"":""pass"",""legal_leakage_evidence"":[],""legal_leakage_status"":""pass"",""procedural_leakage_status"":""pass"",""strict_leakage_evidence"":{""currency"":[],""customary_unit"":[],""jurisdiction_placeholder"":[],""kr_institution"":[],""legal_conclusion"":[],""procedural"":[]}},""ko"":{""jurisdiction_leakage_evidence"":[],""jurisdiction_leakage_status"":""pass"",""legal_leakage_evidence"":[],""legal_leakage_status"":""pass"",""procedural_leakage_status"":""pass"",""strict_leakage_evidence"":{""currency"":[],""customary_unit"":[],""jurisdiction_placeholder"":[],""kr_institution"":[],""legal_conclusion"":[],""procedural"":[]}}}",pass,"{""source"":{""11"":1,""1989"":1,""22"":1},""target"":{""11"":1,""1989"":1,""22"":1}}",[],[],True,pass,[],False,True
US_9cac14d9a55b155cd4,pass,pass,pass,pass,pass,"{""en"":{""hangul"":0,""latin"":4120,""reason"":null,""status"":""pass""},""ko"":{""hangul"":1417,""latin"":743,""reason"":null,""status"":""pass""}}",pass,"{""en"":[""[COMPANY_A]"",""[COMPANY_B]"",""[COMPANY_C]"",""[PERSON_A]"",""[PERSON_B]"",""[PERSON_C]"",""[PERSON_D]"",""[PERSON_E]"",""[PERSON_F]"",""[PERSON_G]"",""[PERSON_H]""],""ko"":[""[COMPANY_A]"",""[COMPANY_B]"",""[COMPANY_C]"",""[PERSON_A]"",""[PERSON_B]"",""[PERSON_C]"",""[PERSON_D]"",""[PERSON_E]"",""[PERSON_F]"",""[PERSON_G]"",""[PERSON_H]""],""status"":""pass""}",pass,"{""en"":{""duplicates"":[],""status"":""pass""},""ko"":{""duplicates"":[],""status"":""pass""}}",pass,pass,pass,"{""en"":{""jurisdiction_leakage_evidence"":[],""jurisdiction_leakage_status"":""pass"",""legal_leakage_evidence"":[],""legal_leakage_status"":""pass"",""procedural_leakage_status"":""pass"",""strict_leakage_evidence"":{""currency"":[],""customary_unit"":[],""jurisdiction_placeholder"":[],""kr_institution"":[],""legal_conclusion"":[],""procedural"":[]}},""ko"":{""jurisdiction_leakage_evidence"":[],""jurisdiction_leakage_status"":""pass"",""legal_leakage_evidence"":[],""legal_leakage_status"":""pass"",""procedural_leakage_status"":""pass"",""strict_leakage_evidence"":{""currency"":[],""customary_unit"":[],""jurisdiction_placeholder"":[],""kr_institution"":[],""legal_conclusion"":[],""procedural"":[]}}}",fail,"{""source"":{""00"":4,""1"":3,""10"":3,""11"":2,""16"":1,""1980"":1,""2"":2,""3"":2,""30"":3,""4"":1,""5"":5,""6"":2,""7"":3,""8"":1,""9"":3},""target"":{""1"":6,""10"":3,""11"":2,""16"":1,""1980"":1,""2"":2,""3"":2,""30"":4,""4"":1,""5"":5,""6"":2,""7"":3,""8"":1,""9"":3}}",[],"[""numerical_unit_status""]",True,review,"[""The Korean opening sentence has an entity-reference error: [PERSON_B] should be described as representing [PERSON_A] as [PERSON_A]'s next friend, not as [PERSON_B]'s next friend."",""The final texts retain litigation posture and court-opinion material (defendants, trial disputes, allegations in the litigation, and the majority's statement), contrary to a neutral factual record without procedural or legal conclusions.""]",False,False
US_9dc742b4409b555931,pass,pass,pass,pass,pass,"{""en"":{""hangul"":0,""latin"":1549,""reason"":null,""status"":""pass""},""ko"":{""hangul"":576,""latin"":257,""reason"":null,""status"":""pass""}}",pass,"{""en"":[""[COMPANY_A]"",""[INSTITUTION_A]"",""[PERSON_A]"",""[PERSON_B]"",""[PERSON_C]"",""[PERSON_D]"",""[PERSON_E]"",""[PERSON_F]"",""[PERSON_G]""],""ko"":[""[COMPANY_A]"",""[INSTITUTION_A]"",""[PERSON_A]"",""[PERSON_B]"",""[PERSON_C]"",""[PERSON_D]"",""[PERSON_E]"",""[PERSON_F]"",""[PERSON_G]""],""status"":""pass""}",pass,"{""en"":{""duplicates"":[],""status"":""pass""},""ko"":{""duplicates"":[],""status"":""pass""}}",pass,pass,pass,"{""en"":{""jurisdiction_leakage_evidence"":[],""jurisdiction_leakage_status"":""pass"",""legal_leakage_evidence"":[],""legal_leakage_status"":""pass"",""procedural_leakage_status"":""pass"",""strict_leakage_evidence"":{""currency"":[],""customary_unit"":[],""jurisdiction_placeholder"":[],""kr_institution"":[],""legal_conclusion"":[],""procedural"":[]}},""ko"":{""jurisdiction_leakage_evidence"":[],""jurisdiction_leakage_status"":""pass"",""legal_leakage_evidence"":[],""legal_leakage_status"":""pass"",""procedural_leakage_status"":""pass"",""strict_leakage_evidence"":{""currency"":[],""customary_unit"":[],""jurisdiction_placeholder"":[],""kr_institution"":[],""legal_conclusion"":[],""procedural"":[]}}}",fail,"{""source"":{""2"":2,""2005"":1,""3"":1,""7"":1},""target"":{""2"":2,""2005"":1,""7"":1}}",[],"[""numerical_unit_status""]",True,pass,[],False,True
US_a0047ad180b5e21d95,pass,pass,pass,pass,pass,"{""en"":{""hangul"":0,""latin"":1219,""reason"":null,""status"":""pass""},""ko"":{""hangul"":422,""latin"":196,""reason"":null,""status"":""pass""}}",pass,"{""en"":[""[COMPANY_A]"",""[COMPANY_B]"",""[COMPANY_C]"",""[LOCATION_A]"",""[PERSON_A]"",""[PERSON_B]"",""[VEHICLE_A]""],""ko"":[""[COMPANY_A]"",""[COMPANY_B]"",""[COMPANY_C]"",""[LOCATION_A]"",""[PERSON_A]"",""[PERSON_B]"",""[VEHICLE_A]""],""status"":""pass""}",pass,"{""en"":{""duplicates"":[],""status"":""pass""},""ko"":{""duplicates"":[],""status"":""pass""}}",pass,pass,pass,"{""en"":{""jurisdiction_leakage_evidence"":[],""jurisdiction_leakage_status"":""pass"",""legal_leakage_evidence"":[],""legal_leakage_status"":""pass"",""procedural_leakage_status"":""pass"",""strict_leakage_evidence"":{""currency"":[],""customary_unit"":[],""jurisdiction_placeholder"":[],""kr_institution"":[],""legal_conclusion"":[],""procedural"":[]}},""ko"":{""jurisdiction_leakage_evidence"":[],""jurisdiction_leakage_status"":""pass"",""legal_leakage_evidence"":[],""legal_leakage_status"":""pass"",""procedural_leakage_status"":""pass"",""strict_leakage_evidence"":{""currency"":[],""customary_unit"":[],""jurisdiction_placeholder"":[],""kr_institution"":[],""legal_conclusion"":[],""procedural"":[]}}}",pass,"{""source"":{""10"":2,""16"":1,""21"":1,""29"":1,""3"":1,""32"":2,""5"":2},""target"":{""10"":2,""16"":1,""21"":1,""29"":1,""3"":1,""32"":2,""5"":2}}",[],[],True,review,"[""The Korean text changes the co-worker relationship by making [PERSON_B] a co-worker of [PERSON_B] rather than a co-worker of [PERSON_A].""]",False,False
US_a07db3e0a97840c5b1,pass,pass,pass,pass,pass,"{""en"":{""hangul"":0,""latin"":1152,""reason"":null,""status"":""pass""},""ko"":{""hangul"":446,""latin"":152,""reason"":null,""status"":""pass""}}",pass,"{""en"":[""[COMPANY_A]"",""[COMPANY_B]"",""[COMPANY_C]"",""[PERSON_A]""],""ko"":[""[COMPANY_A]"",""[COMPANY_B]"",""[COMPANY_C]"",""[PERSON_A]""],""status"":""pass""}",pass,"{""en"":{""duplicates"":[],""status"":""pass""},""ko"":{""duplicates"":[],""status"":""pass""}}",pass,pass,pass,"{""en"":{""jurisdiction_leakage_evidence"":[],""jurisdiction_leakage_status"":""pass"",""legal_leakage_evidence"":[],""legal_leakage_status"":""pass"",""procedural_leakage_status"":""pass"",""strict_leakage_evidence"":{""currency"":[],""customary_unit"":[],""jurisdiction_placeholder"":[],""kr_institution"":[],""legal_conclusion"":[],""procedural"":[]}},""ko"":{""jurisdiction_leakage_evidence"":[],""jurisdiction_leakage_status"":""pass"",""legal_leakage_evidence"":[],""legal_leakage_status"":""pass"",""procedural_leakage_status"":""pass"",""strict_leakage_evidence"":{""currency"":[],""customary_unit"":[],""jurisdiction_placeholder"":[],""kr_institution"":[],""legal_conclusion"":[],""procedural"":[]}}}",pass,"{""source"":{""1964"":1,""2017"":1,""2018"":1,""3"":1},""target"":{""1964"":1,""2017"":1,""2018"":1,""3"":1}}",[],[],True,pass,[],False,True
US_acb942a605c65e06f0,pass,pass,pass,pass,pass,"{""en"":{""hangul"":0,""latin"":2457,""reason"":null,""status"":""pass""},""ko"":{""hangul"":823,""latin"":577,""reason"":null,""status"":""pass""}}",pass,"{""en"":[""[COMPANY_A]"",""[COMPANY_B]"",""[COMPANY_C]"",""[COMPANY_D]"",""[CURRENCY_AMOUNT_A]"",""[PERSON_A]"",""[PERSON_B]"",""[PERSON_C]"",""[PERSON_D]""],""ko"":[""[COMPANY_A]"",""[COMPANY_B]"",""[COMPANY_C]"",""[COMPANY_D]"",""[CURRENCY_AMOUNT_A]"",""[PERSON_A]"",""[PERSON_B]"",""[PERSON_C]"",""[PERSON_D]""],""status"":""pass""}",pass,"{""en"":{""duplicates"":[],""status"":""pass""},""ko"":{""duplicates"":[],""status"":""pass""}}",pass,pass,pass,"{""en"":{""jurisdiction_leakage_evidence"":[],""jurisdiction_leakage_status"":""pass"",""legal_leakage_evidence"":[],""legal_leakage_status"":""pass"",""procedural_leakage_status"":""pass"",""strict_leakage_evidence"":{""currency"":[],""customary_unit"":[],""jurisdiction_placeholder"":[],""kr_institution"":[],""legal_conclusion"":[],""procedural"":[]}},""ko"":{""jurisdiction_leakage_evidence"":[],""jurisdiction_leakage_status"":""pass"",""legal_leakage_evidence"":[],""legal_leakage_status"":""pass"",""procedural_leakage_status"":""pass"",""strict_leakage_evidence"":{""currency"":[],""customary_unit"":[],""jurisdiction_placeholder"":[],""kr_institution"":[],""legal_conclusion"":[],""procedural"":[]}}}",fail,"{""source"":{""1"":3,""1.81"":1,""2"":2,""2005"":1,""2009"":1,""2013"":1,""2016"":1,""2017"":2,""3"":1,""5"":3,""6"":1},""target"":{""1"":2,""1.81"":1,""2"":1,""2005"":1,""2009"":1,""2013"":1,""2016"":1,""2017"":2,""3"":1,""5"":3,""6"":1}}",[],"[""numerical_unit_status""]",True,review,"[""The final neutral facts retain legal conclusions and litigation-related content, including compensatory/punitive damages, individual defendants, seeking an order, and the counterfactual effect of that order. These should not be present under the neutral-fact criteria."",""The English and Korean texts are substantively aligned, so the defect is present in both languages rather than being a translation mismatch.""]",False,False
US_afc0614636d20e04b8,pass,pass,pass,pass,pass,"{""en"":{""hangul"":0,""latin"":2384,""reason"":null,""status"":""pass""},""ko"":{""hangul"":821,""latin"":399,""reason"":null,""status"":""pass""}}",pass,"{""en"":[""[COMPANY_A]"",""[CURRENCY_AMOUNT_A]"",""[CURRENCY_AMOUNT_B]"",""[GROUP_A]"",""[INSTITUTION_A]"",""[LOCATION_A]"",""[PERSON_A]"",""[PERSON_B]"",""[PERSON_C]"",""[PERSON_E]"",""[PERSON_F]""],""ko"":[""[COMPANY_A]"",""[CURRENCY_AMOUNT_A]"",""[CURRENCY_AMOUNT_B]"",""[GROUP_A]"",""[INSTITUTION_A]"",""[LOCATION_A]"",""[PERSON_A]"",""[PERSON_B]"",""[PERSON_C]"",""[PERSON_E]"",""[PERSON_F]""],""status"":""pass""}",pass,"{""en"":{""duplicates"":[],""status"":""pass""},""ko"":{""duplicates"":[],""status"":""pass""}}",pass,pass,pass,"{""en"":{""jurisdiction_leakage_evidence"":[],""jurisdiction_leakage_status"":""pass"",""legal_leakage_evidence"":[],""legal_leakage_status"":""pass"",""procedural_leakage_status"":""pass"",""strict_leakage_evidence"":{""currency"":[],""customary_unit"":[],""jurisdiction_placeholder"":[],""kr_institution"":[],""legal_conclusion"":[],""procedural"":[]}},""ko"":{""jurisdiction_leakage_evidence"":[],""jurisdiction_leakage_status"":""pass"",""legal_leakage_evidence"":[],""legal_leakage_status"":""pass"",""procedural_leakage_status"":""pass"",""strict_leakage_evidence"":{""currency"":[],""customary_unit"":[],""jurisdiction_placeholder"":[],""kr_institution"":[],""legal_conclusion"":[],""procedural"":[]}}}",fail,"{""source"":{""1"":1,""10"":1,""11"":1,""1989"":1,""2"":2,""3"":2},""target"":{""10"":1,""11"":1,""1989"":1,""2"":2,""3"":1}}",[],"[""numerical_unit_status""]",True,review,"[""The final English and Korean texts retain litigation posture through the statement that the estate was represented in a dispute."",""The Korean text contains a substantive entity error: it says [PERSON_B] transferred assets from [PERSON_B]'s account, rather than from [PERSON_A]'s account as stated in the English and source texts.""]",False,False
US_b160a9deca3c2a648b,pass,pass,pass,pass,pass,"{""en"":{""hangul"":0,""latin"":516,""reason"":null,""status"":""pass""},""ko"":{""hangul"":176,""latin"":100,""reason"":null,""status"":""pass""}}",pass,"{""en"":[""[COMPANY_A]"",""[PERSON_A]"",""[PERSON_B]"",""[PROPERTY_A]""],""ko"":[""[COMPANY_A]"",""[PERSON_A]"",""[PERSON_B]"",""[PROPERTY_A]""],""status"":""pass""}",pass,"{""en"":{""duplicates"":[],""status"":""pass""},""ko"":{""duplicates"":[],""status"":""pass""}}",pass,pass,pass,"{""en"":{""jurisdiction_leakage_evidence"":[],""jurisdiction_leakage_status"":""pass"",""legal_leakage_evidence"":[],""legal_leakage_status"":""pass"",""procedural_leakage_status"":""pass"",""strict_leakage_evidence"":{""currency"":[],""customary_unit"":[],""jurisdiction_placeholder"":[],""kr_institution"":[],""legal_conclusion"":[],""procedural"":[]}},""ko"":{""jurisdiction_leakage_evidence"":[],""jurisdiction_leakage_status"":""pass"",""legal_leakage_evidence"":[],""legal_leakage_status"":""pass"",""procedural_leakage_status"":""pass"",""strict_leakage_evidence"":{""currency"":[],""customary_unit"":[],""jurisdiction_placeholder"":[],""kr_institution"":[],""legal_conclusion"":[],""procedural"":[]}}}",pass,"{""source"":{""10"":1,""2"":1,""2003"":1,""21"":1},""target"":{""10"":1,""2"":1,""2003"":1,""21"":1}}",[],[],True,review,"[""The final factual content redundantly duplicates the injury resulting from the fall in both languages.""]",False,False
US_b24ef2018816af9946,pass,pass,pass,pass,pass,"{""en"":{""hangul"":0,""latin"":1258,""reason"":null,""status"":""pass""},""ko"":{""hangul"":489,""latin"":150,""reason"":null,""status"":""pass""}}",pass,"{""en"":[""[COMPANY_A]"",""[COMPANY_B]"",""[COMPANY_C]"",""[PERSON_A]"",""[PERSON_B]"",""[VEHICLE_A]""],""ko"":[""[COMPANY_A]"",""[COMPANY_B]"",""[COMPANY_C]"",""[PERSON_A]"",""[PERSON_B]"",""[VEHICLE_A]""],""status"":""pass""}",pass,"{""en"":{""duplicates"":[],""status"":""pass""},""ko"":{""duplicates"":[],""status"":""pass""}}",pass,pass,pass,"{""en"":{""jurisdiction_leakage_evidence"":[],""jurisdiction_leakage_status"":""pass"",""legal_leakage_evidence"":[],""legal_leakage_status"":""pass"",""procedural_leakage_status"":""pass"",""strict_leakage_evidence"":{""currency"":[],""customary_unit"":[],""jurisdiction_placeholder"":[],""kr_institution"":[],""legal_conclusion"":[],""procedural"":[]}},""ko"":{""jurisdiction_leakage_evidence"":[],""jurisdiction_leakage_status"":""pass"",""legal_leakage_evidence"":[],""legal_leakage_status"":""pass"",""procedural_leakage_status"":""pass"",""strict_leakage_evidence"":{""currency"":[],""customary_unit"":[],""jurisdiction_placeholder"":[],""kr_institution"":[],""legal_conclusion"":[],""procedural"":[]}}}",pass,"{""source"":{""15"":1,""2008"":1,""3"":1},""target"":{""15"":1,""2008"":1,""3"":1}}",[],[],True,pass,[],False,True
US_b2c7f8c81dc1b0c361,pass,pass,pass,pass,pass,"{""en"":{""hangul"":0,""latin"":385,""reason"":null,""status"":""pass""},""ko"":{""hangul"":128,""latin"":77,""reason"":null,""status"":""pass""}}",pass,"{""en"":[""[CURRENCY_AMOUNT_A]"",""[CURRENCY_AMOUNT_B]"",""[ORGANIZATION_A]"",""[ORGANIZATION_B]"",""[PERSON_A]""],""ko"":[""[CURRENCY_AMOUNT_A]"",""[CURRENCY_AMOUNT_B]"",""[ORGANIZATION_A]"",""[ORGANIZATION_B]"",""[PERSON_A]""],""status"":""pass""}",pass,"{""en"":{""duplicates"":[],""status"":""pass""},""ko"":{""duplicates"":[],""status"":""pass""}}",pass,pass,pass,"{""en"":{""jurisdiction_leakage_evidence"":[],""jurisdiction_leakage_status"":""pass"",""legal_leakage_evidence"":[],""legal_leakage_status"":""pass"",""procedural_leakage_status"":""pass"",""strict_leakage_evidence"":{""currency"":[],""customary_unit"":[],""jurisdiction_placeholder"":[],""kr_institution"":[],""legal_conclusion"":[],""procedural"":[]}},""ko"":{""jurisdiction_leakage_evidence"":[],""jurisdiction_leakage_status"":""pass"",""legal_leakage_evidence"":[],""legal_leakage_status"":""pass"",""procedural_leakage_status"":""pass"",""strict_leakage_evidence"":{""currency"":[],""customary_unit"":[],""jurisdiction_placeholder"":[],""kr_institution"":[],""legal_conclusion"":[],""procedural"":[]}}}",pass,"{""source"":{""2003"":1,""2009"":1,""28"":1},""target"":{""2003"":1,""2009"":1,""28"":1}}",[],[],True,pass,[],False,True
US_b362543043cab0106c,pass,pass,pass,pass,pass,"{""en"":{""hangul"":0,""latin"":3283,""reason"":null,""status"":""pass""},""ko"":{""hangul"":1265,""latin"":469,""reason"":null,""status"":""pass""}}",pass,"{""en"":[""[COMPANY_A]"",""[COMPANY_B]"",""[CURRENCY_AMOUNT_A]"",""[PERSON_A]"",""[PERSON_B]"",""[PERSON_C]"",""[PERSON_D]"",""[PERSON_E]"",""[PERSON_F]""],""ko"":[""[COMPANY_A]"",""[COMPANY_B]"",""[CURRENCY_AMOUNT_A]"",""[PERSON_A]"",""[PERSON_B]"",""[PERSON_C]"",""[PERSON_D]"",""[PERSON_E]"",""[PERSON_F]""],""status"":""pass""}",pass,"{""en"":{""duplicates"":[],""status"":""pass""},""ko"":{""duplicates"":[],""status"":""pass""}}",pass,pass,pass,"{""en"":{""jurisdiction_leakage_evidence"":[],""jurisdiction_leakage_status"":""pass"",""legal_leakage_evidence"":[],""legal_leakage_status"":""pass"",""procedural_leakage_status"":""pass"",""strict_leakage_evidence"":{""currency"":[],""customary_unit"":[],""jurisdiction_placeholder"":[],""kr_institution"":[],""legal_conclusion"":[],""procedural"":[]}},""ko"":{""jurisdiction_leakage_evidence"":[],""jurisdiction_leakage_status"":""pass"",""legal_leakage_evidence"":[],""legal_leakage_status"":""pass"",""procedural_leakage_status"":""pass"",""strict_leakage_evidence"":{""currency"":[],""customary_unit"":[],""jurisdiction_placeholder"":[],""kr_institution"":[],""legal_conclusion"":[],""procedural"":[]}}}",fail,"{""source"":{""1"":1,""10"":3,""2"":3,""2007"":2,""2008"":2,""4"":1,""5"":1,""9"":1},""target"":{""1"":1,""10"":3,""2"":1,""2007"":2,""2008"":2,""4"":1,""5"":1,""9"":1}}",[],"[""numerical_unit_status""]",True,review,"[""The final record retains complaint allegations, a party assertion, and an agreement/pleading attribution instead of presenting only neutral underlying facts. These are concrete litigation-posture statements and appear in both languages.""]",False,False
US_b473e7585c6e5638dd,pass,pass,pass,pass,pass,"{""en"":{""hangul"":0,""latin"":976,""reason"":null,""status"":""pass""},""ko"":{""hangul"":360,""latin"":241,""reason"":null,""status"":""pass""}}",pass,"{""en"":[""[INSTITUTION_A]"",""[LOCATION_A]"",""[PERSON_A]"",""[PERSON_B]""],""ko"":[""[INSTITUTION_A]"",""[LOCATION_A]"",""[PERSON_A]"",""[PERSON_B]""],""status"":""pass""}",pass,"{""en"":{""duplicates"":[],""status"":""pass""},""ko"":{""duplicates"":[],""status"":""pass""}}",pass,pass,pass,"{""en"":{""jurisdiction_leakage_evidence"":[],""jurisdiction_leakage_status"":""pass"",""legal_leakage_evidence"":[],""legal_leakage_status"":""pass"",""procedural_leakage_status"":""pass"",""strict_leakage_evidence"":{""currency"":[],""customary_unit"":[],""jurisdiction_placeholder"":[],""kr_institution"":[],""legal_conclusion"":[],""procedural"":[]}},""ko"":{""jurisdiction_leakage_evidence"":[],""jurisdiction_leakage_status"":""pass"",""legal_leakage_evidence"":[],""legal_leakage_status"":""pass"",""procedural_leakage_status"":""pass"",""strict_leakage_evidence"":{""currency"":[],""customary_unit"":[],""jurisdiction_placeholder"":[],""kr_institution"":[],""legal_conclusion"":[],""procedural"":[]}}}",fail,"{""source"":{""1"":1,""2"":1},""target"":{}}",[],"[""numerical_unit_status""]",True,pass,[],False,True
US_b732d6870be7eac6fb,pass,pass,pass,pass,pass,"{""en"":{""hangul"":0,""latin"":3723,""reason"":null,""status"":""pass""},""ko"":{""hangul"":1347,""latin"":340,""reason"":null,""status"":""pass""}}",pass,"{""en"":[""[CURRENCY_AMOUNT_A]"",""[LOCATION_A]"",""[LOCATION_B]"",""[ORGANIZATION_A]"",""[ORGANIZATION_B]"",""[ORGANIZATION_C]"",""[ORGANIZATION_D]"",""[PERSON_A]"",""[PERSON_B]"",""[PERSON_C]""],""ko"":[""[CURRENCY_AMOUNT_A]"",""[LOCATION_A]"",""[LOCATION_B]"",""[ORGANIZATION_A]"",""[ORGANIZATION_B]"",""[ORGANIZATION_C]"",""[ORGANIZATION_D]"",""[PERSON_A]"",""[PERSON_B]"",""[PERSON_C]""],""status"":""pass""}",pass,"{""en"":{""duplicates"":[],""status"":""pass""},""ko"":{""duplicates"":[],""status"":""pass""}}",pass,pass,pass,"{""en"":{""jurisdiction_leakage_evidence"":[],""jurisdiction_leakage_status"":""pass"",""legal_leakage_evidence"":[],""legal_leakage_status"":""pass"",""procedural_leakage_status"":""pass"",""strict_leakage_evidence"":{""currency"":[],""customary_unit"":[],""jurisdiction_placeholder"":[],""kr_institution"":[],""legal_conclusion"":[],""procedural"":[]}},""ko"":{""jurisdiction_leakage_evidence"":[],""jurisdiction_leakage_status"":""pass"",""legal_leakage_evidence"":[],""legal_leakage_status"":""pass"",""procedural_leakage_status"":""pass"",""strict_leakage_evidence"":{""currency"":[],""customary_unit"":[],""jurisdiction_placeholder"":[],""kr_institution"":[],""legal_conclusion"":[],""procedural"":[]}}}",pass,"{""source"":{""10"":4,""13"":1,""16"":2,""2"":2,""2011"":1,""2013"":1,""2014"":4,""2015"":6,""25"":1,""26"":1,""3"":2,""4"":2,""6"":1,""8"":1},""target"":{""10"":4,""13"":1,""16"":2,""2"":2,""2011"":1,""2013"":1,""2014"":4,""2015"":6,""25"":1,""26"":1,""3"":2,""4"":2,""6"":1,""8"":1}}",[],[],True,pass,[],False,True
US_bb44001945931d8610,pass,pass,pass,pass,pass,"{""en"":{""hangul"":0,""latin"":958,""reason"":null,""status"":""pass""},""ko"":{""hangul"":345,""latin"":75,""reason"":null,""status"":""pass""}}",pass,"{""en"":[""[GROUP_A]"",""[LOCATION_A]""],""ko"":[""[GROUP_A]"",""[LOCATION_A]""],""status"":""pass""}",pass,"{""en"":{""duplicates"":[],""status"":""pass""},""ko"":{""duplicates"":[],""status"":""pass""}}",pass,pass,pass,"{""en"":{""jurisdiction_leakage_evidence"":[],""jurisdiction_leakage_status"":""pass"",""legal_leakage_evidence"":[],""legal_leakage_status"":""pass"",""procedural_leakage_status"":""pass"",""strict_leakage_evidence"":{""currency"":[],""customary_unit"":[],""jurisdiction_placeholder"":[],""kr_institution"":[],""legal_conclusion"":[],""procedural"":[]}},""ko"":{""jurisdiction_leakage_evidence"":[],""jurisdiction_leakage_status"":""pass"",""legal_leakage_evidence"":[],""legal_leakage_status"":""pass"",""procedural_leakage_status"":""pass"",""strict_leakage_evidence"":{""currency"":[],""customary_unit"":[],""jurisdiction_placeholder"":[],""kr_institution"":[],""legal_conclusion"":[],""procedural"":[]}}}",fail,"{""source"":{""3"":1,""4"":1},""target"":{""4"":1}}",[],"[""numerical_unit_status""]",True,review,"[""The final record unnecessarily retains plaintiff/defendant and proposed-class litigation posture, contrary to the neutral-fact requirement.""]",False,False
US_c387cc2f242da3c0dc,pass,pass,pass,pass,pass,"{""en"":{""hangul"":0,""latin"":933,""reason"":null,""status"":""pass""},""ko"":{""hangul"":359,""latin"":138,""reason"":null,""status"":""pass""}}",pass,"{""en"":[""[CURRENCY_AMOUNT_A]"",""[ORGANIZATION_A]"",""[PERSON_A]"",""[PRODUCT_A]""],""ko"":[""[CURRENCY_AMOUNT_A]"",""[ORGANIZATION_A]"",""[PERSON_A]"",""[PRODUCT_A]""],""status"":""pass""}",pass,"{""en"":{""duplicates"":[],""status"":""pass""},""ko"":{""duplicates"":[],""status"":""pass""}}",pass,pass,pass,"{""en"":{""jurisdiction_leakage_evidence"":[],""jurisdiction_leakage_status"":""pass"",""legal_leakage_evidence"":[],""legal_leakage_status"":""pass"",""procedural_leakage_status"":""pass"",""strict_leakage_evidence"":{""currency"":[],""customary_unit"":[],""jurisdiction_placeholder"":[],""kr_institution"":[],""legal_conclusion"":[],""procedural"":[]}},""ko"":{""jurisdiction_leakage_evidence"":[],""jurisdiction_leakage_status"":""pass"",""legal_leakage_evidence"":[],""legal_leakage_status"":""pass"",""procedural_leakage_status"":""pass"",""strict_leakage_evidence"":{""currency"":[],""customary_unit"":[],""jurisdiction_placeholder"":[],""kr_institution"":[],""legal_conclusion"":[],""procedural"":[]}}}",pass,"{""source"":{""11"":2,""2"":2,""2018"":4,""5"":2},""target"":{""11"":2,""2"":2,""2018"":4,""5"":2}}",[],[],True,pass,[],False,True
US_ca3855b0593ebfc33e,pass,pass,pass,pass,pass,"{""en"":{""hangul"":0,""latin"":1551,""reason"":null,""status"":""pass""},""ko"":{""hangul"":525,""latin"":301,""reason"":null,""status"":""pass""}}",pass,"{""en"":[""[COMPANY_A]"",""[COMPANY_B]"",""[COMPANY_C]"",""[INSTITUTION_A]"",""[LOCATION_A]"",""[PERSON_A]"",""[PERSON_B]"",""[PRODUCT_A]""],""ko"":[""[COMPANY_A]"",""[COMPANY_B]"",""[COMPANY_C]"",""[INSTITUTION_A]"",""[LOCATION_A]"",""[PERSON_A]"",""[PERSON_B]"",""[PRODUCT_A]""],""status"":""pass""}",pass,"{""en"":{""duplicates"":[],""status"":""pass""},""ko"":{""duplicates"":[],""status"":""pass""}}",pass,pass,pass,"{""en"":{""jurisdiction_leakage_evidence"":[],""jurisdiction_leakage_status"":""pass"",""legal_leakage_evidence"":[],""legal_leakage_status"":""pass"",""procedural_leakage_status"":""pass"",""strict_leakage_evidence"":{""currency"":[],""customary_unit"":[],""jurisdiction_placeholder"":[],""kr_institution"":[],""legal_conclusion"":[],""procedural"":[]}},""ko"":{""jurisdiction_leakage_evidence"":[],""jurisdiction_leakage_status"":""pass"",""legal_leakage_evidence"":[],""legal_leakage_status"":""pass"",""procedural_leakage_status"":""pass"",""strict_leakage_evidence"":{""currency"":[],""customary_unit"":[],""jurisdiction_placeholder"":[],""kr_institution"":[],""legal_conclusion"":[],""procedural"":[]}}}",pass,"{""source"":{""2009"":2},""target"":{""2009"":2}}",[],[],True,pass,[],False,True
US_cc8f60960ef40a7434,pass,pass,pass,pass,pass,"{""en"":{""hangul"":0,""latin"":555,""reason"":null,""status"":""pass""},""ko"":{""hangul"":202,""latin"":110,""reason"":null,""status"":""pass""}}",pass,"{""en"":[""[LOCATION_A]"",""[PERSON_A]"",""[PERSON_B]"",""[VEHICLE_A]""],""ko"":[""[LOCATION_A]"",""[PERSON_A]"",""[PERSON_B]"",""[VEHICLE_A]""],""status"":""pass""}",pass,"{""en"":{""duplicates"":[],""status"":""pass""},""ko"":{""duplicates"":[],""status"":""pass""}}",pass,pass,pass,"{""en"":{""jurisdiction_leakage_evidence"":[],""jurisdiction_leakage_status"":""pass"",""legal_leakage_evidence"":[],""legal_leakage_status"":""pass"",""procedural_leakage_status"":""pass"",""strict_leakage_evidence"":{""currency"":[],""customary_unit"":[],""jurisdiction_placeholder"":[],""kr_institution"":[],""legal_conclusion"":[],""procedural"":[]}},""ko"":{""jurisdiction_leakage_evidence"":[],""jurisdiction_leakage_status"":""pass"",""legal_leakage_evidence"":[],""legal_leakage_status"":""pass"",""procedural_leakage_status"":""pass"",""strict_leakage_evidence"":{""currency"":[],""customary_unit"":[],""jurisdiction_placeholder"":[],""kr_institution"":[],""legal_conclusion"":[],""procedural"":[]}}}",pass,"{""source"":{""1989"":1,""28"":1,""4"":1,""4.83"":1,""9"":1},""target"":{""1989"":1,""28"":1,""4"":1,""4.83"":1,""9"":1}}",[],[],True,review,"[""Substantive factual content is duplicated in both language versions, including the braking, loss-of-control, median collision, death, and injury sequence.""]",False,False
US_cd09a42ab8bc802821,pass,pass,pass,pass,pass,"{""en"":{""hangul"":0,""latin"":1937,""reason"":null,""status"":""pass""},""ko"":{""hangul"":697,""latin"":180,""reason"":null,""status"":""pass""}}",pass,"{""en"":[""[PERSON_A]"",""[PERSON_B]"",""[PERSON_C]""],""ko"":[""[PERSON_A]"",""[PERSON_B]"",""[PERSON_C]""],""status"":""pass""}",pass,"{""en"":{""duplicates"":[],""status"":""pass""},""ko"":{""duplicates"":[],""status"":""pass""}}",pass,pass,pass,"{""en"":{""jurisdiction_leakage_evidence"":[],""jurisdiction_leakage_status"":""pass"",""legal_leakage_evidence"":[],""legal_leakage_status"":""pass"",""procedural_leakage_status"":""pass"",""strict_leakage_evidence"":{""currency"":[],""customary_unit"":[],""jurisdiction_placeholder"":[],""kr_institution"":[],""legal_conclusion"":[],""procedural"":[]}},""ko"":{""jurisdiction_leakage_evidence"":[],""jurisdiction_leakage_status"":""pass"",""legal_leakage_evidence"":[],""legal_leakage_status"":""pass"",""procedural_leakage_status"":""pass"",""strict_leakage_evidence"":{""currency"":[],""customary_unit"":[],""jurisdiction_placeholder"":[],""kr_institution"":[],""legal_conclusion"":[],""procedural"":[]}}}",fail,"{""source"":{""10"":1,""2"":4,""2008"":1,""2009"":2,""5"":2,""7"":1},""target"":{""10"":1,""15"":1,""2"":4,""2008"":1,""2009"":2,""40"":1,""5"":2,""7"":1}}",[],"[""numerical_unit_status""]",True,review,"[""Litigation posture is retained in both languages through the statement that the executor brought claims against the company group; the record should state factual events without retaining that procedural posture."",""The Korean text contains a concrete language/character defect: \""경력期间\"" should use consistent Korean wording."",""The AML, chromosomal-abnormality, and death facts are duplicated in the final text.""]",False,False
US_d15af88bf67507bd93,pass,pass,pass,pass,pass,"{""en"":{""hangul"":0,""latin"":390,""reason"":null,""status"":""pass""},""ko"":{""hangul"":115,""latin"":72,""reason"":null,""status"":""pass""}}",pass,"{""en"":[""[COMPANY_A]"",""[ORGANIZATION_A]"",""[PROPERTY_A]""],""ko"":[""[COMPANY_A]"",""[ORGANIZATION_A]"",""[PROPERTY_A]""],""status"":""pass""}",pass,"{""en"":{""duplicates"":[],""status"":""pass""},""ko"":{""duplicates"":[],""status"":""pass""}}",pass,pass,pass,"{""en"":{""jurisdiction_leakage_evidence"":[],""jurisdiction_leakage_status"":""pass"",""legal_leakage_evidence"":[],""legal_leakage_status"":""pass"",""procedural_leakage_status"":""pass"",""strict_leakage_evidence"":{""currency"":[],""customary_unit"":[],""jurisdiction_placeholder"":[],""kr_institution"":[],""legal_conclusion"":[],""procedural"":[]}},""ko"":{""jurisdiction_leakage_evidence"":[],""jurisdiction_leakage_status"":""pass"",""legal_leakage_evidence"":[],""legal_leakage_status"":""pass"",""procedural_leakage_status"":""pass"",""strict_leakage_evidence"":{""currency"":[],""customary_unit"":[],""jurisdiction_placeholder"":[],""kr_institution"":[],""legal_conclusion"":[],""procedural"":[]}}}",pass,"{""source"":{},""target"":{}}",[],[],True,pass,[],False,True
US_d367706577b84edea9,pass,pass,pass,pass,pass,"{""en"":{""hangul"":0,""latin"":876,""reason"":null,""status"":""pass""},""ko"":{""hangul"":319,""latin"":214,""reason"":null,""status"":""pass""}}",pass,"{""en"":[""[LOCATION_A]"",""[PERSON_A]"",""[PERSON_B]"",""[PERSON_C]"",""[PERSON_D]""],""ko"":[""[LOCATION_A]"",""[PERSON_A]"",""[PERSON_B]"",""[PERSON_C]"",""[PERSON_D]""],""status"":""pass""}",pass,"{""en"":{""duplicates"":[],""status"":""pass""},""ko"":{""duplicates"":[],""status"":""pass""}}",pass,pass,pass,"{""en"":{""jurisdiction_leakage_evidence"":[],""jurisdiction_leakage_status"":""pass"",""legal_leakage_evidence"":[],""legal_leakage_status"":""pass"",""procedural_leakage_status"":""pass"",""strict_leakage_evidence"":{""currency"":[],""customary_unit"":[],""jurisdiction_placeholder"":[],""kr_institution"":[],""legal_conclusion"":[],""procedural"":[]}},""ko"":{""jurisdiction_leakage_evidence"":[],""jurisdiction_leakage_status"":""pass"",""legal_leakage_evidence"":[],""legal_leakage_status"":""pass"",""procedural_leakage_status"":""pass"",""strict_leakage_evidence"":{""currency"":[],""customary_unit"":[],""jurisdiction_placeholder"":[],""kr_institution"":[],""legal_conclusion"":[],""procedural"":[]}}}",pass,"{""source"":{""1977"":1,""1978"":1,""1993"":1,""1997"":1,""2006"":1,""27"":1,""4"":1},""target"":{""1977"":1,""1978"":1,""1993"":1,""1997"":1,""2006"":1,""27"":1,""4"":1}}",[],[],True,pass,[],False,True
US_e05b7f2567e5800f56,pass,pass,pass,pass,pass,"{""en"":{""hangul"":0,""latin"":1601,""reason"":null,""status"":""pass""},""ko"":{""hangul"":650,""latin"":78,""reason"":null,""status"":""pass""}}",pass,"{""en"":[""[COMPANY_A]"",""[PERSON_A]""],""ko"":[""[COMPANY_A]"",""[PERSON_A]""],""status"":""pass""}",pass,"{""en"":{""duplicates"":[],""status"":""pass""},""ko"":{""duplicates"":[],""status"":""pass""}}",pass,pass,pass,"{""en"":{""jurisdiction_leakage_evidence"":[],""jurisdiction_leakage_status"":""pass"",""legal_leakage_evidence"":[],""legal_leakage_status"":""pass"",""procedural_leakage_status"":""pass"",""strict_leakage_evidence"":{""currency"":[],""customary_unit"":[],""jurisdiction_placeholder"":[],""kr_institution"":[],""legal_conclusion"":[],""procedural"":[]}},""ko"":{""jurisdiction_leakage_evidence"":[],""jurisdiction_leakage_status"":""pass"",""legal_leakage_evidence"":[],""legal_leakage_status"":""pass"",""procedural_leakage_status"":""pass"",""strict_leakage_evidence"":{""currency"":[],""customary_unit"":[],""jurisdiction_placeholder"":[],""kr_institution"":[],""legal_conclusion"":[],""procedural"":[]}}}",fail,"{""source"":{""1"":2,""10"":1,""14"":1,""16"":1,""19"":1,""1995"":1,""1996"":2,""1997"":2,""2"":2,""3"":1,""30"":1,""5"":3,""7"":2},""target"":{""1"":1,""10"":1,""14"":1,""16"":1,""19"":1,""1995"":1,""1996"":2,""1997"":2,""2"":2,""30"":1,""5"":3,""7"":2}}",[],"[""numerical_unit_status""]",True,pass,[],False,True
US_e0f4e43491c639af90,pass,pass,pass,pass,pass,"{""en"":{""hangul"":0,""latin"":464,""reason"":null,""status"":""pass""},""ko"":{""hangul"":158,""latin"":96,""reason"":null,""status"":""pass""}}",pass,"{""en"":[""[PERSON_A]"",""[PERSON_B]"",""[PERSON_C]""],""ko"":[""[PERSON_A]"",""[PERSON_B]"",""[PERSON_C]""],""status"":""pass""}",pass,"{""en"":{""duplicates"":[],""status"":""pass""},""ko"":{""duplicates"":[],""status"":""pass""}}",pass,pass,pass,"{""en"":{""jurisdiction_leakage_evidence"":[],""jurisdiction_leakage_status"":""pass"",""legal_leakage_evidence"":[],""legal_leakage_status"":""pass"",""procedural_leakage_status"":""pass"",""strict_leakage_evidence"":{""currency"":[],""customary_unit"":[],""jurisdiction_placeholder"":[],""kr_institution"":[],""legal_conclusion"":[],""procedural"":[]}},""ko"":{""jurisdiction_leakage_evidence"":[],""jurisdiction_leakage_status"":""pass"",""legal_leakage_evidence"":[],""legal_leakage_status"":""pass"",""procedural_leakage_status"":""pass"",""strict_leakage_evidence"":{""currency"":[],""customary_unit"":[],""jurisdiction_placeholder"":[],""kr_institution"":[],""legal_conclusion"":[],""procedural"":[]}}}",fail,"{""source"":{},""target"":{""1"":1}}",[],"[""numerical_unit_status""]",True,pass,[],False,True
US_e1738150309971f404,pass,pass,pass,pass,pass,"{""en"":{""hangul"":0,""latin"":729,""reason"":null,""status"":""pass""},""ko"":{""hangul"":341,""latin"":105,""reason"":null,""status"":""pass""}}",pass,"{""en"":[""[PERSON_A]"",""[PERSON_B]"",""[PERSON_C]"",""[PERSON_D]""],""ko"":[""[PERSON_A]"",""[PERSON_B]"",""[PERSON_C]"",""[PERSON_D]""],""status"":""pass""}",pass,"{""en"":{""duplicates"":[],""status"":""pass""},""ko"":{""duplicates"":[],""status"":""pass""}}",pass,pass,pass,"{""en"":{""jurisdiction_leakage_evidence"":[],""jurisdiction_leakage_status"":""pass"",""legal_leakage_evidence"":[],""legal_leakage_status"":""pass"",""procedural_leakage_status"":""pass"",""strict_leakage_evidence"":{""currency"":[],""customary_unit"":[],""jurisdiction_placeholder"":[],""kr_institution"":[],""legal_conclusion"":[],""procedural"":[]}},""ko"":{""jurisdiction_leakage_evidence"":[],""jurisdiction_leakage_status"":""pass"",""legal_leakage_evidence"":[],""legal_leakage_status"":""pass"",""procedural_leakage_status"":""pass"",""strict_leakage_evidence"":{""currency"":[],""customary_unit"":[],""jurisdiction_placeholder"":[],""kr_institution"":[],""legal_conclusion"":[],""procedural"":[]}}}",fail,"{""source"":{""1"":2},""target"":{}}",[],"[""numerical_unit_status""]",True,pass,[],False,True
US_e2121974270074f961,pass,pass,pass,pass,pass,"{""en"":{""hangul"":0,""latin"":984,""reason"":null,""status"":""pass""},""ko"":{""hangul"":361,""latin"":175,""reason"":null,""status"":""pass""}}",pass,"{""en"":[""[COMPANY_A]"",""[CURRENCY_AMOUNT_A]"",""[PERSON_A]"",""[PERSON_B]"",""[PERSON_C]"",""[PERSON_D]""],""ko"":[""[COMPANY_A]"",""[CURRENCY_AMOUNT_A]"",""[PERSON_A]"",""[PERSON_B]"",""[PERSON_C]"",""[PERSON_D]""],""status"":""pass""}",pass,"{""en"":{""duplicates"":[],""status"":""pass""},""ko"":{""duplicates"":[],""status"":""pass""}}",pass,pass,pass,"{""en"":{""jurisdiction_leakage_evidence"":[],""jurisdiction_leakage_status"":""pass"",""legal_leakage_evidence"":[],""legal_leakage_status"":""pass"",""procedural_leakage_status"":""pass"",""strict_leakage_evidence"":{""currency"":[],""customary_unit"":[],""jurisdiction_placeholder"":[],""kr_institution"":[],""legal_conclusion"":[],""procedural"":[]}},""ko"":{""jurisdiction_leakage_evidence"":[],""jurisdiction_leakage_status"":""pass"",""legal_leakage_evidence"":[],""legal_leakage_status"":""pass"",""procedural_leakage_status"":""pass"",""strict_leakage_evidence"":{""currency"":[],""customary_unit"":[],""jurisdiction_placeholder"":[],""kr_institution"":[],""legal_conclusion"":[],""procedural"":[]}}}",fail,"{""source"":{""13"":2,""2"":1,""2006"":1,""2010"":2,""2011"":4,""4"":4,""8"":1},""target"":{""13"":2,""2"":1,""2006"":1,""2010"":2,""2011"":4,""30"":1,""4"":4,""8"":1}}",[],"[""numerical_unit_status""]",True,pass,[],False,True
US_e7bd006a7ac2277175,pass,pass,pass,pass,pass,"{""en"":{""hangul"":0,""latin"":2313,""reason"":null,""status"":""pass""},""ko"":{""hangul"":841,""latin"":434,""reason"":null,""status"":""pass""}}",pass,"{""en"":[""[COMPANY_A]"",""[COMPANY_B]"",""[COMPANY_C]"",""[CURRENCY_AMOUNT_A]"",""[LOCATION_A]"",""[LOCATION_B]"",""[PERSON_A]"",""[PERSON_B]"",""[PERSON_C]""],""ko"":[""[COMPANY_A]"",""[COMPANY_B]"",""[COMPANY_C]"",""[CURRENCY_AMOUNT_A]"",""[LOCATION_A]"",""[LOCATION_B]"",""[PERSON_A]"",""[PERSON_B]"",""[PERSON_C]""],""status"":""pass""}",pass,"{""en"":{""duplicates"":[],""status"":""pass""},""ko"":{""duplicates"":[],""status"":""pass""}}",pass,pass,pass,"{""en"":{""jurisdiction_leakage_evidence"":[],""jurisdiction_leakage_status"":""pass"",""legal_leakage_evidence"":[],""legal_leakage_status"":""pass"",""procedural_leakage_status"":""pass"",""strict_leakage_evidence"":{""currency"":[],""customary_unit"":[],""jurisdiction_placeholder"":[],""kr_institution"":[],""legal_conclusion"":[],""procedural"":[]}},""ko"":{""jurisdiction_leakage_evidence"":[],""jurisdiction_leakage_status"":""pass"",""legal_leakage_evidence"":[],""legal_leakage_status"":""pass"",""procedural_leakage_status"":""pass"",""strict_leakage_evidence"":{""currency"":[],""customary_unit"":[],""jurisdiction_placeholder"":[],""kr_institution"":[],""legal_conclusion"":[],""procedural"":[]}}}",fail,"{""source"":{""1"":3,""10"":1,""100"":2,""11"":1,""15"":1,""180.75"":2,""2"":1,""2006"":3,""211.84"":2,""30.48"":1,""40"":1,""5"":1,""9"":1},""target"":{""1"":2,""10"":1,""100"":2,""11"":1,""15"":1,""180.75"":2,""2"":1,""20"":1,""2006"":3,""211.84"":2,""30.48"":1,""40"":1,""5"":1,""9"":1}}",[],"[""numerical_unit_status""]",True,review,"[""Substantive allegation content is duplicated in both language versions. The remaining content is source-supported, and no court/jury conclusion, litigation disposition, unnecessary jurisdiction, placeholder mismatch, numerical mismatch, or allegation-status change is apparent.""]",False,False
US_eafeabebaffbba2c82,pass,pass,pass,pass,pass,"{""en"":{""hangul"":0,""latin"":536,""reason"":null,""status"":""pass""},""ko"":{""hangul"":212,""latin"":51,""reason"":null,""status"":""pass""}}",pass,"{""en"":[""[COMPANY_A]"",""[COMPANY_B]"",""[PERSON_A]""],""ko"":[""[COMPANY_A]"",""[COMPANY_B]"",""[PERSON_A]""],""status"":""pass""}",pass,"{""en"":{""duplicates"":[],""status"":""pass""},""ko"":{""duplicates"":[],""status"":""pass""}}",pass,pass,pass,"{""en"":{""jurisdiction_leakage_evidence"":[],""jurisdiction_leakage_status"":""pass"",""legal_leakage_evidence"":[],""legal_leakage_status"":""pass"",""procedural_leakage_status"":""pass"",""strict_leakage_evidence"":{""currency"":[],""customary_unit"":[],""jurisdiction_placeholder"":[],""kr_institution"":[],""legal_conclusion"":[],""procedural"":[]}},""ko"":{""jurisdiction_leakage_evidence"":[],""jurisdiction_leakage_status"":""pass"",""legal_leakage_evidence"":[],""legal_leakage_status"":""pass"",""procedural_leakage_status"":""pass"",""strict_leakage_evidence"":{""currency"":[],""customary_unit"":[],""jurisdiction_placeholder"":[],""kr_institution"":[],""legal_conclusion"":[],""procedural"":[]}}}",fail,"{""source"":{""1"":3,""11"":1,""1959"":1,""1961"":1,""1964"":1,""1965"":2,""1967"":1,""1973"":1,""1974"":1,""2002"":3,""21"":1},""target"":{""1"":2,""11"":1,""1959"":1,""1961"":1,""1964"":1,""1965"":2,""1967"":1,""1973"":1,""1974"":1,""2002"":3,""21"":1}}",[],"[""numerical_unit_status""]",True,pass,[],False,True
US_ecb5bb62f940e7f86f,pass,pass,pass,pass,pass,"{""en"":{""hangul"":0,""latin"":1650,""reason"":null,""status"":""pass""},""ko"":{""hangul"":561,""latin"":372,""reason"":null,""status"":""pass""}}",pass,"{""en"":[""[COMPANY_A]"",""[COMPANY_B]"",""[COMPANY_C]"",""[COMPANY_D]"",""[PERSON_A]"",""[PERSON_B]"",""[PERSON_C]"",""[PERSON_D]"",""[PRODUCT_A]"",""[PRODUCT_B]"",""[PRODUCT_C]""],""ko"":[""[COMPANY_A]"",""[COMPANY_B]"",""[COMPANY_C]"",""[COMPANY_D]"",""[PERSON_A]"",""[PERSON_B]"",""[PERSON_C]"",""[PERSON_D]"",""[PRODUCT_A]"",""[PRODUCT_B]"",""[PRODUCT_C]""],""status"":""pass""}",pass,"{""en"":{""duplicates"":[],""status"":""pass""},""ko"":{""duplicates"":[],""status"":""pass""}}",pass,pass,pass,"{""en"":{""jurisdiction_leakage_evidence"":[],""jurisdiction_leakage_status"":""pass"",""legal_leakage_evidence"":[],""legal_leakage_status"":""pass"",""procedural_leakage_status"":""pass"",""strict_leakage_evidence"":{""currency"":[],""customary_unit"":[],""jurisdiction_placeholder"":[],""kr_institution"":[],""legal_conclusion"":[],""procedural"":[]}},""ko"":{""jurisdiction_leakage_evidence"":[],""jurisdiction_leakage_status"":""pass"",""legal_leakage_evidence"":[],""legal_leakage_status"":""pass"",""procedural_leakage_status"":""pass"",""strict_leakage_evidence"":{""currency"":[],""customary_unit"":[],""jurisdiction_placeholder"":[],""kr_institution"":[],""legal_conclusion"":[],""procedural"":[]}}}",fail,"{""source"":{""1"":1,""3"":1},""target"":{}}",[],"[""numerical_unit_status""]",True,review,"[""The final record retains a litigation posture (the parties bringing claims), rather than limiting the neutral fact record to the underlying factual events and testimony.""]",False,False
US_f2201634a8e19da0c7,pass,pass,pass,pass,pass,"{""en"":{""hangul"":0,""latin"":1864,""reason"":null,""status"":""pass""},""ko"":{""hangul"":684,""latin"":427,""reason"":null,""status"":""pass""}}",pass,"{""en"":[""[COMPANY_A]"",""[COMPANY_B]"",""[COMPANY_C]"",""[COMPANY_D]"",""[CURRENCY_AMOUNT_A]"",""[ORGANIZATION_A]"",""[PERSON_A]"",""[PERSON_B]"",""[PERSON_C]"",""[PERSON_D]"",""[PERSON_E]"",""[PROPERTY_A]""],""ko"":[""[COMPANY_A]"",""[COMPANY_B]"",""[COMPANY_C]"",""[COMPANY_D]"",""[CURRENCY_AMOUNT_A]"",""[ORGANIZATION_A]"",""[PERSON_A]"",""[PERSON_B]"",""[PERSON_C]"",""[PERSON_D]"",""[PERSON_E]"",""[PROPERTY_A]""],""status"":""pass""}",pass,"{""en"":{""duplicates"":[],""status"":""pass""},""ko"":{""duplicates"":[],""status"":""pass""}}",pass,pass,pass,"{""en"":{""jurisdiction_leakage_evidence"":[],""jurisdiction_leakage_status"":""pass"",""legal_leakage_evidence"":[],""legal_leakage_status"":""pass"",""procedural_leakage_status"":""pass"",""strict_leakage_evidence"":{""currency"":[],""customary_unit"":[],""jurisdiction_placeholder"":[],""kr_institution"":[],""legal_conclusion"":[],""procedural"":[]}},""ko"":{""jurisdiction_leakage_evidence"":[],""jurisdiction_leakage_status"":""pass"",""legal_leakage_evidence"":[],""legal_leakage_status"":""pass"",""procedural_leakage_status"":""pass"",""strict_leakage_evidence"":{""currency"":[],""customary_unit"":[],""jurisdiction_placeholder"":[],""kr_institution"":[],""legal_conclusion"":[],""procedural"":[]}}}",fail,"{""source"":{""1"":2,""10"":1,""12"":2,""13"":2,""2013"":1,""2015"":3,""2016"":1},""target"":{""10"":1,""12"":2,""13"":2,""2013"":1,""2015"":3,""2016"":1}}",[],"[""numerical_unit_status""]",True,review,"[""The final neutral facts retain litigation posture and trial-proceeding framing, specifically references to allegations made \""in their defenses\"" and \""trial evidence.\"" These are procedural litigation details rather than neutral real-world facts.""]",False,False
US_f52ee52e184d02cd06,pass,pass,pass,pass,pass,"{""en"":{""hangul"":0,""latin"":879,""reason"":null,""status"":""pass""},""ko"":{""hangul"":306,""latin"":167,""reason"":null,""status"":""pass""}}",pass,"{""en"":[""[COMPANY_A]"",""[PERSON_A]""],""ko"":[""[COMPANY_A]"",""[PERSON_A]""],""status"":""pass""}",pass,"{""en"":{""duplicates"":[],""status"":""pass""},""ko"":{""duplicates"":[],""status"":""pass""}}",pass,pass,pass,"{""en"":{""jurisdiction_leakage_evidence"":[],""jurisdiction_leakage_status"":""pass"",""legal_leakage_evidence"":[],""legal_leakage_status"":""pass"",""procedural_leakage_status"":""pass"",""strict_leakage_evidence"":{""currency"":[],""customary_unit"":[],""jurisdiction_placeholder"":[],""kr_institution"":[],""legal_conclusion"":[],""procedural"":[]}},""ko"":{""jurisdiction_leakage_evidence"":[],""jurisdiction_leakage_status"":""pass"",""legal_leakage_evidence"":[],""legal_leakage_status"":""pass"",""procedural_leakage_status"":""pass"",""strict_leakage_evidence"":{""currency"":[],""customary_unit"":[],""jurisdiction_placeholder"":[],""kr_institution"":[],""legal_conclusion"":[],""procedural"":[]}}}",pass,"{""source"":{""1"":1,""17"":1,""19"":1,""2"":5,""2000"":5,""25"":1,""27"":1,""3"":1,""4"":1,""6.8"":1,""9"":1},""target"":{""1"":1,""17"":1,""19"":1,""2"":5,""2000"":5,""25"":1,""27"":1,""3"":1,""4"":1,""6.8"":1,""9"":1}}",[],[],True,pass,[],False,True
US_f5ad9cb96e57eb50d6,pass,pass,pass,pass,pass,"{""en"":{""hangul"":0,""latin"":365,""reason"":null,""status"":""pass""},""ko"":{""hangul"":144,""latin"":57,""reason"":null,""status"":""pass""}}",pass,"{""en"":[""[LOCATION_A]"",""[ORGANIZATION_A]"",""[PERSON_A]""],""ko"":[""[LOCATION_A]"",""[ORGANIZATION_A]"",""[PERSON_A]""],""status"":""pass""}",pass,"{""en"":{""duplicates"":[],""status"":""pass""},""ko"":{""duplicates"":[],""status"":""pass""}}",pass,pass,pass,"{""en"":{""jurisdiction_leakage_evidence"":[],""jurisdiction_leakage_status"":""pass"",""legal_leakage_evidence"":[],""legal_leakage_status"":""pass"",""procedural_leakage_status"":""pass"",""strict_leakage_evidence"":{""currency"":[],""customary_unit"":[],""jurisdiction_placeholder"":[],""kr_institution"":[],""legal_conclusion"":[],""procedural"":[]}},""ko"":{""jurisdiction_leakage_evidence"":[],""jurisdiction_leakage_status"":""pass"",""legal_leakage_evidence"":[],""legal_leakage_status"":""pass"",""procedural_leakage_status"":""pass"",""strict_leakage_evidence"":{""currency"":[],""customary_unit"":[],""jurisdiction_placeholder"":[],""kr_institution"":[],""legal_conclusion"":[],""procedural"":[]}}}",pass,"{""source"":{""2"":1,""5.08"":1},""target"":{""2"":1,""5.08"":1}}",[],[],True,pass,[],False,True
US_f9417e4d262285b1c6,pass,pass,pass,pass,pass,"{""en"":{""hangul"":0,""latin"":895,""reason"":null,""status"":""pass""},""ko"":{""hangul"":325,""latin"":138,""reason"":null,""status"":""pass""}}",pass,"{""en"":[""[COMPANY_A]"",""[COMPANY_B]"",""[PERSON_A]"",""[VEHICLE_A]"",""[VEHICLE_B]""],""ko"":[""[COMPANY_A]"",""[COMPANY_B]"",""[PERSON_A]"",""[VEHICLE_A]"",""[VEHICLE_B]""],""status"":""pass""}",pass,"{""en"":{""duplicates"":[],""status"":""pass""},""ko"":{""duplicates"":[],""status"":""pass""}}",pass,pass,pass,"{""en"":{""jurisdiction_leakage_evidence"":[],""jurisdiction_leakage_status"":""pass"",""legal_leakage_evidence"":[],""legal_leakage_status"":""pass"",""procedural_leakage_status"":""pass"",""strict_leakage_evidence"":{""currency"":[],""customary_unit"":[],""jurisdiction_placeholder"":[],""kr_institution"":[],""legal_conclusion"":[],""procedural"":[]}},""ko"":{""jurisdiction_leakage_evidence"":[],""jurisdiction_leakage_status"":""pass"",""legal_leakage_evidence"":[],""legal_leakage_status"":""pass"",""procedural_leakage_status"":""pass"",""strict_leakage_evidence"":{""currency"":[],""customary_unit"":[],""jurisdiction_placeholder"":[],""kr_institution"":[],""legal_conclusion"":[],""procedural"":[]}}}",pass,"{""source"":{""1997"":2,""2"":1},""target"":{""1997"":2,""2"":1}}",[],[],True,pass,[],False,True
US_fa07baffd06e422309,pass,pass,pass,pass,pass,"{""en"":{""hangul"":0,""latin"":1364,""reason"":null,""status"":""pass""},""ko"":{""hangul"":486,""latin"":119,""reason"":null,""status"":""pass""}}",pass,"{""en"":[""[PERSON_A]"",""[PERSON_B]"",""[PERSON_C]"",""[PERSON_D]"",""[PERSON_E]""],""ko"":[""[PERSON_A]"",""[PERSON_B]"",""[PERSON_C]"",""[PERSON_D]"",""[PERSON_E]""],""status"":""pass""}",pass,"{""en"":{""duplicates"":[],""status"":""pass""},""ko"":{""duplicates"":[],""status"":""pass""}}",pass,pass,pass,"{""en"":{""jurisdiction_leakage_evidence"":[],""jurisdiction_leakage_status"":""pass"",""legal_leakage_evidence"":[],""legal_leakage_status"":""pass"",""procedural_leakage_status"":""pass"",""strict_leakage_evidence"":{""currency"":[],""customary_unit"":[],""jurisdiction_placeholder"":[],""kr_institution"":[],""legal_conclusion"":[],""procedural"":[]}},""ko"":{""jurisdiction_leakage_evidence"":[],""jurisdiction_leakage_status"":""pass"",""legal_leakage_evidence"":[],""legal_leakage_status"":""pass"",""procedural_leakage_status"":""pass"",""strict_leakage_evidence"":{""currency"":[],""customary_unit"":[],""jurisdiction_placeholder"":[],""kr_institution"":[],""legal_conclusion"":[],""procedural"":[]}}}",pass,"{""source"":{""3"":1,""30"":1,""4"":1},""target"":{""3"":1,""30"":1,""4"":1}}",[],[],True,pass,[],False,True
