case_id,source_dataset,source_config,source_record_id,origin_country,origin_state,court_name,court_level,court_level_confidence,court_level_evidence,case_number,case_code,case_number_confidence,case_number_evidence,decision_date,decision_date_confidence,decision_date_evidence,case_domain,case_domain_confidence,case_domain_evidence,fact_has_parties,fact_has_conduct,fact_has_context,fact_has_timeline,fact_has_harm,fact_has_causation,fact_has_defense_context,fact_sufficiency_score,factual_background_sufficient,civil_liability_evidence,main_opinion_type,opinion_selection_reason,has_concurrence,has_dissent,raw_text_sha256,raw_text_chars,strict_source_eligible,exclusion_reasons,lower_court_supplemented,lower_court_case_ids,lower_court_supplementation_status,lower_court_link_confidence,lower_court_link_evidence,case_family_id,highest_court_case_id
KR_249ed8a4318453b2b2,lbox/lbox_open,precedent_corpus,6,KR,,,unknown,low,[],,,low,[],,low,[],general_negligence_personal_injury,high,"[""상해""]",True,True,True,True,True,True,False,6,True,"[""상해""]",court_opinion,LBox precedent_corpus provides one opinion text field,False,False,ea70672e9751cf26842eb1737cd0e02e86004f2c900978df4aa312fd0aa884bb,1055,False,"[""not_high_confidence_supreme"",""decision_date_unknown"",""not_civil_liability_candidate"",""incidental:criminal_case"",""opinion_text_too_short""]",False,[],not_attempted,none,[],FAM_adfdb2ca5140706d,KR_249ed8a4318453b2b2
KR_7bf98f5e8ae3d52886,lbox/lbox_open,precedent_corpus,8,KR,,,unknown,low,[],,,low,[],,low,[],medical_professional_liability,medium,"[""의사""]",True,True,True,True,False,True,True,6,False,"[""불법행위""]",court_opinion,LBox precedent_corpus provides one opinion text field,False,False,97fc7a3879d64eed0d336dcb9799c944a2e2c2abb0334ed857f6b67b349e2d21,5904,False,"[""not_high_confidence_supreme"",""decision_date_unknown"",""not_civil_liability_candidate"",""incidental:criminal_case"",""fact_insufficient_before_supplementation""]",False,[],not_attempted,none,[],FAM_3edff5db43171bdc,KR_7bf98f5e8ae3d52886
KR_3677c9da6fdeb5d6f1,lbox/lbox_open,precedent_corpus,9,KR,,대법원,supreme,medium,"[""supreme_disposition"",""supreme_reasoning_marker""]",,,low,[],,low,[],medical_professional_liability,high,"[""의사""]",True,True,False,True,True,False,True,5,True,"[""손해배상""]",court_opinion,LBox precedent_corpus provides one opinion text field,False,False,8aa3cf55e683358c8e407bbf308971c6542b1356421ae6165646e7fb0c85d0cf,2794,False,"[""not_high_confidence_supreme"",""decision_date_unknown""]",False,[],not_attempted,none,[],FAM_a8cb63ff03005b97,KR_3677c9da6fdeb5d6f1
KR_aa4916746571ca798b,lbox/lbox_open,precedent_corpus,27,KR,,대법원,supreme,medium,"[""supreme_disposition"",""supreme_reasoning_marker""]",,,low,[],,low,[],general_negligence_personal_injury,high,"[""상해"",""사망""]",True,True,True,True,True,True,True,7,True,"[""상해"",""사망""]",court_opinion,LBox precedent_corpus provides one opinion text field,False,False,ab62796ed1e82cd04991b78d738b0732821c4dd8b193386fdb7eda764939348e,3070,False,"[""not_high_confidence_supreme"",""decision_date_unknown""]",False,[],not_attempted,none,[],FAM_a93a4b60800e35f1,KR_aa4916746571ca798b
KR_30f38b333d35f9b095,lbox/lbox_open,precedent_corpus,28,KR,,,unknown,low,"[""supreme_reasoning_marker""]",,,low,[],,low,[],medical_professional_liability,high,"[""진료""]",True,True,True,True,True,True,False,6,True,"[""손해배상""]",court_opinion,LBox precedent_corpus provides one opinion text field,False,False,f4c35b9690a9c5c08353eb2e61b0e41490abac9389629c3cc4f031307a6066c8,1716,False,"[""not_high_confidence_supreme"",""decision_date_unknown"",""not_civil_liability_candidate"",""incidental:criminal_case""]",False,[],not_attempted,none,[],FAM_9bc800ed3cc121bf,KR_30f38b333d35f9b095
KR_ddbae9c5b0651fae55,lbox/lbox_open,precedent_corpus,33,KR,,,unknown,low,[],,,low,[],,low,[],general_negligence_personal_injury,high,"[""교통사고"",""상해""]",True,True,True,True,True,True,True,7,True,"[""상해"",""주의의무"",""과실""]",court_opinion,LBox precedent_corpus provides one opinion text field,False,False,f6febd82022b088234cb845def7a05180695165c64df8e894a0ffaf9acf2d4fc,3516,False,"[""not_high_confidence_supreme"",""decision_date_unknown"",""not_civil_liability_candidate"",""incidental:criminal_case""]",False,[],not_attempted,none,[],FAM_97a14465c0f5821f,KR_ddbae9c5b0651fae55
KR_57b68f4dc4d83ac4fb,lbox/lbox_open,precedent_corpus,36,KR,,,unknown,low,"[""supreme_disposition""]",,,low,[],,low,[],general_negligence_personal_injury,medium,"[""상해""]",True,True,True,True,True,False,True,6,True,"[""상해""]",court_opinion,LBox precedent_corpus provides one opinion text field,False,False,8e6d64142f8ed66d11c4daf092900929b160f4c611760b95d1478c20788bd9a7,941,False,"[""not_high_confidence_supreme"",""decision_date_unknown"",""not_civil_liability_candidate"",""incidental:criminal_case"",""opinion_text_too_short""]",False,[],not_attempted,none,[],FAM_6135031d50662fbf,KR_57b68f4dc4d83ac4fb
KR_d7bf9387205986b316,lbox/lbox_open,precedent_corpus,37,KR,,,unknown,low,[],,,low,[],,low,[],general_negligence_personal_injury,high,"[""사망""]",True,True,False,True,True,True,True,6,True,"[""사망""]",court_opinion,LBox precedent_corpus provides one opinion text field,False,False,152d28a16620cce708894159bf4e12a14c1838d7eef285bb5125e234c8ff4f37,1558,False,"[""not_high_confidence_supreme"",""decision_date_unknown"",""not_civil_liability_candidate"",""incidental:administrative_only""]",False,[],not_attempted,none,[],FAM_d7e4d93f1046cab0,KR_d7bf9387205986b316
KR_6bab8000c90d531a2d,lbox/lbox_open,precedent_corpus,41,KR,,,unknown,low,[],,,low,[],,low,[],medical_professional_liability,high,"[""의사""]",True,True,True,True,True,True,True,7,True,"[""상해"",""손해배상""]",court_opinion,LBox precedent_corpus provides one opinion text field,False,False,9a46c61b53ecaa44d74de7c23fc33378392785093bf0476376724f3fee748213,13858,False,"[""not_high_confidence_supreme"",""decision_date_unknown""]",False,[],not_attempted,none,[],FAM_ec8b7a4362728f07,KR_6bab8000c90d531a2d
KR_303b2259f918854c1c,lbox/lbox_open,precedent_corpus,48,KR,,,unknown,low,[],,,low,[],,low,[],medical_professional_liability,high,"[""의사""]",True,True,True,True,True,True,False,6,True,"[""사망""]",court_opinion,LBox precedent_corpus provides one opinion text field,False,False,1299942509e05087ca0c9da092a9e8800fba198f70139fc8f6ce8fc8a9335d5b,949,False,"[""not_high_confidence_supreme"",""decision_date_unknown"",""not_civil_liability_candidate"",""incidental:criminal_case"",""opinion_text_too_short""]",False,[],not_attempted,none,[],FAM_f4422db5bed6dcc3,KR_303b2259f918854c1c
KR_7f94ad1bf00960fec9,lbox/lbox_open,precedent_corpus,51,KR,,,unknown,low,"[""supreme_reasoning_marker""]",,,low,[],,low,[],medical_professional_liability,high,"[""의사""]",True,True,True,True,True,True,True,7,True,"[""손해배상"",""불법행위"",""과실""]",court_opinion,LBox precedent_corpus provides one opinion text field,False,False,24567182587a984645d31a6d957448a18ffbeae70951e32f5f1a52e1c7b93369,14137,False,"[""not_high_confidence_supreme"",""decision_date_unknown""]",False,[],not_attempted,none,[],FAM_6ba36fb76bbff8a4,KR_7f94ad1bf00960fec9
KR_8a55664986053b8115,lbox/lbox_open,precedent_corpus,52,KR,,,unknown,low,[],,,low,[],,low,[],general_negligence_personal_injury,high,"[""주의의무"",""과실"",""상해""]",True,True,True,True,True,True,True,7,True,"[""주의의무"",""과실"",""상해""]",court_opinion,LBox precedent_corpus provides one opinion text field,False,False,10515431726638ec21e0a5e916b718eb8035fabdf649ead8f0b75755a7020b34,2020,False,"[""not_high_confidence_supreme"",""decision_date_unknown"",""not_civil_liability_candidate"",""incidental:criminal_case""]",False,[],not_attempted,none,[],FAM_0fe494663282a168,KR_8a55664986053b8115
KR_0c21e13f1dbf563c95,lbox/lbox_open,precedent_corpus,60,KR,,,unknown,low,"[""supreme_disposition""]",,,low,[],,low,[],medical_professional_liability,high,"[""의사""]",True,True,True,True,True,True,True,7,True,"[""사망""]",court_opinion,LBox precedent_corpus provides one opinion text field,False,False,39171fc062e9a5ca1355be7eeeedafdd7b3bffc8a9069a0d46bf57d802764060,138744,False,"[""not_high_confidence_supreme"",""decision_date_unknown"",""not_civil_liability_candidate"",""incidental:criminal_case""]",False,[],not_attempted,none,[],FAM_7ad1842f13830c87,KR_0c21e13f1dbf563c95
KR_fd9b4f465bf199babc,lbox/lbox_open,precedent_corpus,62,KR,,,unknown,low,[],,,low,[],,low,[],medical_professional_liability,high,"[""의사""]",True,True,False,True,False,True,True,5,False,"[""과실""]",court_opinion,LBox precedent_corpus provides one opinion text field,False,False,962247fa4b8fdff7c3c519948e728fd03da05ffc97f0cccf92d14b71662bf617,12660,False,"[""not_high_confidence_supreme"",""decision_date_unknown"",""not_civil_liability_candidate"",""incidental:administrative_only"",""fact_insufficient_before_supplementation""]",False,[],not_attempted,none,[],FAM_1ba451062cfbd4ee,KR_fd9b4f465bf199babc
KR_7de85f7989e73f9f06,lbox/lbox_open,precedent_corpus,67,KR,,,unknown,low,[],,,low,[],,low,[],general_negligence_personal_injury,high,"[""과실"",""상해""]",True,True,True,True,True,True,True,7,True,"[""과실"",""상해""]",court_opinion,LBox precedent_corpus provides one opinion text field,False,False,8eb60ca35d7135548eb3c107b0735e8804342deb7b84c345c0104145cc0f6542,4279,False,"[""not_high_confidence_supreme"",""decision_date_unknown"",""not_civil_liability_candidate"",""incidental:criminal_case""]",False,[],not_attempted,none,[],FAM_49b39beabeab6a17,KR_7de85f7989e73f9f06
KR_c2d1e42c1c356b0b5e,lbox/lbox_open,precedent_corpus,71,KR,,,unknown,low,"[""supreme_disposition""]",,,low,[],,low,[],general_negligence_personal_injury,high,"[""상해""]",True,True,True,True,True,True,True,7,True,"[""상해""]",court_opinion,LBox precedent_corpus provides one opinion text field,False,False,968693fe57c30cdc7d1b4413ccf8cf646ddbe06c97d32d22b8288042e05fa85c,3321,False,"[""not_high_confidence_supreme"",""decision_date_unknown"",""not_civil_liability_candidate"",""incidental:criminal_case""]",False,[],not_attempted,none,[],FAM_2d8c7b38a8b66838,KR_c2d1e42c1c356b0b5e
KR_67c8a62fe22c9c1131,lbox/lbox_open,precedent_corpus,72,KR,,,unknown,low,[],,,low,[],,low,[],medical_professional_liability,high,"[""의사""]",True,True,True,True,True,True,True,7,True,"[""불법행위""]",court_opinion,LBox precedent_corpus provides one opinion text field,False,False,f2e255ab0c7031912b3d8842c508e66425630e895a297e1962e9911000ddf960,55503,False,"[""not_high_confidence_supreme"",""decision_date_unknown"",""not_civil_liability_candidate"",""incidental:criminal_case""]",False,[],not_attempted,none,[],FAM_c5dafccde910b6b7,KR_67c8a62fe22c9c1131
KR_c25332f999435d2bd0,lbox/lbox_open,precedent_corpus,78,KR,,,unknown,low,[],,,low,[],,low,[],other_civil_liability,low,[],True,True,True,True,True,True,True,7,True,"[""손해배상""]",court_opinion,LBox precedent_corpus provides one opinion text field,False,False,392321415d317eb3d30c143464ca280b774cd9b895ec486591fa5ded95c1b260,1459,False,"[""not_high_confidence_supreme"",""decision_date_unknown""]",False,[],not_attempted,none,[],FAM_ff2d09fcc64cdb09,KR_c25332f999435d2bd0
KR_4fca6a1ab1ab04520f,lbox/lbox_open,precedent_corpus,83,KR,,,unknown,low,[],,,low,[],,low,[],general_negligence_personal_injury,medium,"[""상해"",""주의의무"",""과실""]",True,True,True,True,True,True,True,7,True,"[""상해"",""손해배상"",""주의의무"",""과실""]",court_opinion,LBox precedent_corpus provides one opinion text field,False,False,34aa5ae4f6b9c8e73357fdacfae99298529e7dd647cfa6d934d13b21367bc18c,3297,False,"[""not_high_confidence_supreme"",""decision_date_unknown""]",False,[],not_attempted,none,[],FAM_6fb5d7fef9333c69,KR_4fca6a1ab1ab04520f
KR_eb3f4f566ad29493a4,lbox/lbox_open,precedent_corpus,85,KR,,대법원,supreme,medium,"[""supreme_disposition"",""supreme_reasoning_marker""]",,,low,[],,low,[],general_negligence_personal_injury,medium,"[""상해""]",True,True,True,True,True,True,True,7,True,"[""상해""]",court_opinion,LBox precedent_corpus provides one opinion text field,False,False,2f8ef3c41c8573fec66478c42ea5d114626380cf8b77c029a9f5fafd9741a194,6865,False,"[""not_high_confidence_supreme"",""decision_date_unknown"",""not_civil_liability_candidate"",""incidental:criminal_case""]",False,[],not_attempted,none,[],FAM_bcb2c54cd5253651,KR_eb3f4f566ad29493a4
KR_93df3b8cd3fe045f7e,lbox/lbox_open,precedent_corpus,87,KR,,,unknown,low,"[""supreme_disposition""]",,,low,[],,low,[],general_negligence_personal_injury,medium,"[""상해""]",True,True,False,True,True,True,True,6,True,"[""상해""]",court_opinion,LBox precedent_corpus provides one opinion text field,False,False,96d5ee269dfd95a4e2e55f3ac25276e32354e064880cd1e413531af8127cec21,3936,False,"[""not_high_confidence_supreme"",""decision_date_unknown"",""not_civil_liability_candidate"",""incidental:criminal_case""]",False,[],not_attempted,none,[],FAM_3614cd4fe2534cf5,KR_93df3b8cd3fe045f7e
KR_c6939f86975fc4d150,lbox/lbox_open,precedent_corpus,88,KR,,,unknown,low,"[""supreme_disposition""]",,,low,[],,low,[],medical_professional_liability,high,"[""병원"",""의사""]",True,True,True,True,True,True,True,7,True,"[""상해""]",court_opinion,LBox precedent_corpus provides one opinion text field,False,False,1f39bb7a02f9e08645dc9832204f4db7ca0b908c9ca646e86d656d1e3360b08a,3246,False,"[""not_high_confidence_supreme"",""decision_date_unknown"",""not_civil_liability_candidate"",""incidental:criminal_case""]",False,[],not_attempted,none,[],FAM_520eff1b343ed125,KR_c6939f86975fc4d150
KR_421b9c648022d8064d,lbox/lbox_open,precedent_corpus,91,KR,,,unknown,low,[],,,low,[],,low,[],general_negligence_personal_injury,low,"[""상해""]",True,True,False,False,True,True,True,5,True,"[""상해""]",court_opinion,LBox precedent_corpus provides one opinion text field,False,False,e82995104eeb6f1e43ebd004746b1290c56984417b2a313a6019f168de9778c9,773,False,"[""not_high_confidence_supreme"",""decision_date_unknown"",""not_civil_liability_candidate"",""incidental:criminal_case"",""opinion_text_too_short""]",False,[],not_attempted,none,[],FAM_a893c291e9ba34dd,KR_421b9c648022d8064d
KR_31443818b4ebd5c377,lbox/lbox_open,precedent_corpus,94,KR,,,unknown,low,[],,,low,[],,low,[],general_negligence_personal_injury,low,"[""사망""]",False,True,False,True,True,True,True,5,True,"[""사망""]",court_opinion,LBox precedent_corpus provides one opinion text field,False,False,4e824ccc0fd1fd296afd53f9301c00e85a4164b49656933907a3ff06daa81bfc,2743,False,"[""not_high_confidence_supreme"",""decision_date_unknown""]",False,[],not_attempted,none,[],FAM_2e2806f88dd1b4fa,KR_31443818b4ebd5c377
KR_b795c11b64bc7b8fed,lbox/lbox_open,precedent_corpus,97,KR,,대법원,supreme,medium,"[""supreme_disposition"",""supreme_reasoning_marker""]",,,low,[],,low,[],general_negligence_personal_injury,high,"[""사망""]",True,True,True,True,True,True,True,7,True,"[""사망""]",court_opinion,LBox precedent_corpus provides one opinion text field,False,False,74859c81b4a969714caf303b6997147889110caa8a975165d31b8c67d99bd378,4586,False,"[""not_high_confidence_supreme"",""decision_date_unknown""]",False,[],not_attempted,none,[],FAM_732786a1a5ecbb57,KR_b795c11b64bc7b8fed
KR_734bc14207035dfecd,lbox/lbox_open,precedent_corpus,102,KR,,대법원,supreme,medium,"[""supreme_disposition"",""supreme_reasoning_marker""]",,,low,[],,low,[],general_negligence_personal_injury,low,"[""사망""]",True,True,False,True,True,True,True,6,True,"[""사망""]",court_opinion,LBox precedent_corpus provides one opinion text field,False,False,0a0f317829992f16e42e9fc32f2c27400c082e4d3fb6182476a57303c37a856f,1690,False,"[""not_high_confidence_supreme"",""decision_date_unknown""]",False,[],not_attempted,none,[],FAM_eb52d6dfda7e1135,KR_734bc14207035dfecd
KR_88fff732852ffdb17d,lbox/lbox_open,precedent_corpus,103,KR,,,unknown,low,"[""supreme_disposition""]",,,low,[],,low,[],general_negligence_personal_injury,low,"[""과실""]",True,True,False,True,True,True,True,6,True,"[""불법행위"",""손해배상"",""과실""]",court_opinion,LBox precedent_corpus provides one opinion text field,False,False,5d451c50062ede57ce8cccefb818caac683bb415688cda099d95140b1d655cb9,3798,False,"[""not_high_confidence_supreme"",""decision_date_unknown""]",False,[],not_attempted,none,[],FAM_fa78effaf687b515,KR_88fff732852ffdb17d
KR_20145bec92f49827db,lbox/lbox_open,precedent_corpus,108,KR,,,unknown,low,[],,,low,[],,low,[],general_negligence_personal_injury,low,"[""상해""]",True,True,False,True,True,True,True,6,True,"[""상해""]",court_opinion,LBox precedent_corpus provides one opinion text field,False,False,4815c1dc55ed958a99296bd47df8ddf7e2c6495c7946b17577cace498b86fbb1,2166,False,"[""not_high_confidence_supreme"",""decision_date_unknown"",""not_civil_liability_candidate"",""incidental:criminal_case""]",False,[],not_attempted,none,[],FAM_f812ecf325b9e7d7,KR_20145bec92f49827db
KR_d744bff55be8dde44c,lbox/lbox_open,precedent_corpus,110,KR,,,unknown,low,[],,,low,[],,low,[],general_negligence_personal_injury,high,"[""주의의무"",""과실""]",True,True,True,True,False,True,True,6,False,"[""주의의무"",""과실""]",court_opinion,LBox precedent_corpus provides one opinion text field,False,False,ecad40931c291642c7f328aa592899a346371694fe4a9931ee045376ba296218,3735,False,"[""not_high_confidence_supreme"",""decision_date_unknown"",""not_civil_liability_candidate"",""incidental:criminal_case"",""fact_insufficient_before_supplementation""]",False,[],not_attempted,none,[],FAM_db811d1b35067ced,KR_d744bff55be8dde44c
KR_1fd37221c3634c57f1,lbox/lbox_open,precedent_corpus,114,KR,,,unknown,low,[],,,low,[],,low,[],other_civil_liability,low,[],True,True,True,True,True,False,True,6,True,"[""손해배상""]",court_opinion,LBox precedent_corpus provides one opinion text field,False,False,a3331ae318037f930f947870b8db56cd2381b062aaca4c1fbf45290a43707208,1900,False,"[""not_high_confidence_supreme"",""decision_date_unknown"",""not_civil_liability_candidate"",""incidental:criminal_case""]",False,[],not_attempted,none,[],FAM_9c30085437b3f1aa,KR_1fd37221c3634c57f1
KR_967ac05a328281ac0e,lbox/lbox_open,precedent_corpus,116,KR,,,unknown,low,[],,,low,[],,low,[],general_negligence_personal_injury,high,"[""주의의무"",""과실"",""상해""]",True,True,True,True,True,True,True,7,True,"[""주의의무"",""과실"",""상해""]",court_opinion,LBox precedent_corpus provides one opinion text field,False,False,980446c0362440ae99bbb57e50c8a20742854da6218365b656e4f8035717be3a,1718,False,"[""not_high_confidence_supreme"",""decision_date_unknown"",""not_civil_liability_candidate"",""incidental:criminal_case""]",False,[],not_attempted,none,[],FAM_3af7e14f09cf3979,KR_967ac05a328281ac0e
KR_0966b5b99b236a20d9,lbox/lbox_open,precedent_corpus,122,KR,,대법원,supreme,medium,"[""supreme_disposition"",""supreme_reasoning_marker""]",,,low,[],,low,[],general_negligence_personal_injury,high,"[""상해""]",True,True,True,True,True,True,True,7,True,"[""상해"",""손해배상""]",court_opinion,LBox precedent_corpus provides one opinion text field,False,False,0a66946601bc255d70c9341bc677c682572e602fd86e83fe33220faf2f5e63c7,3703,False,"[""not_high_confidence_supreme"",""decision_date_unknown""]",False,[],not_attempted,none,[],FAM_f0d26ecc45995441,KR_0966b5b99b236a20d9
KR_3c6f28e00f6ef45757,lbox/lbox_open,precedent_corpus,126,KR,,,unknown,low,"[""supreme_reasoning_marker""]",,,low,[],,low,[],general_negligence_personal_injury,high,"[""주의의무"",""사망"",""상해""]",True,True,True,True,True,True,True,7,True,"[""주의의무"",""사망"",""상해""]",court_opinion,LBox precedent_corpus provides one opinion text field,False,False,e19adb4c77ff5832bc7521b38e9f1c576cc104e7109280d22244a02b5692954f,1337,False,"[""not_high_confidence_supreme"",""decision_date_unknown"",""not_civil_liability_candidate"",""incidental:criminal_case""]",False,[],not_attempted,none,[],FAM_dfb167e7937b45ad,KR_3c6f28e00f6ef45757
KR_a6efe0afa94f5e87ca,lbox/lbox_open,precedent_corpus,129,KR,,,unknown,low,[],,,low,[],,low,[],other_civil_liability,low,[],True,True,False,True,True,True,True,6,True,"[""손해배상"",""불법행위""]",court_opinion,LBox precedent_corpus provides one opinion text field,False,False,92f29cc381cbaac328bdee6038fd56c848e0d3c48ef2a176c1eedf2085b27715,4363,False,"[""not_high_confidence_supreme"",""decision_date_unknown""]",False,[],not_attempted,none,[],FAM_c0506e7756b5ba44,KR_a6efe0afa94f5e87ca
KR_ce60ef23e3aa5513d4,lbox/lbox_open,precedent_corpus,131,KR,,,unknown,low,[],,,low,[],,low,[],medical_professional_liability,medium,"[""의사""]",True,True,False,True,True,True,True,6,True,"[""손해배상""]",court_opinion,LBox precedent_corpus provides one opinion text field,False,False,b5ba4183399a394019afad041e530c8b18dbef05b4a7a1b5de5a0996a6da7a21,3139,False,"[""not_high_confidence_supreme"",""decision_date_unknown""]",False,[],not_attempted,none,[],FAM_4b9ade21ad9b20c2,KR_ce60ef23e3aa5513d4
KR_cca3677a3a83a87ff0,lbox/lbox_open,precedent_corpus,133,KR,,대법원,supreme,medium,"[""supreme_disposition"",""supreme_reasoning_marker""]",,,low,[],,low,[],medical_professional_liability,medium,"[""의사""]",True,True,False,True,True,False,True,5,True,"[""과실"",""사용자책임"",""불법행위""]",court_opinion,LBox precedent_corpus provides one opinion text field,False,False,338c6c07673cc7dfe1a548b06e516757af82e7d29b406b71fc12c4557bec9854,1289,False,"[""not_high_confidence_supreme"",""decision_date_unknown""]",False,[],not_attempted,none,[],FAM_9c159394a13ecd83,KR_cca3677a3a83a87ff0
KR_5ca8cee86031d98fc4,lbox/lbox_open,precedent_corpus,145,KR,,,unknown,low,[],,,low,[],,low,[],general_negligence_personal_injury,high,"[""과실"",""상해"",""교통사고""]",True,True,True,True,True,True,True,7,True,"[""과실"",""상해""]",court_opinion,LBox precedent_corpus provides one opinion text field,False,False,48cb1d838cb154c6d9d3e8f265c46d4c9d0e22352c1e2c121867941bd9d4e45c,1297,False,"[""not_high_confidence_supreme"",""decision_date_unknown"",""not_civil_liability_candidate"",""incidental:criminal_case""]",False,[],not_attempted,none,[],FAM_7fa88cb7dadf1b91,KR_5ca8cee86031d98fc4
KR_40582d7784e7aba7a0,lbox/lbox_open,precedent_corpus,147,KR,,,unknown,low,[],,,low,[],,low,[],general_negligence_personal_injury,low,"[""사망""]",True,True,False,True,True,True,True,6,True,"[""사망""]",court_opinion,LBox precedent_corpus provides one opinion text field,False,False,c3ba147a04cebb2659adc8831a281517d54bf3058b0e23a1e47fc693229653b1,11744,False,"[""not_high_confidence_supreme"",""decision_date_unknown""]",False,[],not_attempted,none,[],FAM_40923818747ea050,KR_40582d7784e7aba7a0
KR_d2fff888e4d7be638e,lbox/lbox_open,precedent_corpus,148,KR,,,unknown,low,[],,,low,[],,low,[],general_negligence_personal_injury,high,"[""주의의무"",""과실"",""상해""]",True,True,True,True,True,True,True,7,True,"[""주의의무"",""과실"",""상해""]",court_opinion,LBox precedent_corpus provides one opinion text field,False,False,1d1e70e88ceca02e3b6118d1a44c9b8484e36319fce022b604ded34d364a822b,4186,False,"[""not_high_confidence_supreme"",""decision_date_unknown"",""not_civil_liability_candidate"",""incidental:criminal_case""]",False,[],not_attempted,none,[],FAM_f74221f8f81ab0d5,KR_d2fff888e4d7be638e
KR_98786f59f29dca9c1a,lbox/lbox_open,precedent_corpus,149,KR,,,unknown,low,[],,,low,[],,low,[],general_negligence_personal_injury,low,"[""사망""]",True,True,False,True,True,False,True,5,True,"[""사망""]",court_opinion,LBox precedent_corpus provides one opinion text field,False,False,2bca583b91a9d6101efa2c90ecf493274f001c32aa3379e685f749df4a2cc638,2172,False,"[""not_high_confidence_supreme"",""decision_date_unknown""]",False,[],not_attempted,none,[],FAM_ed7c9129d232953c,KR_98786f59f29dca9c1a
KR_34e733d055814fdad2,lbox/lbox_open,precedent_corpus,153,KR,,,unknown,low,[],,,low,[],,low,[],general_negligence_personal_injury,medium,"[""과실""]",True,True,True,True,True,True,True,7,True,"[""손해배상"",""과실""]",court_opinion,LBox precedent_corpus provides one opinion text field,False,False,d22cb8a72c85d14fbdbf071bb87668db9fc0176e0dbf2cc7772301ac8f596a63,3259,False,"[""not_high_confidence_supreme"",""decision_date_unknown""]",False,[],not_attempted,none,[],FAM_f1892713b97704ec,KR_34e733d055814fdad2
KR_6acd4f2331b13d769b,lbox/lbox_open,precedent_corpus,155,KR,,,unknown,low,[],,,low,[],,low,[],medical_professional_liability,medium,"[""의사""]",True,True,True,True,True,True,True,7,True,"[""사망""]",court_opinion,LBox precedent_corpus provides one opinion text field,False,False,cdfc682967d904c71501f8f4404edb113875483e10c4be993bb64c1351cf666b,6893,False,"[""not_high_confidence_supreme"",""decision_date_unknown""]",False,[],not_attempted,none,[],FAM_aa1e95dc26ec6532,KR_6acd4f2331b13d769b
KR_9f53b72fd4ea5a09ad,lbox/lbox_open,precedent_corpus,157,KR,,,unknown,low,"[""supreme_disposition""]",,,low,[],,low,[],general_negligence_personal_injury,low,"[""교통사고""]",True,True,False,True,True,True,True,6,True,"[""손해배상""]",court_opinion,LBox precedent_corpus provides one opinion text field,False,False,921eeea8a140a196007b41d17fd9d9d93c3e3b7b361af726f0a27f6627a7e045,1490,False,"[""not_high_confidence_supreme"",""decision_date_unknown"",""not_civil_liability_candidate"",""incidental:criminal_case""]",False,[],not_attempted,none,[],FAM_3eaf6188fe087ebf,KR_9f53b72fd4ea5a09ad
KR_0331d044619968fcf7,lbox/lbox_open,precedent_corpus,159,KR,,,unknown,low,[],,,low,[],,low,[],other_civil_liability,low,[],True,True,True,True,True,True,True,7,True,"[""손해배상""]",court_opinion,LBox precedent_corpus provides one opinion text field,False,False,292d9572771d95d4d2ce4993b8045f821ddd4d1a2051d3e386ee9127aa907af2,5841,False,"[""not_high_confidence_supreme"",""decision_date_unknown""]",False,[],not_attempted,none,[],FAM_6caabb6d61a33213,KR_0331d044619968fcf7
KR_60473c2b462874ed56,lbox/lbox_open,precedent_corpus,161,KR,,,unknown,low,[],,,low,[],,low,[],other_civil_liability,low,[],True,True,True,True,True,True,True,7,True,"[""손해배상""]",court_opinion,LBox precedent_corpus provides one opinion text field,False,False,d86becbb9e349e85bca697639fe55ae6054c2c82499be9cb609de44f4dc4ac07,3519,False,"[""not_high_confidence_supreme"",""decision_date_unknown""]",False,[],not_attempted,none,[],FAM_b01c300d70f594b1,KR_60473c2b462874ed56
KR_e89fb3cbdde75591ad,lbox/lbox_open,precedent_corpus,162,KR,,,unknown,low,[],,,low,[],,low,[],other_civil_liability,low,[],True,True,False,True,False,False,True,4,False,"[""불법행위""]",court_opinion,LBox precedent_corpus provides one opinion text field,False,False,03ae5004ddf63e041b4167d89ea25463d22533f4e868008b77a701a40c522876,2422,False,"[""not_high_confidence_supreme"",""decision_date_unknown"",""fact_insufficient_before_supplementation""]",False,[],not_attempted,none,[],FAM_cb442804f1bb2a6c,KR_e89fb3cbdde75591ad
KR_b81be4e10a18690981,lbox/lbox_open,precedent_corpus,166,KR,,대법원,supreme,medium,"[""supreme_disposition"",""supreme_reasoning_marker""]",,,low,[],,low,[],general_negligence_personal_injury,high,"[""과실"",""상해""]",True,True,True,True,True,True,False,6,True,"[""불법행위"",""손해배상"",""과실"",""상해""]",court_opinion,LBox precedent_corpus provides one opinion text field,False,False,44c4a8b366b33706531ca548290e960a68d9af0ec07dfda39e64d621a25d99cd,1805,False,"[""not_high_confidence_supreme"",""decision_date_unknown""]",False,[],not_attempted,none,[],FAM_ba673178fef9cc3c,KR_b81be4e10a18690981
KR_93ebd6671e033ecbdc,lbox/lbox_open,precedent_corpus,168,KR,,,unknown,low,[],,,low,[],,low,[],general_negligence_personal_injury,high,"[""상해"",""주의의무"",""과실""]",True,True,True,True,True,True,True,7,True,"[""상해"",""주의의무"",""과실"",""손해배상""]",court_opinion,LBox precedent_corpus provides one opinion text field,False,False,c835f36998bfabc839d6832bc53313398bc7dd17c5fb18f433d91da36872d6cd,5724,False,"[""not_high_confidence_supreme"",""decision_date_unknown""]",False,[],not_attempted,none,[],FAM_035cf23c62cbd81b,KR_93ebd6671e033ecbdc
KR_146135b89a825f0a1b,lbox/lbox_open,precedent_corpus,169,KR,,대법원,supreme,medium,"[""supreme_disposition"",""supreme_reasoning_marker""]",,,low,[],,low,[],employer_supervisory_vicarious_liability,medium,"[""업무집행""]",True,True,False,True,False,True,True,5,False,"[""과실""]",court_opinion,LBox precedent_corpus provides one opinion text field,False,False,d5a9773ff2ac0f8338ddcf693b2f1abd7eba7ae8a3b8ee9095b67a3b95393573,4275,False,"[""not_high_confidence_supreme"",""decision_date_unknown"",""not_civil_liability_candidate"",""incidental:criminal_case"",""fact_insufficient_before_supplementation""]",False,[],not_attempted,none,[],FAM_ce97722f2bc76805,KR_146135b89a825f0a1b
KR_0579c7c776ff55ab1e,lbox/lbox_open,precedent_corpus,173,KR,,,unknown,low,"[""supreme_reasoning_marker""]",,,low,[],,low,[],other_civil_liability,low,[],True,True,False,True,True,True,True,6,True,"[""불법행위"",""손해배상""]",court_opinion,LBox precedent_corpus provides one opinion text field,False,False,4dd82ebc9856c97d4316497ad7fa730688094a06f7694abae3b7ac0b5f3d8575,1577,False,"[""not_high_confidence_supreme"",""decision_date_unknown""]",False,[],not_attempted,none,[],FAM_716a06834e92f9e6,KR_0579c7c776ff55ab1e
KR_098674a051ea5fa1fd,lbox/lbox_open,precedent_corpus,175,KR,,대법원,supreme,medium,"[""supreme_disposition"",""supreme_reasoning_marker""]",,,low,[],,low,[],other_civil_liability,low,[],True,True,True,True,True,True,True,7,True,"[""손해배상"",""불법행위""]",court_opinion,LBox precedent_corpus provides one opinion text field,False,False,bc3c11310ffa30e289757305990bd12b03098948303fa0f930457fd784c42428,3673,False,"[""not_high_confidence_supreme"",""decision_date_unknown""]",False,[],not_attempted,none,[],FAM_e1190ee6027cd706,KR_098674a051ea5fa1fd
KR_09a1ca156dc3f64176,lbox/lbox_open,precedent_corpus,176,KR,,,unknown,low,[],,,low,[],,low,[],medical_professional_liability,high,"[""의사""]",True,True,False,True,True,True,True,6,True,"[""사망""]",court_opinion,LBox precedent_corpus provides one opinion text field,False,False,a060b8f5813605a08fa3c7c9f4d2b9758b93a9df21e3c73cc6afa3fde658d135,6616,False,"[""not_high_confidence_supreme"",""decision_date_unknown"",""not_civil_liability_candidate"",""incidental:administrative_only""]",False,[],not_attempted,none,[],FAM_04e212e52194d415,KR_09a1ca156dc3f64176
KR_e81826a51c9e91262f,lbox/lbox_open,precedent_corpus,180,KR,,,unknown,low,[],,,low,[],,low,[],general_negligence_personal_injury,high,"[""주의의무"",""과실"",""사망""]",True,True,False,True,True,True,True,6,True,"[""주의의무"",""과실"",""사망""]",court_opinion,LBox precedent_corpus provides one opinion text field,False,False,35828d350bd0cdf5c44e3e8ad4dc6c5e9e9af2f575b5ccd2c3c93849693a9546,4265,False,"[""not_high_confidence_supreme"",""decision_date_unknown""]",False,[],not_attempted,none,[],FAM_9d5adc0c69dd5c9c,KR_e81826a51c9e91262f
KR_30c9519c85995a39d3,lbox/lbox_open,precedent_corpus,185,KR,,,unknown,low,[],,,low,[],,low,[],general_negligence_personal_injury,low,"[""상해""]",True,True,True,True,True,True,True,7,True,"[""상해""]",court_opinion,LBox precedent_corpus provides one opinion text field,False,False,7192a5a77c1c8e9b720fafb4f41aa2471cf862577a0ca250737f64e70294867a,5427,False,"[""not_high_confidence_supreme"",""decision_date_unknown"",""not_civil_liability_candidate"",""incidental:administrative_only""]",False,[],not_attempted,none,[],FAM_5718288022e5e68e,KR_30c9519c85995a39d3
KR_3a472674f4e0e43c94,lbox/lbox_open,precedent_corpus,189,KR,,,unknown,low,[],,,low,[],,low,[],other_civil_liability,low,[],True,True,True,True,True,True,True,7,True,"[""손해배상"",""불법행위""]",court_opinion,LBox precedent_corpus provides one opinion text field,False,False,0ab4888aba13a56cb82d7b85d682743bbd142a610a923507fd4bf362ce294c31,8209,False,"[""not_high_confidence_supreme"",""decision_date_unknown""]",False,[],not_attempted,none,[],FAM_20ca31356392c92f,KR_3a472674f4e0e43c94
KR_a6421db36587f286d0,lbox/lbox_open,precedent_corpus,191,KR,,대법원,supreme,medium,"[""supreme_disposition"",""supreme_reasoning_marker""]",,,low,[],,low,[],general_negligence_personal_injury,low,"[""상해""]",True,False,True,True,True,True,False,5,False,"[""불법행위"",""상해""]",court_opinion,LBox precedent_corpus provides one opinion text field,False,False,a7b4c6ee571712ecd586a376ca3d31b42f2a094947fed7f7053d0f9d753fa25e,932,False,"[""not_high_confidence_supreme"",""decision_date_unknown"",""opinion_text_too_short"",""fact_insufficient_before_supplementation""]",False,[],not_attempted,none,[],FAM_9445c0716a64f945,KR_a6421db36587f286d0
KR_521b3703b51de398cf,lbox/lbox_open,precedent_corpus,192,KR,,,unknown,low,[],,,low,[],,low,[],general_negligence_personal_injury,medium,"[""상해""]",True,True,True,True,True,True,True,7,True,"[""상해""]",court_opinion,LBox precedent_corpus provides one opinion text field,False,False,1764c8d4ad181d2479de017590684d762940dde4155ddd9764cd651a77ed4b7a,1431,False,"[""not_high_confidence_supreme"",""decision_date_unknown"",""not_civil_liability_candidate"",""incidental:criminal_case""]",False,[],not_attempted,none,[],FAM_85cf2316580adbe8,KR_521b3703b51de398cf
KR_a8a3b0ccf37bd6ba88,lbox/lbox_open,precedent_corpus,200,KR,,,unknown,low,[],,,low,[],,low,[],medical_professional_liability,high,"[""의사""]",True,True,False,True,True,True,True,6,True,"[""사망""]",court_opinion,LBox precedent_corpus provides one opinion text field,False,False,b1897bf0bf9af610a6c68928b2e27da13337ded52fa4615f0f67c29104d10989,3972,False,"[""not_high_confidence_supreme"",""decision_date_unknown""]",False,[],not_attempted,none,[],FAM_2e98ebeda8e51a35,KR_a8a3b0ccf37bd6ba88
KR_db1a0b8223cc628bbe,lbox/lbox_open,precedent_corpus,203,KR,,,unknown,low,[],,,low,[],,low,[],other_civil_liability,low,[],True,True,False,True,True,False,False,4,False,"[""손해배상""]",court_opinion,LBox precedent_corpus provides one opinion text field,False,False,a119e1e6142643d62f179c749f68f107a540141a1a8b0499c1692dacc0794072,1289,False,"[""not_high_confidence_supreme"",""decision_date_unknown"",""fact_insufficient_before_supplementation""]",False,[],not_attempted,none,[],FAM_784f08900294d174,KR_db1a0b8223cc628bbe
KR_180746ac1d27231f72,lbox/lbox_open,precedent_corpus,204,KR,,,unknown,low,[],,,low,[],,low,[],medical_professional_liability,medium,"[""의사""]",True,True,True,True,True,True,True,7,True,"[""손해배상""]",court_opinion,LBox precedent_corpus provides one opinion text field,False,False,89b61508f3877b75bae546bd8ad5291790529e6601ced8b9d8a790e7fcd65244,2205,False,"[""not_high_confidence_supreme"",""decision_date_unknown""]",False,[],not_attempted,none,[],FAM_1ee761920c83b4f7,KR_180746ac1d27231f72
KR_b3990a0107f6b22a59,lbox/lbox_open,precedent_corpus,208,KR,,,unknown,low,[],,,low,[],,low,[],medical_professional_liability,medium,"[""의사""]",True,True,False,True,True,True,True,6,True,"[""손해배상"",""불법행위""]",court_opinion,LBox precedent_corpus provides one opinion text field,False,False,450bb9f6a273e50f5c28eb745b5fde63174a4b0a538f4da55e831f2002011cee,9435,False,"[""not_high_confidence_supreme"",""decision_date_unknown""]",False,[],not_attempted,none,[],FAM_15748ad5cd37bd79,KR_b3990a0107f6b22a59
KR_7b20bb1f7110a33847,lbox/lbox_open,precedent_corpus,221,KR,,,unknown,low,[],,,low,[],,low,[],medical_professional_liability,high,"[""수술"",""병원""]",True,True,True,True,True,True,True,7,True,"[""손해배상"",""사망"",""과실"",""주의의무"",""상해""]",court_opinion,LBox precedent_corpus provides one opinion text field,False,False,5ae695afc0b425f974207a5b6ce422ed4c0a71f8b0d2973b3f7a1905044210e1,4901,False,"[""not_high_confidence_supreme"",""decision_date_unknown""]",False,[],not_attempted,none,[],FAM_7c86aeb2ba4bd7db,KR_7b20bb1f7110a33847
KR_eeaf912e73a39eaa2b,lbox/lbox_open,precedent_corpus,222,KR,,대법원,supreme,medium,"[""supreme_disposition"",""supreme_reasoning_marker""]",,,low,[],,low,[],employer_supervisory_vicarious_liability,high,"[""업무집행"",""피용자""]",True,True,False,True,True,True,True,6,True,"[""과실"",""손해배상"",""불법행위"",""주의의무""]",court_opinion,LBox precedent_corpus provides one opinion text field,False,False,1df6a7f0f13d7c438aed5641c8e7f3c2dca2a6f0525c891bcf232f44d3e2c760,1866,False,"[""not_high_confidence_supreme"",""decision_date_unknown""]",False,[],not_attempted,none,[],FAM_02d16f24f097ab8e,KR_eeaf912e73a39eaa2b
KR_1e3c729994748b2a7f,lbox/lbox_open,precedent_corpus,224,KR,,,unknown,low,[],,,low,[],,low,[],medical_professional_liability,high,"[""의사""]",True,True,True,True,True,True,True,7,True,"[""사망""]",court_opinion,LBox precedent_corpus provides one opinion text field,False,False,245436f950d47f8d8d31e074b01be718529d628f64d01b4ed16485080bb63d6b,2286,False,"[""not_high_confidence_supreme"",""decision_date_unknown"",""not_civil_liability_candidate"",""incidental:criminal_case""]",False,[],not_attempted,none,[],FAM_67153df0286f9393,KR_1e3c729994748b2a7f
KR_1806a3378b18ca195a,lbox/lbox_open,precedent_corpus,226,KR,,,unknown,low,[],,,low,[],,low,[],medical_professional_liability,high,"[""병원""]",True,True,True,True,True,True,True,7,True,"[""상해""]",court_opinion,LBox precedent_corpus provides one opinion text field,False,False,bf9de0b065a59b0992d01f6aaf24a8dfa0bc08f39129f4fb7a54b2da711ccf79,11142,False,"[""not_high_confidence_supreme"",""decision_date_unknown""]",False,[],not_attempted,none,[],FAM_12346acd5cb9b293,KR_1806a3378b18ca195a
KR_feb651e13e25306beb,lbox/lbox_open,precedent_corpus,227,KR,,,unknown,low,[],,,low,[],,low,[],general_negligence_personal_injury,low,"[""과실""]",True,True,True,True,False,True,True,6,False,"[""과실""]",court_opinion,LBox precedent_corpus provides one opinion text field,False,False,0c2ef9ffeac768c8596366711f8a6455df5dd5d73c59308d8515ed68fce295bd,8636,False,"[""not_high_confidence_supreme"",""decision_date_unknown"",""not_civil_liability_candidate"",""incidental:administrative_only"",""fact_insufficient_before_supplementation""]",False,[],not_attempted,none,[],FAM_148a9ce77172ad0f,KR_feb651e13e25306beb
KR_196e9e67a1709e272a,lbox/lbox_open,precedent_corpus,229,KR,,,unknown,low,[],,,low,[],,low,[],general_negligence_personal_injury,high,"[""교통사고"",""주의의무"",""과실""]",True,True,True,True,True,True,False,6,True,"[""주의의무"",""과실"",""상해""]",court_opinion,LBox precedent_corpus provides one opinion text field,False,False,d6044e8c8b5b0eb9f3140d418e91d43f9d69903ccf09cdd7a60fc121fe5eadaa,1685,False,"[""not_high_confidence_supreme"",""decision_date_unknown"",""not_civil_liability_candidate"",""incidental:criminal_case""]",False,[],not_attempted,none,[],FAM_581f96b15d7f4907,KR_196e9e67a1709e272a
KR_1f405f10f90db3756c,lbox/lbox_open,precedent_corpus,238,KR,,,unknown,low,[],,,low,[],,low,[],general_negligence_personal_injury,high,"[""주의의무"",""과실"",""상해""]",True,True,True,True,True,True,True,7,True,"[""주의의무"",""과실"",""상해""]",court_opinion,LBox precedent_corpus provides one opinion text field,False,False,25d23443419314de1af8f950c147f23fdc63a0dd775b9798d1d0c7c4a9b2e821,1422,False,"[""not_high_confidence_supreme"",""decision_date_unknown"",""not_civil_liability_candidate"",""incidental:criminal_case""]",False,[],not_attempted,none,[],FAM_6dcbbc47f7f4d755,KR_1f405f10f90db3756c
KR_b88decc530b1a99797,lbox/lbox_open,precedent_corpus,240,KR,,,unknown,low,[],,,low,[],,low,[],medical_professional_liability,medium,"[""의사""]",True,True,True,True,True,True,True,7,True,"[""손해배상""]",court_opinion,LBox precedent_corpus provides one opinion text field,False,False,98ab84126249c756e363766c14eba3d5a0c844b46468be92aa2fe6f38caf03a6,1696,False,"[""not_high_confidence_supreme"",""decision_date_unknown"",""not_civil_liability_candidate"",""incidental:criminal_case""]",False,[],not_attempted,none,[],FAM_aaec1cd151dd4396,KR_b88decc530b1a99797
KR_fd22f225cec0a98d96,lbox/lbox_open,precedent_corpus,242,KR,,,unknown,low,[],,,low,[],,low,[],medical_professional_liability,high,"[""병원"",""수술"",""의사""]",True,True,True,True,True,True,True,7,True,"[""과실""]",court_opinion,LBox precedent_corpus provides one opinion text field,False,False,f5af8abd1c7f6fde7eceaa4ee6c8937d5d039ffeca96b1d9825ecaa67338eb59,4087,False,"[""not_high_confidence_supreme"",""decision_date_unknown""]",False,[],not_attempted,none,[],FAM_22e08048f9cfb12f,KR_fd22f225cec0a98d96
KR_0bb8c892be83528acf,lbox/lbox_open,precedent_corpus,243,KR,,,unknown,low,[],,,low,[],,low,[],general_negligence_personal_injury,high,"[""주의의무"",""과실""]",True,True,True,True,True,True,False,6,True,"[""주의의무"",""과실"",""사망""]",court_opinion,LBox precedent_corpus provides one opinion text field,False,False,1545b03939f8f0f567322ed54638936d4cf8c8dafb2227ca32d5a68760bc6574,1166,False,"[""not_high_confidence_supreme"",""decision_date_unknown"",""not_civil_liability_candidate"",""incidental:criminal_case"",""opinion_text_too_short""]",False,[],not_attempted,none,[],FAM_4cceee3684bb9f1f,KR_0bb8c892be83528acf
KR_76cbb6ad76c06318b7,lbox/lbox_open,precedent_corpus,244,KR,,,unknown,low,[],,,low,[],,low,[],other_civil_liability,low,[],True,True,True,True,True,True,True,7,True,"[""불법행위"",""손해배상""]",court_opinion,LBox precedent_corpus provides one opinion text field,False,False,64dd6be59c5b034a9496f98b363a00ddbae0bc636cf8c832e3e8fa2992fc361d,4220,False,"[""not_high_confidence_supreme"",""decision_date_unknown"",""not_civil_liability_candidate"",""incidental:criminal_case""]",False,[],not_attempted,none,[],FAM_7ff45e44e5d5f214,KR_76cbb6ad76c06318b7
KR_6ad4109df0d8607389,lbox/lbox_open,precedent_corpus,252,KR,,,unknown,low,[],,,low,[],,low,[],medical_professional_liability,high,"[""의사""]",True,True,True,True,True,True,True,7,True,"[""사망"",""불법행위"",""손해배상"",""과실""]",court_opinion,LBox precedent_corpus provides one opinion text field,False,False,6ec28f94040fd15b2af00d56b4f919428f4452b0301806f545e0e0c582bb0af3,35366,False,"[""not_high_confidence_supreme"",""decision_date_unknown""]",False,[],not_attempted,none,[],FAM_e0fa0dd0ca697b71,KR_6ad4109df0d8607389
KR_360a48eddc257f4661,lbox/lbox_open,precedent_corpus,254,KR,,,unknown,low,[],,,low,[],,low,[],general_negligence_personal_injury,low,"[""사망""]",True,True,True,True,True,True,False,6,True,"[""사망""]",court_opinion,LBox precedent_corpus provides one opinion text field,False,False,03645a3d1ab2a9cdd7c63d67f10d9064c0248cd03ad8727f855d1bae77359880,1152,False,"[""not_high_confidence_supreme"",""decision_date_unknown"",""not_civil_liability_candidate"",""incidental:criminal_case"",""opinion_text_too_short""]",False,[],not_attempted,none,[],FAM_96c2bfcdaae5d12f,KR_360a48eddc257f4661
KR_a773a691164774b160,lbox/lbox_open,precedent_corpus,259,KR,,,unknown,low,"[""supreme_disposition""]",,,low,[],,low,[],other_civil_liability,low,[],True,True,False,True,True,True,False,5,True,"[""손해배상"",""불법행위""]",court_opinion,LBox precedent_corpus provides one opinion text field,False,False,ae94eb77ff5c75964382df0204a770e7f6361e9762a549904e7c972c176c413f,1729,False,"[""not_high_confidence_supreme"",""decision_date_unknown""]",False,[],not_attempted,none,[],FAM_6f75a9e3ef7e3f43,KR_a773a691164774b160
KR_a7138860c998cb9c43,lbox/lbox_open,precedent_corpus,261,KR,,,unknown,low,[],,,low,[],,low,[],general_negligence_personal_injury,high,"[""주의의무"",""과실"",""상해""]",True,True,True,True,True,True,True,7,True,"[""주의의무"",""과실"",""상해""]",court_opinion,LBox precedent_corpus provides one opinion text field,False,False,2b57c96691a6d383c3a7403fd35ebd0581c4390b8f1051d910c0c53f67d29a53,1738,False,"[""not_high_confidence_supreme"",""decision_date_unknown"",""not_civil_liability_candidate"",""incidental:criminal_case""]",False,[],not_attempted,none,[],FAM_445a4e10ace93857,KR_a7138860c998cb9c43
KR_1675b7b806e01e66c5,lbox/lbox_open,precedent_corpus,262,KR,,,unknown,low,[],,,low,[],,low,[],medical_professional_liability,high,"[""의사""]",True,True,True,True,True,True,True,7,True,"[""손해배상"",""불법행위""]",court_opinion,LBox precedent_corpus provides one opinion text field,False,False,6623571d2fddd7512c7c5a65f770f3e7cf49af81acd1c136bb078d343370ae10,7641,False,"[""not_high_confidence_supreme"",""decision_date_unknown"",""not_civil_liability_candidate"",""incidental:criminal_case""]",False,[],not_attempted,none,[],FAM_363569435bb1338c,KR_1675b7b806e01e66c5
KR_a650ddc5d9a9a185d8,lbox/lbox_open,precedent_corpus,268,KR,,,unknown,low,[],,,low,[],,low,[],other_civil_liability,low,[],True,True,True,True,False,True,True,6,False,"[""불법행위""]",court_opinion,LBox precedent_corpus provides one opinion text field,False,False,e34605b51fab7c0cc9c38f04ff846ddeabedc5d8ccb8dafffffdd6b4c5373df5,6045,False,"[""not_high_confidence_supreme"",""decision_date_unknown"",""not_civil_liability_candidate"",""incidental:criminal_case"",""fact_insufficient_before_supplementation""]",False,[],not_attempted,none,[],FAM_312b0b9b66f601af,KR_a650ddc5d9a9a185d8
KR_085834c6a08a6ccfa5,lbox/lbox_open,precedent_corpus,269,KR,,,unknown,low,[],,,low,[],,low,[],general_negligence_personal_injury,high,"[""주의의무"",""과실""]",True,True,True,True,True,True,False,6,True,"[""주의의무"",""과실"",""상해"",""손해배상""]",court_opinion,LBox precedent_corpus provides one opinion text field,False,False,993390eb5c626eaa90d736ba5ae43011472406b30518ec99a1b5f61b89d7a9d1,1711,False,"[""not_high_confidence_supreme"",""decision_date_unknown"",""not_civil_liability_candidate"",""incidental:criminal_case""]",False,[],not_attempted,none,[],FAM_c123384d3b9659c9,KR_085834c6a08a6ccfa5
KR_1225715a24a512bf49,lbox/lbox_open,precedent_corpus,276,KR,,,unknown,low,[],,,low,[],,low,[],general_negligence_personal_injury,low,"[""사망""]",True,True,True,True,True,True,False,6,True,"[""사망""]",court_opinion,LBox precedent_corpus provides one opinion text field,False,False,a1da24385d290c43f1e81ae2f4fdd00343321e6f877f8f3d1c1230f03fe4f243,1617,False,"[""not_high_confidence_supreme"",""decision_date_unknown"",""not_civil_liability_candidate"",""incidental:criminal_case""]",False,[],not_attempted,none,[],FAM_a658ed22bbc1c43a,KR_1225715a24a512bf49
KR_543f1639b6b2bf55f2,lbox/lbox_open,precedent_corpus,281,KR,,,unknown,low,[],,,low,[],,low,[],medical_professional_liability,high,"[""병원"",""간호""]",True,True,True,True,True,True,True,7,True,"[""손해배상"",""사망"",""과실""]",court_opinion,LBox precedent_corpus provides one opinion text field,False,False,9f298ce5644cc86771f74c898a08a74519636c89ccc90dd3f6453fd5a9d68e19,3399,False,"[""not_high_confidence_supreme"",""decision_date_unknown""]",False,[],not_attempted,none,[],FAM_35d59296ca0a9a12,KR_543f1639b6b2bf55f2
KR_2d362389cfbf33736a,lbox/lbox_open,precedent_corpus,282,KR,,,unknown,low,[],,,low,[],,low,[],general_negligence_personal_injury,high,"[""과실"",""주의의무""]",True,True,False,True,True,True,True,6,True,"[""불법행위"",""손해배상"",""과실"",""주의의무""]",court_opinion,LBox precedent_corpus provides one opinion text field,False,False,29ee150873aad42dc1500b43b5cd954798f9454a614d529f065cbf78a992dcce,3135,False,"[""not_high_confidence_supreme"",""decision_date_unknown"",""not_civil_liability_candidate"",""incidental:criminal_case""]",False,[],not_attempted,none,[],FAM_4db98dcb82dfd4d7,KR_2d362389cfbf33736a
KR_f5f7162eac29a24042,lbox/lbox_open,precedent_corpus,283,KR,,,unknown,low,[],,,low,[],,low,[],medical_professional_liability,high,"[""의사""]",True,True,False,True,True,False,True,5,True,"[""사망""]",court_opinion,LBox precedent_corpus provides one opinion text field,False,False,4cf6f796fc41567ffb224a373ed999246b676cac1122d07f2c3ce24eb399cc7e,4158,False,"[""not_high_confidence_supreme"",""decision_date_unknown""]",False,[],not_attempted,none,[],FAM_6d47103976c4d84e,KR_f5f7162eac29a24042
KR_8a8824f214602b1c9b,lbox/lbox_open,precedent_corpus,286,KR,,,unknown,low,[],,,low,[],,low,[],general_negligence_personal_injury,high,"[""과실"",""추락""]",True,True,True,True,True,True,True,7,True,"[""과실"",""주의의무"",""사망""]",court_opinion,LBox precedent_corpus provides one opinion text field,False,False,0896aa7ae93c0c51a98420ce136426681a2cd9d189c78d53af3780da7d25b5f0,3136,False,"[""not_high_confidence_supreme"",""decision_date_unknown"",""not_civil_liability_candidate"",""incidental:criminal_case""]",False,[],not_attempted,none,[],FAM_509130e93f72d566,KR_8a8824f214602b1c9b
KR_5078c7f46124e44628,lbox/lbox_open,precedent_corpus,292,KR,,,unknown,low,"[""supreme_disposition""]",,,low,[],,low,[],general_negligence_personal_injury,high,"[""과실""]",True,True,True,True,True,True,True,7,True,"[""과실""]",court_opinion,LBox precedent_corpus provides one opinion text field,False,False,8ed7aee7ae9e4ecf3e996cf87d20d3680b1c33c10ed39598e4120b952e97fa6e,3511,False,"[""not_high_confidence_supreme"",""decision_date_unknown""]",False,[],not_attempted,none,[],FAM_c00856cf5145cc9e,KR_5078c7f46124e44628
KR_25071e7795468dcf67,lbox/lbox_open,precedent_corpus,297,KR,,,unknown,low,"[""supreme_disposition""]",,,low,[],,low,[],employer_supervisory_vicarious_liability,medium,"[""업무집행""]",True,True,True,True,True,True,True,7,True,"[""상해""]",court_opinion,LBox precedent_corpus provides one opinion text field,False,False,e7d1d861effcf94a7318318682413840ec850f42843516d451e888823a81e193,2767,False,"[""not_high_confidence_supreme"",""decision_date_unknown"",""not_civil_liability_candidate"",""incidental:criminal_case""]",False,[],not_attempted,none,[],FAM_dd69fe2fe34d84ad,KR_25071e7795468dcf67
KR_7450e450becaec4e86,lbox/lbox_open,precedent_corpus,299,KR,,,unknown,low,[],,,low,[],,low,[],general_negligence_personal_injury,high,"[""상해""]",True,True,False,True,True,True,False,5,True,"[""상해""]",court_opinion,LBox precedent_corpus provides one opinion text field,False,False,bf9731a5e8d4c933221bd75c6c2bb10faf6738a49a8486ada4f1766515bd8fa3,517,False,"[""not_high_confidence_supreme"",""decision_date_unknown"",""not_civil_liability_candidate"",""incidental:criminal_case"",""opinion_text_too_short""]",False,[],not_attempted,none,[],FAM_3de475787d3b52d6,KR_7450e450becaec4e86
KR_902b07e297ac3b390c,lbox/lbox_open,precedent_corpus,306,KR,,,unknown,low,[],,,low,[],,low,[],medical_professional_liability,medium,"[""의사""]",True,True,False,True,True,True,True,6,True,"[""사망"",""과실"",""주의의무""]",court_opinion,LBox precedent_corpus provides one opinion text field,False,False,16161ff9befe1f284bc1d5f6a4d4cde0653debf084912901e30abeccaaccce01,4081,False,"[""not_high_confidence_supreme"",""decision_date_unknown""]",False,[],not_attempted,none,[],FAM_992c57360de41f8f,KR_902b07e297ac3b390c
KR_de9c2bfc12bbaa8323,lbox/lbox_open,precedent_corpus,313,KR,,,unknown,low,"[""supreme_disposition""]",,,low,[],,low,[],general_negligence_personal_injury,medium,"[""상해"",""사망""]",True,True,True,True,True,True,True,7,True,"[""상해"",""사망""]",court_opinion,LBox precedent_corpus provides one opinion text field,False,False,24de1a268c61110794b85049c040edb4bb78ed2bc7bfcfcb9d89234f448e6f88,6512,False,"[""not_high_confidence_supreme"",""decision_date_unknown"",""not_civil_liability_candidate"",""incidental:criminal_case""]",False,[],not_attempted,none,[],FAM_a3aae8c153ebaecd,KR_de9c2bfc12bbaa8323
KR_7f3c1e4c085f1573b0,lbox/lbox_open,precedent_corpus,314,KR,,,unknown,low,[],,,low,[],,low,[],general_negligence_personal_injury,medium,"[""상해""]",True,True,True,True,True,False,False,5,True,"[""상해""]",court_opinion,LBox precedent_corpus provides one opinion text field,False,False,443134232b64a9800a3d32d4d58540db0e24df3d0c0e39a5dc69fbc1fd7b425d,1115,False,"[""not_high_confidence_supreme"",""decision_date_unknown"",""not_civil_liability_candidate"",""incidental:criminal_case"",""opinion_text_too_short""]",False,[],not_attempted,none,[],FAM_45993a782efe24e2,KR_7f3c1e4c085f1573b0
KR_750e08fbee36099839,lbox/lbox_open,precedent_corpus,316,KR,,,unknown,low,[],,,low,[],,low,[],general_negligence_personal_injury,high,"[""사망""]",True,True,True,True,True,False,True,6,True,"[""사망"",""과실""]",court_opinion,LBox precedent_corpus provides one opinion text field,False,False,20d8f7d68a89cedba9223bd71e5c79cc05b368620ea662fa2e79a1e10c131ceb,3051,False,"[""not_high_confidence_supreme"",""decision_date_unknown""]",False,[],not_attempted,none,[],FAM_37b7fb77769e66fc,KR_750e08fbee36099839
KR_603f85d87f6d730717,lbox/lbox_open,precedent_corpus,318,KR,,,unknown,low,[],,,low,[],,low,[],other_civil_liability,low,[],True,True,False,True,True,True,True,6,True,"[""불법행위"",""손해배상""]",court_opinion,LBox precedent_corpus provides one opinion text field,False,False,ff6acadd593eeac4952318c0aba0cea373131f0e84e9e9efeb8f29112533a908,3515,False,"[""not_high_confidence_supreme"",""decision_date_unknown""]",False,[],not_attempted,none,[],FAM_e0788315209fbc91,KR_603f85d87f6d730717
KR_1a5f7e871cf68465dd,lbox/lbox_open,precedent_corpus,319,KR,,,unknown,low,[],,,low,[],,low,[],general_negligence_personal_injury,low,"[""사망""]",True,True,False,True,True,True,True,6,True,"[""사망""]",court_opinion,LBox precedent_corpus provides one opinion text field,False,False,3127618def0f490e721dc60a49e00cc47d5183c946cc93c075560da0286548a6,10452,False,"[""not_high_confidence_supreme"",""decision_date_unknown""]",False,[],not_attempted,none,[],FAM_deb2ed86edfbb361,KR_1a5f7e871cf68465dd
KR_7062093b7d9e9e4a6c,lbox/lbox_open,precedent_corpus,322,KR,,,unknown,low,[],,,low,[],,low,[],general_negligence_personal_injury,high,"[""주의의무"",""과실"",""상해""]",True,True,True,True,True,True,False,6,True,"[""주의의무"",""과실"",""상해""]",court_opinion,LBox precedent_corpus provides one opinion text field,False,False,800fefc879fe7700b4984d7fa40d25fb9d2478d36897be1205960b4678d42a50,1685,False,"[""not_high_confidence_supreme"",""decision_date_unknown"",""not_civil_liability_candidate"",""incidental:criminal_case""]",False,[],not_attempted,none,[],FAM_87f42e40c4fa9f70,KR_7062093b7d9e9e4a6c
KR_ef56c5efacf794ee61,lbox/lbox_open,precedent_corpus,323,KR,,대법원,supreme,medium,"[""supreme_disposition"",""supreme_reasoning_marker""]",,,low,[],,low,[],general_negligence_personal_injury,high,"[""상해"",""과실""]",True,True,False,True,True,True,True,6,True,"[""상해"",""사용자책임"",""과실""]",court_opinion,LBox precedent_corpus provides one opinion text field,False,False,a8139676690bfca75a23105faefdab284f410bd542e4568f8dc924c5669c119c,3190,False,"[""not_high_confidence_supreme"",""decision_date_unknown""]",False,[],not_attempted,none,[],FAM_1d5d689e4156f3e3,KR_ef56c5efacf794ee61
KR_28799b5bd3522cd98d,lbox/lbox_open,precedent_corpus,328,KR,,,unknown,low,[],,,low,[],,low,[],general_negligence_personal_injury,low,"[""과실""]",True,True,True,True,False,True,True,6,False,"[""과실""]",court_opinion,LBox precedent_corpus provides one opinion text field,False,False,33db0fbfb743c859e2583d20868aab4b9912e31d1d98a1a9248144b51be24594,1816,False,"[""not_high_confidence_supreme"",""decision_date_unknown"",""not_civil_liability_candidate"",""incidental:administrative_only"",""fact_insufficient_before_supplementation""]",False,[],not_attempted,none,[],FAM_3376ba998d301e46,KR_28799b5bd3522cd98d
KR_d94b10878f2da3f23e,lbox/lbox_open,precedent_corpus,329,KR,,,unknown,low,[],,,low,[],,low,[],other_civil_liability,low,[],True,True,True,True,True,True,True,7,True,"[""손해배상"",""불법행위""]",court_opinion,LBox precedent_corpus provides one opinion text field,False,False,6bd1b37603063aa61c323f7b0e20c288a1518194555b9ce7059a57f051df1432,7735,False,"[""not_high_confidence_supreme"",""decision_date_unknown""]",False,[],not_attempted,none,[],FAM_ceb6e4857dd64847,KR_d94b10878f2da3f23e
KR_0d8407b4a3de7eea8b,lbox/lbox_open,precedent_corpus,330,KR,,대법원,supreme,medium,"[""supreme_disposition"",""supreme_reasoning_marker""]",,,low,[],,low,[],general_negligence_personal_injury,low,"[""사망""]",True,True,True,True,True,True,True,7,True,"[""사망""]",court_opinion,LBox precedent_corpus provides one opinion text field,False,False,b48f29ccaade74d0684a2d8567196e54d7ab6a6cd34dc09b05c2faa215b727be,2927,False,"[""not_high_confidence_supreme"",""decision_date_unknown""]",False,[],not_attempted,none,[],FAM_871aa9b10d0f95ff,KR_0d8407b4a3de7eea8b
KR_4a97ee5953a58b7553,lbox/lbox_open,precedent_corpus,335,KR,,,unknown,low,[],,,low,[],,low,[],general_negligence_personal_injury,low,"[""사망""]",True,True,False,True,True,True,False,5,True,"[""사망""]",court_opinion,LBox precedent_corpus provides one opinion text field,False,False,8f15e1beca378f703f8577feb4cdad90956a322927a03d6e7aafa2c4ce5114d5,1003,False,"[""not_high_confidence_supreme"",""decision_date_unknown"",""not_civil_liability_candidate"",""incidental:criminal_case"",""opinion_text_too_short""]",False,[],not_attempted,none,[],FAM_727664dbdfeb05a4,KR_4a97ee5953a58b7553
KR_f31ad320f8cdd31d29,lbox/lbox_open,precedent_corpus,336,KR,,,unknown,low,[],,,low,[],,low,[],general_negligence_personal_injury,high,"[""상해"",""과실""]",True,True,True,True,True,True,True,7,True,"[""상해"",""과실""]",court_opinion,LBox precedent_corpus provides one opinion text field,False,False,a84b4ca6388b18a05b84555fce719a5c73e3b4d93bcad383def0b0665515edaf,2021,False,"[""not_high_confidence_supreme"",""decision_date_unknown""]",False,[],not_attempted,none,[],FAM_3d51675aff475bb1,KR_f31ad320f8cdd31d29
KR_a4e3784578344c3659,lbox/lbox_open,precedent_corpus,338,KR,,,unknown,low,[],,,low,[],,low,[],general_negligence_personal_injury,high,"[""교통사고"",""과실"",""상해""]",True,True,True,False,True,True,False,5,True,"[""과실"",""상해""]",court_opinion,LBox precedent_corpus provides one opinion text field,False,False,f49ab9cb1d528244d63fe767f7760cfd794968b85c9b13e0c2a351a7467018f4,819,False,"[""not_high_confidence_supreme"",""decision_date_unknown"",""not_civil_liability_candidate"",""incidental:criminal_case"",""opinion_text_too_short""]",False,[],not_attempted,none,[],FAM_ea67c7d7709f5f4c,KR_a4e3784578344c3659
KR_bfae3200f3aebfb852,lbox/lbox_open,precedent_corpus,343,KR,,,unknown,low,[],,,low,[],,low,[],medical_professional_liability,high,"[""의사""]",True,True,True,True,True,True,True,7,True,"[""사망""]",court_opinion,LBox precedent_corpus provides one opinion text field,False,False,47e0c8e82be4464c718d3e2de76b5b7a8f6214fc3490fca31441c54872dc5a23,15829,False,"[""not_high_confidence_supreme"",""decision_date_unknown"",""not_civil_liability_candidate"",""incidental:criminal_case""]",False,[],not_attempted,none,[],FAM_b28cfc28cf429f13,KR_bfae3200f3aebfb852
KR_c0422eb1ae9370c34d,lbox/lbox_open,precedent_corpus,344,KR,,,unknown,low,[],,,low,[],,low,[],general_negligence_personal_injury,high,"[""사망"",""과실""]",True,True,True,True,True,True,True,7,True,"[""손해배상"",""사망"",""과실""]",court_opinion,LBox precedent_corpus provides one opinion text field,False,False,d022a09add8e63c1d1511d1f7935798da01db1d6eaa3a33e508f0e41e1afbf89,4983,False,"[""not_high_confidence_supreme"",""decision_date_unknown""]",False,[],not_attempted,none,[],FAM_a18d49997e23b46f,KR_c0422eb1ae9370c34d
KR_57e0d8566626ccfe64,lbox/lbox_open,precedent_corpus,351,KR,,,unknown,low,"[""supreme_reasoning_marker""]",,,low,[],,low,[],general_negligence_personal_injury,high,"[""주의의무""]",True,True,False,True,True,True,True,6,True,"[""주의의무"",""불법행위"",""손해배상""]",court_opinion,LBox precedent_corpus provides one opinion text field,False,False,567abfb85c602d479a32f4a579c26c8a66d23c1ec866dd59d7aaa54311b4be88,3943,False,"[""not_high_confidence_supreme"",""decision_date_unknown""]",False,[],not_attempted,none,[],FAM_0134f0e36994207e,KR_57e0d8566626ccfe64
KR_ad1d3a037d7a3714bf,lbox/lbox_open,precedent_corpus,353,KR,,대법원,supreme,medium,"[""supreme_disposition"",""supreme_reasoning_marker""]",,,low,[],,low,[],general_negligence_personal_injury,high,"[""과실"",""주의의무""]",True,True,False,True,True,True,True,6,True,"[""손해배상"",""과실"",""주의의무"",""불법행위""]",court_opinion,LBox precedent_corpus provides one opinion text field,False,False,ef468cf09649b9467b3aa2fa6114982c88a244dc2faf45251dd534a9e76e87bc,2872,False,"[""not_high_confidence_supreme"",""decision_date_unknown""]",False,[],not_attempted,none,[],FAM_9d05aeaf77cc261b,KR_ad1d3a037d7a3714bf
KR_d48a7892f32056e968,lbox/lbox_open,precedent_corpus,355,KR,,,unknown,low,[],,,low,[],,low,[],general_negligence_personal_injury,high,"[""사망""]",False,True,False,True,True,False,False,3,False,"[""사망""]",court_opinion,LBox precedent_corpus provides one opinion text field,False,False,3e1d7311f71c13fbc7fc000cccce05e45d202d15deb3b114cf2161507c840605,599,False,"[""not_high_confidence_supreme"",""decision_date_unknown"",""opinion_text_too_short"",""fact_insufficient_before_supplementation""]",False,[],not_attempted,none,[],FAM_dda3215736093fc5,KR_d48a7892f32056e968
KR_0d5fe0016e1d51852d,lbox/lbox_open,precedent_corpus,360,KR,,,unknown,low,[],,,low,[],,low,[],general_negligence_personal_injury,low,"[""과실""]",True,True,False,True,False,False,True,4,False,"[""과실""]",court_opinion,LBox precedent_corpus provides one opinion text field,False,False,c68e603ef487d962d7b7242023098f565e63558e040f2e2ea89c917a5fed1282,1616,False,"[""not_high_confidence_supreme"",""decision_date_unknown"",""fact_insufficient_before_supplementation""]",False,[],not_attempted,none,[],FAM_fd6df6ca812258a3,KR_0d5fe0016e1d51852d
KR_93c5f2627b03d71028,lbox/lbox_open,precedent_corpus,362,KR,,대법원,supreme,medium,"[""supreme_disposition"",""supreme_reasoning_marker""]",,,low,[],,low,[],other_civil_liability,low,[],True,True,True,True,True,True,True,7,True,"[""손해배상""]",court_opinion,LBox precedent_corpus provides one opinion text field,False,False,f1b6cff16cc1aaf7c6a8a9626ba864388ad619b3799581864f5e14ee50ef2848,2389,False,"[""not_high_confidence_supreme"",""decision_date_unknown""]",False,[],not_attempted,none,[],FAM_ba9b767d77e291db,KR_93c5f2627b03d71028
KR_687cb4313851ff5481,lbox/lbox_open,precedent_corpus,370,KR,,,unknown,low,[],,,low,[],,low,[],other_civil_liability,low,[],True,True,False,True,True,False,True,5,True,"[""손해배상""]",court_opinion,LBox precedent_corpus provides one opinion text field,False,False,5fd82d5db5788936e344b831246b78813459e6bdca8c61198aa0071af6750d73,545,False,"[""not_high_confidence_supreme"",""decision_date_unknown"",""opinion_text_too_short""]",False,[],not_attempted,none,[],FAM_a45175f0ae26c047,KR_687cb4313851ff5481
KR_fb1490f9047dda4f02,lbox/lbox_open,precedent_corpus,374,KR,,,unknown,low,[],,,low,[],,low,[],general_negligence_personal_injury,high,"[""상해""]",True,True,True,True,True,True,False,6,True,"[""상해""]",court_opinion,LBox precedent_corpus provides one opinion text field,False,False,6de25518123ce098e347c5c1424f9d2e81a15771d7a2cb2898e7f1892b19732b,1675,False,"[""not_high_confidence_supreme"",""decision_date_unknown"",""not_civil_liability_candidate"",""incidental:criminal_case""]",False,[],not_attempted,none,[],FAM_e81eab0fe8fc1fd7,KR_fb1490f9047dda4f02
KR_bd4d80f95ef6ebe4c7,lbox/lbox_open,precedent_corpus,385,KR,,,unknown,low,[],,,low,[],,low,[],employer_supervisory_vicarious_liability,high,"[""업무집행""]",True,True,True,True,False,True,True,6,False,"[""과실""]",court_opinion,LBox precedent_corpus provides one opinion text field,False,False,d4f6be1cbf6308b6c254e26c4406d10e7902e3ef95185c7bfbf3871e83331137,9760,False,"[""not_high_confidence_supreme"",""decision_date_unknown"",""fact_insufficient_before_supplementation""]",False,[],not_attempted,none,[],FAM_33990e00fa1cc9f3,KR_bd4d80f95ef6ebe4c7
KR_879aa4e9c5ca0298ce,lbox/lbox_open,precedent_corpus,396,KR,,,unknown,low,[],,,low,[],,low,[],general_negligence_personal_injury,medium,"[""사망""]",True,True,True,True,True,True,True,7,True,"[""사망""]",court_opinion,LBox precedent_corpus provides one opinion text field,False,False,f57d1d3cafa439e078143ed3b736bd11abe97b7d0a31eda3d5beaefdb0231963,3262,False,"[""not_high_confidence_supreme"",""decision_date_unknown""]",False,[],not_attempted,none,[],FAM_ae1461686ccd5689,KR_879aa4e9c5ca0298ce
KR_1921a1b8d68608f728,lbox/lbox_open,precedent_corpus,397,KR,,,unknown,low,"[""supreme_disposition""]",,,low,[],,low,[],general_negligence_personal_injury,medium,"[""사망""]",True,True,True,True,True,True,True,7,True,"[""사망""]",court_opinion,LBox precedent_corpus provides one opinion text field,False,False,dee287878a529eba8a729a51ad6ded7f2f2ff17733663dcdfb8065106cc1b3f8,5635,False,"[""not_high_confidence_supreme"",""decision_date_unknown"",""not_civil_liability_candidate"",""incidental:criminal_case""]",False,[],not_attempted,none,[],FAM_8ebfdb951789271e,KR_1921a1b8d68608f728
KR_afa8ad26aee89c6b3f,lbox/lbox_open,precedent_corpus,400,KR,,,unknown,low,[],,,low,[],,low,[],general_negligence_personal_injury,low,"[""사망""]",True,True,True,True,True,True,False,6,True,"[""사망""]",court_opinion,LBox precedent_corpus provides one opinion text field,False,False,194235ae490aeebad40a37f90de9debd126a5013de3f9865ef295369c7a695be,1382,False,"[""not_high_confidence_supreme"",""decision_date_unknown"",""not_civil_liability_candidate"",""incidental:criminal_case""]",False,[],not_attempted,none,[],FAM_eb43ea885913564b,KR_afa8ad26aee89c6b3f
KR_181e2b369aba0cfb15,lbox/lbox_open,precedent_corpus,404,KR,,,unknown,low,[],,,low,[],,low,[],general_negligence_personal_injury,high,"[""추락"",""사망"",""주의의무"",""과실""]",True,True,True,True,True,True,True,7,True,"[""사망"",""손해배상"",""주의의무"",""과실""]",court_opinion,LBox precedent_corpus provides one opinion text field,False,False,f2d7f8b53ea0859cc620a413309319dc03f122cb79f2b6cd92cc2e0f3e39070d,3647,False,"[""not_high_confidence_supreme"",""decision_date_unknown""]",False,[],not_attempted,none,[],FAM_f3022304788b34c7,KR_181e2b369aba0cfb15
KR_5a68c79cdaa92173b5,lbox/lbox_open,precedent_corpus,408,KR,,,unknown,low,[],,,low,[],,low,[],employer_supervisory_vicarious_liability,medium,"[""사용자책임""]",True,True,False,True,True,True,True,6,True,"[""손해배상"",""불법행위"",""사용자책임""]",court_opinion,LBox precedent_corpus provides one opinion text field,False,False,d84b3ecac950c67bef32fe30eab5df98cf57166c2e9134bc294ec310601f5bd7,2201,False,"[""not_high_confidence_supreme"",""decision_date_unknown""]",False,[],not_attempted,none,[],FAM_962121432c0dc867,KR_5a68c79cdaa92173b5
KR_f1c79c049b43206aa7,lbox/lbox_open,precedent_corpus,409,KR,,,unknown,low,"[""supreme_disposition""]",,,low,[],,low,[],general_negligence_personal_injury,high,"[""사망""]",True,True,False,True,True,True,True,6,True,"[""사망""]",court_opinion,LBox precedent_corpus provides one opinion text field,False,False,6dac003c6b83ceac1625b72f068e62cb78a222e0a5ebbeebac2a22dd7d7c4d1c,2502,False,"[""not_high_confidence_supreme"",""decision_date_unknown""]",False,[],not_attempted,none,[],FAM_780798eb6da68ca5,KR_f1c79c049b43206aa7
KR_3916a05e846badc106,lbox/lbox_open,precedent_corpus,413,KR,,,unknown,low,[],,,low,[],,low,[],medical_professional_liability,high,"[""투약""]",True,True,True,True,True,True,True,7,True,"[""과실"",""손해배상"",""사망""]",court_opinion,LBox precedent_corpus provides one opinion text field,False,False,a4101f0a079f24e727e61eca81eda4141fb954a0b085f98ef1a421eb0d32bc2e,5825,False,"[""not_high_confidence_supreme"",""decision_date_unknown"",""not_civil_liability_candidate"",""incidental:criminal_case""]",False,[],not_attempted,none,[],FAM_3ea8f95f83e5142e,KR_3916a05e846badc106
KR_b63f74c656960b7cb9,lbox/lbox_open,precedent_corpus,414,KR,,,unknown,low,[],,,low,[],,low,[],other_civil_liability,low,[],True,True,False,True,True,True,True,6,True,"[""불법행위""]",court_opinion,LBox precedent_corpus provides one opinion text field,False,False,46fa05ce93bafdebd89ad861b49bb9bfc6b036199ba12e978889e7153caa38de,2592,False,"[""not_high_confidence_supreme"",""decision_date_unknown""]",False,[],not_attempted,none,[],FAM_ac588ead3e245a75,KR_b63f74c656960b7cb9
KR_d2be2df658f12f76df,lbox/lbox_open,precedent_corpus,422,KR,,,unknown,low,[],,,low,[],,low,[],medical_professional_liability,high,"[""의사"",""병원""]",True,True,True,True,True,True,True,7,True,"[""주의의무""]",court_opinion,LBox precedent_corpus provides one opinion text field,False,False,1b044c791f15bd0977de3488a0c3ae8cd88796674fb19bc3fedcd2d971ad24e9,17475,False,"[""not_high_confidence_supreme"",""decision_date_unknown"",""not_civil_liability_candidate"",""incidental:criminal_case""]",False,[],not_attempted,none,[],FAM_19d4fa09c21b0e71,KR_d2be2df658f12f76df
KR_06a8ac6cf9c2f180e4,lbox/lbox_open,precedent_corpus,427,KR,,,unknown,low,[],,,low,[],,low,[],medical_professional_liability,high,"[""의사""]",True,True,True,True,True,True,True,7,True,"[""사망"",""손해배상""]",court_opinion,LBox precedent_corpus provides one opinion text field,False,False,64625ba7a97395f6b4710ed18880750587fb9949ac7539c24f71978b695777b0,5138,False,"[""not_high_confidence_supreme"",""decision_date_unknown""]",False,[],not_attempted,none,[],FAM_a4a4869224a2740b,KR_06a8ac6cf9c2f180e4
KR_a5451b9e6309b07163,lbox/lbox_open,precedent_corpus,431,KR,,,unknown,low,[],,,low,[],,low,[],general_negligence_personal_injury,high,"[""상해""]",True,True,False,True,True,True,True,6,True,"[""상해""]",court_opinion,LBox precedent_corpus provides one opinion text field,False,False,8138bdabdde4c74ddbdb561071f897c055dbc2fe1431365deb8ebcc1611feeb3,2380,False,"[""not_high_confidence_supreme"",""decision_date_unknown"",""not_civil_liability_candidate"",""incidental:criminal_case""]",False,[],not_attempted,none,[],FAM_c607f0a8d3989208,KR_a5451b9e6309b07163
KR_f020800f23c1e3fe50,lbox/lbox_open,precedent_corpus,434,KR,,,unknown,low,[],,,low,[],,low,[],general_negligence_personal_injury,low,"[""상해""]",True,True,False,True,True,False,True,5,True,"[""상해""]",court_opinion,LBox precedent_corpus provides one opinion text field,False,False,4636a288a743394ea5c45a25e78dade9f48f383c9bd866f6ae52395fb24ff884,787,False,"[""not_high_confidence_supreme"",""decision_date_unknown"",""not_civil_liability_candidate"",""incidental:criminal_case"",""opinion_text_too_short""]",False,[],not_attempted,none,[],FAM_8c2d4134ec10df79,KR_f020800f23c1e3fe50
KR_76bdc04bf89916577d,lbox/lbox_open,precedent_corpus,436,KR,,,unknown,low,[],,,low,[],,low,[],general_negligence_personal_injury,high,"[""주의의무"",""과실"",""상해""]",True,True,True,True,True,True,True,7,True,"[""주의의무"",""과실"",""상해""]",court_opinion,LBox precedent_corpus provides one opinion text field,False,False,679d2e22b6529406863895570f918be19b60054e792d718bbec8bcfcbbb8b2d9,1989,False,"[""not_high_confidence_supreme"",""decision_date_unknown"",""not_civil_liability_candidate"",""incidental:criminal_case""]",False,[],not_attempted,none,[],FAM_3bdab215e2052b71,KR_76bdc04bf89916577d
KR_d3a7712a7f7272767a,lbox/lbox_open,precedent_corpus,437,KR,,,unknown,low,[],,,low,[],,low,[],medical_professional_liability,high,"[""의사""]",True,True,True,True,True,True,True,7,True,"[""손해배상""]",court_opinion,LBox precedent_corpus provides one opinion text field,False,False,4e06eac7501b516b9bbde8e4ad78194aa72c68154fb557134b54e6bf952ec8af,6988,False,"[""not_high_confidence_supreme"",""decision_date_unknown""]",False,[],not_attempted,none,[],FAM_1969a5b5d51957cc,KR_d3a7712a7f7272767a
KR_921e66944396842393,lbox/lbox_open,precedent_corpus,440,KR,,,unknown,low,[],,,low,[],,low,[],general_negligence_personal_injury,high,"[""사망"",""과실""]",True,True,False,True,True,True,True,6,True,"[""사망"",""과실""]",court_opinion,LBox precedent_corpus provides one opinion text field,False,False,558405762d4aa07fcd0ad161257f1b89a74d9133aa5c9f8f598c58da635d5db7,850,False,"[""not_high_confidence_supreme"",""decision_date_unknown"",""opinion_text_too_short""]",False,[],not_attempted,none,[],FAM_4692c40b9a807a28,KR_921e66944396842393
KR_c65fb1d76c157a3bc8,lbox/lbox_open,precedent_corpus,444,KR,,,unknown,low,"[""supreme_disposition""]",,,low,[],,low,[],general_negligence_personal_injury,high,"[""교통사고"",""상해""]",True,True,True,True,True,True,True,7,True,"[""상해"",""과실""]",court_opinion,LBox precedent_corpus provides one opinion text field,False,False,9577f49cc81d0c4f02e2dd460a3e31433e1721a9809188297d89deeded091308,2238,False,"[""not_high_confidence_supreme"",""decision_date_unknown"",""not_civil_liability_candidate"",""incidental:criminal_case""]",False,[],not_attempted,none,[],FAM_d80fba3e8a16e6c2,KR_c65fb1d76c157a3bc8
KR_a3c521cf0dece7ad9d,lbox/lbox_open,precedent_corpus,445,KR,,,unknown,low,"[""supreme_reasoning_marker""]",,,low,[],,low,[],general_negligence_personal_injury,high,"[""사망""]",True,True,False,True,True,False,False,4,False,"[""사망""]",court_opinion,LBox precedent_corpus provides one opinion text field,False,False,ded50a66bd387d1fc980a955e0e1dc9c2afdde7aca63fee7685ce9c9780a7b41,2440,False,"[""not_high_confidence_supreme"",""decision_date_unknown"",""fact_insufficient_before_supplementation""]",False,[],not_attempted,none,[],FAM_f32dcdea8ebc0bc5,KR_a3c521cf0dece7ad9d
KR_6367f3e4363fcaf9d8,lbox/lbox_open,precedent_corpus,449,KR,,,unknown,low,[],,,low,[],,low,[],general_negligence_personal_injury,low,"[""과실""]",True,True,True,True,True,True,True,7,True,"[""손해배상"",""과실""]",court_opinion,LBox precedent_corpus provides one opinion text field,False,False,c5af5e1480af237a301dd43aae21d7830885959b40fc9436845f733a22bfe584,3685,False,"[""not_high_confidence_supreme"",""decision_date_unknown""]",False,[],not_attempted,none,[],FAM_4a51b2e8829b03c5,KR_6367f3e4363fcaf9d8
KR_80b5921d7ff69bc3da,lbox/lbox_open,precedent_corpus,453,KR,,,unknown,low,[],,,low,[],,low,[],medical_professional_liability,high,"[""의사""]",True,True,True,True,True,True,True,7,True,"[""사망""]",court_opinion,LBox precedent_corpus provides one opinion text field,False,False,8c551c70d81f3a52947ae553551b42597c19f56fd7930a68ae6a1faaa83c6e9a,4666,False,"[""not_high_confidence_supreme"",""decision_date_unknown"",""not_civil_liability_candidate"",""incidental:criminal_case""]",False,[],not_attempted,none,[],FAM_6d70836416eb888f,KR_80b5921d7ff69bc3da
KR_71b7a3052da73c20d9,lbox/lbox_open,precedent_corpus,457,KR,,대법원,supreme,medium,"[""supreme_disposition"",""supreme_reasoning_marker""]",,,low,[],,low,[],medical_professional_liability,medium,"[""의사""]",True,True,False,True,False,True,True,5,False,"[""과실"",""주의의무""]",court_opinion,LBox precedent_corpus provides one opinion text field,False,False,53de60ef4ec1071260bef2d1a9e1ce3917f1403bae118782cf6c0d082597c8f2,5360,False,"[""not_high_confidence_supreme"",""decision_date_unknown"",""fact_insufficient_before_supplementation""]",False,[],not_attempted,none,[],FAM_63f1f1cd4eea7dd1,KR_71b7a3052da73c20d9
KR_490494236fda923aac,lbox/lbox_open,precedent_corpus,458,KR,,,unknown,low,[],,,low,[],,low,[],general_negligence_personal_injury,high,"[""사망"",""과실""]",True,True,True,True,True,True,True,7,True,"[""사망"",""손해배상"",""과실"",""불법행위""]",court_opinion,LBox precedent_corpus provides one opinion text field,False,False,9ab181fbf22cb2327782d1f61ca9e69115c0ba17bff464c3434434e7b1d71e65,8596,False,"[""not_high_confidence_supreme"",""decision_date_unknown""]",False,[],not_attempted,none,[],FAM_1ac09b4c61bf8153,KR_490494236fda923aac
KR_19b40443a847e8b6b7,lbox/lbox_open,precedent_corpus,459,KR,,,unknown,low,[],,,low,[],,low,[],general_negligence_personal_injury,low,"[""사망""]",True,True,True,True,True,True,True,7,True,"[""사망""]",court_opinion,LBox precedent_corpus provides one opinion text field,False,False,355275f0d1548a4dfec4471d2855a8ef729719aa55172830b99842e4953dd830,1357,False,"[""not_high_confidence_supreme"",""decision_date_unknown"",""not_civil_liability_candidate"",""incidental:criminal_case""]",False,[],not_attempted,none,[],FAM_72dc5b52c96d6245,KR_19b40443a847e8b6b7
KR_270558b8bf1052bc1a,lbox/lbox_open,precedent_corpus,460,KR,,,unknown,low,[],,,low,[],,low,[],general_negligence_personal_injury,high,"[""사망"",""과실""]",True,True,True,True,True,True,True,7,True,"[""사망"",""손해배상"",""과실"",""불법행위""]",court_opinion,LBox precedent_corpus provides one opinion text field,False,False,48f158a4e7769d0d668d9d07b9533d654393348bffbcc88cc9abd55fbc5db755,4387,False,"[""not_high_confidence_supreme"",""decision_date_unknown""]",False,[],not_attempted,none,[],FAM_d1b3de32312d133b,KR_270558b8bf1052bc1a
KR_43a9768b1a47e680ec,lbox/lbox_open,precedent_corpus,462,KR,,,unknown,low,[],,,low,[],,low,[],other_civil_liability,low,[],True,True,True,True,True,True,True,7,True,"[""손해배상""]",court_opinion,LBox precedent_corpus provides one opinion text field,False,False,8688a600291f165233fdc6ab404de07dea3f81f270d085c01a682e96db5ebf08,4351,False,"[""not_high_confidence_supreme"",""decision_date_unknown""]",False,[],not_attempted,none,[],FAM_ebe2b06f9cc839d2,KR_43a9768b1a47e680ec
KR_80b1f5d18dbbbeb542,lbox/lbox_open,precedent_corpus,466,KR,,,unknown,low,[],,,low,[],,low,[],general_negligence_personal_injury,medium,"[""사망"",""상해""]",True,True,False,True,True,True,True,6,True,"[""사망"",""상해""]",court_opinion,LBox precedent_corpus provides one opinion text field,False,False,e2f6d57a0a9867d9192a47cbd3c5634443aec8a3f82eb32c07ba0c3fbc118d96,1382,False,"[""not_high_confidence_supreme"",""decision_date_unknown"",""not_civil_liability_candidate"",""incidental:criminal_case""]",False,[],not_attempted,none,[],FAM_fe2b48cadda5b155,KR_80b1f5d18dbbbeb542
KR_05e86c3f4a5f3525ed,lbox/lbox_open,precedent_corpus,467,KR,,,unknown,low,[],,,low,[],,low,[],medical_professional_liability,high,"[""의사""]",True,True,True,True,True,True,True,7,True,"[""상해""]",court_opinion,LBox precedent_corpus provides one opinion text field,False,False,80c679881a4f70183694c0d0d162011a2ff129c8defd3e985edcdfb6ce83fa85,4605,False,"[""not_high_confidence_supreme"",""decision_date_unknown"",""not_civil_liability_candidate"",""incidental:criminal_case""]",False,[],not_attempted,none,[],FAM_25c15f7a470d74be,KR_05e86c3f4a5f3525ed
KR_98aa9205cd23e3e607,lbox/lbox_open,precedent_corpus,469,KR,,,unknown,low,"[""supreme_reasoning_marker""]",,,low,[],,low,[],medical_professional_liability,medium,"[""의사""]",True,True,True,True,True,True,True,7,True,"[""손해배상"",""불법행위"",""사망"",""주의의무"",""과실""]",court_opinion,LBox precedent_corpus provides one opinion text field,False,False,988c5edb0213e433db4906d412eeb910d444785fda5719cd8c75678d26bf3e95,3325,False,"[""not_high_confidence_supreme"",""decision_date_unknown""]",False,[],not_attempted,none,[],FAM_defbe78e67f0b467,KR_98aa9205cd23e3e607
KR_be580928ea96423735,lbox/lbox_open,precedent_corpus,479,KR,,,unknown,low,[],,,low,[],,low,[],general_negligence_personal_injury,low,"[""과실""]",True,True,True,True,True,True,True,7,True,"[""불법행위"",""과실"",""손해배상""]",court_opinion,LBox precedent_corpus provides one opinion text field,False,False,dee7c8a74da3130843afc31cf58026c61e5bb9c7be10bfa141d975489845e0fe,2659,False,"[""not_high_confidence_supreme"",""decision_date_unknown""]",False,[],not_attempted,none,[],FAM_74b4b0318c3a3434,KR_be580928ea96423735
KR_b15b33943914260cce,lbox/lbox_open,precedent_corpus,489,KR,,,unknown,low,[],,,low,[],,low,[],general_negligence_personal_injury,low,"[""사망""]",True,True,False,True,True,True,False,5,True,"[""사망""]",court_opinion,LBox precedent_corpus provides one opinion text field,False,False,0d3325f0398e5704bca03ee7375e8c08d79f9a60ff1d15444a840bd60a4154ac,2749,False,"[""not_high_confidence_supreme"",""decision_date_unknown""]",False,[],not_attempted,none,[],FAM_2a094df478603959,KR_b15b33943914260cce
KR_67aef97a3ce2fc3fc0,lbox/lbox_open,precedent_corpus,501,KR,,,unknown,low,[],,,low,[],,low,[],general_negligence_personal_injury,low,"[""상해""]",True,False,False,True,True,True,True,5,False,"[""상해""]",court_opinion,LBox precedent_corpus provides one opinion text field,False,False,f235513f83e3f98c53d9ac921d2b35a07db158b825032323d03a5651469783df,627,False,"[""not_high_confidence_supreme"",""decision_date_unknown"",""not_civil_liability_candidate"",""incidental:criminal_case"",""opinion_text_too_short"",""fact_insufficient_before_supplementation""]",False,[],not_attempted,none,[],FAM_c8c251abf147edb9,KR_67aef97a3ce2fc3fc0
KR_1596969d9f155cb559,lbox/lbox_open,precedent_corpus,502,KR,,,unknown,low,[],,,low,[],,low,[],general_negligence_personal_injury,high,"[""상해""]",True,True,True,True,True,True,True,7,True,"[""상해""]",court_opinion,LBox precedent_corpus provides one opinion text field,False,False,fbc0871b15802eae47d3410c18fcd4aa9330a224863f94edcf420c9cebe1d271,984,False,"[""not_high_confidence_supreme"",""decision_date_unknown"",""not_civil_liability_candidate"",""incidental:criminal_case"",""opinion_text_too_short""]",False,[],not_attempted,none,[],FAM_68ca41a74a597f3a,KR_1596969d9f155cb559
KR_87e18aa8373dea83ff,lbox/lbox_open,precedent_corpus,503,KR,,,unknown,low,[],,,low,[],,low,[],medical_professional_liability,medium,"[""의사""]",True,True,True,True,True,True,True,7,True,"[""불법행위"",""손해배상"",""과실""]",court_opinion,LBox precedent_corpus provides one opinion text field,False,False,d838126cb3878f88c6f049d09d546723f9bdb5a06204bfa04436a06e855b32ae,7451,False,"[""not_high_confidence_supreme"",""decision_date_unknown""]",False,[],not_attempted,none,[],FAM_4acb04dfca039d65,KR_87e18aa8373dea83ff
KR_cbdfacec038834e0a1,lbox/lbox_open,precedent_corpus,507,KR,,대법원,supreme,medium,"[""supreme_disposition"",""supreme_reasoning_marker""]",,,low,[],,low,[],general_negligence_personal_injury,low,"[""사망""]",True,True,True,True,True,True,True,7,True,"[""사망""]",court_opinion,LBox precedent_corpus provides one opinion text field,False,False,bfe56b0b9abd1a7e04b796ae92d953f9921f4c45abf6273eb1aab65e18adef4a,1094,False,"[""not_high_confidence_supreme"",""decision_date_unknown"",""opinion_text_too_short""]",False,[],not_attempted,none,[],FAM_6ca0db31ea5df9b6,KR_cbdfacec038834e0a1
KR_74c15898cfb3dc5751,lbox/lbox_open,precedent_corpus,509,KR,,대법원,supreme,medium,"[""supreme_disposition"",""supreme_reasoning_marker""]",,,low,[],,low,[],general_negligence_personal_injury,low,"[""사망""]",True,True,False,True,True,False,True,5,True,"[""사망""]",court_opinion,LBox precedent_corpus provides one opinion text field,False,False,72956d012b5442171d67bd5b2f02cc4cfcfdbcc90c25affd893e6e33b7c4a736,1667,False,"[""not_high_confidence_supreme"",""decision_date_unknown""]",False,[],not_attempted,none,[],FAM_b32d823d7de5267d,KR_74c15898cfb3dc5751
KR_ada2bf6f5dd88fe8fb,lbox/lbox_open,precedent_corpus,511,KR,,,unknown,low,[],,,low,[],,low,[],general_negligence_personal_injury,high,"[""교통사고"",""사망"",""과실""]",True,True,False,True,True,True,True,6,True,"[""사망"",""불법행위"",""과실"",""손해배상""]",court_opinion,LBox precedent_corpus provides one opinion text field,False,False,dc4400b0c4db27d3594273488da0cf87b552199a868a793dc98d566287025f4c,1728,False,"[""not_high_confidence_supreme"",""decision_date_unknown""]",False,[],not_attempted,none,[],FAM_2f9992017c07f147,KR_ada2bf6f5dd88fe8fb
KR_b75072712e9dca9703,lbox/lbox_open,precedent_corpus,515,KR,,대법원,supreme,medium,"[""supreme_disposition"",""supreme_reasoning_marker""]",,,low,[],,low,[],general_negligence_personal_injury,medium,"[""과실"",""교통사고""]",True,True,True,True,True,True,False,6,True,"[""손해배상"",""과실""]",court_opinion,LBox precedent_corpus provides one opinion text field,False,False,3ce27d2e645f1ea00916d42376ebff0e04c62e015ac445b5448fddf0d88d8a6d,1200,False,"[""not_high_confidence_supreme"",""decision_date_unknown""]",False,[],not_attempted,none,[],FAM_17cc7f35f4b356aa,KR_b75072712e9dca9703
KR_e7b4ab31a280dcd994,lbox/lbox_open,precedent_corpus,519,KR,,,unknown,low,[],,,low,[],,low,[],general_negligence_personal_injury,low,"[""사망""]",True,True,True,True,True,True,True,7,True,"[""사망""]",court_opinion,LBox precedent_corpus provides one opinion text field,False,False,446153e4897bfb7357fc2f961482b818019b6ae50714885ea2d2c0275e8c30d7,2792,False,"[""not_high_confidence_supreme"",""decision_date_unknown"",""not_civil_liability_candidate"",""incidental:criminal_case""]",False,[],not_attempted,none,[],FAM_5eeeabfda165b7dd,KR_e7b4ab31a280dcd994
KR_817f07cd00f415292e,lbox/lbox_open,precedent_corpus,524,KR,,,unknown,low,[],,,low,[],,low,[],general_negligence_personal_injury,high,"[""교통사고"",""과실"",""상해""]",True,True,True,True,True,True,True,7,True,"[""손해배상"",""과실"",""상해"",""불법행위""]",court_opinion,LBox precedent_corpus provides one opinion text field,False,False,449283ac470da15e973f76c05fa641381503b48a7830ea43c5e59a6bb9581212,4735,False,"[""not_high_confidence_supreme"",""decision_date_unknown""]",False,[],not_attempted,none,[],FAM_976cda1d718b0dd1,KR_817f07cd00f415292e
KR_098f855bee05efb80d,lbox/lbox_open,precedent_corpus,531,KR,,,unknown,low,"[""supreme_reasoning_marker""]",,,low,[],,low,[],general_negligence_personal_injury,low,"[""과실""]",True,True,False,True,False,True,True,5,False,"[""과실""]",court_opinion,LBox precedent_corpus provides one opinion text field,False,False,916b6ac760e2b870dd1986eeaf5c7bff4c92d3dfa210d0228f3d5b9c72067048,5339,False,"[""not_high_confidence_supreme"",""decision_date_unknown"",""fact_insufficient_before_supplementation""]",False,[],not_attempted,none,[],FAM_fb23e38e837832a5,KR_098f855bee05efb80d
KR_701f3bbc9ac25e6431,lbox/lbox_open,precedent_corpus,537,KR,,,unknown,low,[],,,low,[],,low,[],medical_professional_liability,high,"[""의사""]",True,True,True,True,True,True,True,7,True,"[""불법행위"",""손해배상"",""과실""]",court_opinion,LBox precedent_corpus provides one opinion text field,False,False,a3aa4795a973e3fa53ff4cedbf7f52e9e10ece90d9ea5bd0a6754e3962cfea91,11205,False,"[""not_high_confidence_supreme"",""decision_date_unknown"",""not_civil_liability_candidate"",""incidental:criminal_case""]",False,[],not_attempted,none,[],FAM_2067f102d2c682d1,KR_701f3bbc9ac25e6431
KR_48b4a8dcbbdbb9e856,lbox/lbox_open,precedent_corpus,540,KR,,,unknown,low,[],,,low,[],,low,[],general_negligence_personal_injury,high,"[""주의의무"",""과실"",""상해""]",True,True,True,True,True,True,True,7,True,"[""주의의무"",""과실"",""상해""]",court_opinion,LBox precedent_corpus provides one opinion text field,False,False,337627607e09872fc40436f880ed485243c7e58de4b795ed7f020b23053f508e,1651,False,"[""not_high_confidence_supreme"",""decision_date_unknown"",""not_civil_liability_candidate"",""incidental:criminal_case""]",False,[],not_attempted,none,[],FAM_aefe317e976414b7,KR_48b4a8dcbbdbb9e856
KR_1108f2eca850cd4db5,lbox/lbox_open,precedent_corpus,544,KR,,,unknown,low,[],,,low,[],,low,[],medical_professional_liability,medium,"[""의사""]",True,True,False,True,True,True,True,6,True,"[""상해""]",court_opinion,LBox precedent_corpus provides one opinion text field,False,False,2ccc7d3769c1c7406bee2cb6d0a24634b4420d9c1cecdef00c791ccbbd4da406,2422,False,"[""not_high_confidence_supreme"",""decision_date_unknown"",""not_civil_liability_candidate"",""incidental:criminal_case""]",False,[],not_attempted,none,[],FAM_fa183ba279146d52,KR_1108f2eca850cd4db5
KR_88ff0ef42f2c38f095,lbox/lbox_open,precedent_corpus,549,KR,,,unknown,low,[],,,low,[],,low,[],general_negligence_personal_injury,high,"[""사망""]",True,True,True,True,True,True,True,7,True,"[""사망""]",court_opinion,LBox precedent_corpus provides one opinion text field,False,False,4d7000e6bc621d5d0506f1da45387edd047eadd2e3c82797dcdb47e9f9a9d1a5,8328,False,"[""not_high_confidence_supreme"",""decision_date_unknown""]",False,[],not_attempted,none,[],FAM_01a60ad6e01b01b2,KR_88ff0ef42f2c38f095
KR_bc86125354651d568a,lbox/lbox_open,precedent_corpus,550,KR,,,unknown,low,[],,,low,[],,low,[],medical_professional_liability,high,"[""의사""]",True,True,True,True,True,True,True,7,True,"[""손해배상""]",court_opinion,LBox precedent_corpus provides one opinion text field,False,False,00608a23924040881b2df4c66b07a8208544dd9eaaada474d3d2345ba2256d06,17041,False,"[""not_high_confidence_supreme"",""decision_date_unknown""]",False,[],not_attempted,none,[],FAM_38cd5dc370b4b742,KR_bc86125354651d568a
KR_225af142e15c0ffcdc,lbox/lbox_open,precedent_corpus,552,KR,,,unknown,low,[],,,low,[],,low,[],medical_professional_liability,high,"[""병원""]",True,True,True,True,True,True,True,7,True,"[""손해배상"",""불법행위"",""사망"",""상해""]",court_opinion,LBox precedent_corpus provides one opinion text field,False,False,79d361d7210bbc690299c86eadab91271ab458aeee6a611bea580a3b1fa1e7a6,6694,False,"[""not_high_confidence_supreme"",""decision_date_unknown""]",False,[],not_attempted,none,[],FAM_fc7c0d999cc5cb50,KR_225af142e15c0ffcdc
KR_511765d2051d874bd4,lbox/lbox_open,precedent_corpus,555,KR,,대법원,supreme,medium,"[""supreme_disposition"",""supreme_reasoning_marker""]",,,low,[],,low,[],general_negligence_personal_injury,low,"[""과실""]",True,True,True,True,True,True,True,7,True,"[""손해배상"",""과실""]",court_opinion,LBox precedent_corpus provides one opinion text field,False,False,0597e5405bf5678a11d118b7b4f5ad4205e8649c20b4c06fe144e35ef32d7fad,2988,False,"[""not_high_confidence_supreme"",""decision_date_unknown""]",False,[],not_attempted,none,[],FAM_c0ba6457fdae2500,KR_511765d2051d874bd4
KR_a640fb6cfd8a12a8dd,lbox/lbox_open,precedent_corpus,560,KR,,,unknown,low,[],,,low,[],,low,[],general_negligence_personal_injury,high,"[""과실""]",True,True,False,True,True,False,True,5,True,"[""과실""]",court_opinion,LBox precedent_corpus provides one opinion text field,False,False,5224d601cb0c4e47fbeafc2b5ad8a4baf5602653d2dffbd059c8e5638c20b1a7,1568,False,"[""not_high_confidence_supreme"",""decision_date_unknown""]",False,[],not_attempted,none,[],FAM_da64f5753942840e,KR_a640fb6cfd8a12a8dd
KR_22c79a2a7a52007cab,lbox/lbox_open,precedent_corpus,567,KR,,,unknown,low,[],,,low,[],,low,[],other_civil_liability,low,[],True,True,False,True,True,True,True,6,True,"[""손해배상""]",court_opinion,LBox precedent_corpus provides one opinion text field,False,False,c98c81e48fe9aacd41598a658e28d958162cd6ccc4edd6386db69f62348ba2ee,7346,False,"[""not_high_confidence_supreme"",""decision_date_unknown"",""not_civil_liability_candidate"",""incidental:criminal_case""]",False,[],not_attempted,none,[],FAM_e37894037d8796cb,KR_22c79a2a7a52007cab
KR_28ba41e0204ab969fe,lbox/lbox_open,precedent_corpus,571,KR,,,unknown,low,[],,,low,[],,low,[],medical_professional_liability,high,"[""수술"",""병원""]",True,True,True,True,True,True,True,7,True,"[""상해"",""손해배상"",""과실""]",court_opinion,LBox precedent_corpus provides one opinion text field,False,False,585c2b2dc51a5c664a5b632beeba34c3099da0f1e4983a367f12bf094752373b,4961,False,"[""not_high_confidence_supreme"",""decision_date_unknown""]",False,[],not_attempted,none,[],FAM_69a713f03ba8c540,KR_28ba41e0204ab969fe
KR_4e5b0b5254c94e63b7,lbox/lbox_open,precedent_corpus,572,KR,,대법원,supreme,medium,"[""supreme_disposition"",""supreme_reasoning_marker""]",,,low,[],,low,[],medical_professional_liability,high,"[""의사""]",True,True,True,True,True,True,True,7,True,"[""손해배상"",""과실"",""상해""]",court_opinion,LBox precedent_corpus provides one opinion text field,False,False,dafa13e732e1cd10c01bf11a084cfd7b12964e1bc22193d400ce6a150c9da354,3494,False,"[""not_high_confidence_supreme"",""decision_date_unknown""]",False,[],not_attempted,none,[],FAM_c2e08a23204f9e5a,KR_4e5b0b5254c94e63b7
KR_f80ee4cb63ff431b79,lbox/lbox_open,precedent_corpus,573,KR,,,unknown,low,[],,,low,[],,low,[],medical_professional_liability,medium,"[""의사""]",True,True,True,True,True,True,True,7,True,"[""손해배상""]",court_opinion,LBox precedent_corpus provides one opinion text field,False,False,d26cdc9e47976aa08452f14693ba7bb854b52c43936f806895bf47721cace4a7,2829,False,"[""not_high_confidence_supreme"",""decision_date_unknown""]",False,[],not_attempted,none,[],FAM_833d0fbdf02a2990,KR_f80ee4cb63ff431b79
KR_3636492c0e26435205,lbox/lbox_open,precedent_corpus,579,KR,,,unknown,low,[],,,low,[],,low,[],other_civil_liability,low,[],True,True,True,True,True,True,True,7,True,"[""손해배상""]",court_opinion,LBox precedent_corpus provides one opinion text field,False,False,714ea09ac44cd9a3fad1ac387a2f0f3de08007b0ce573601a178ff7528c531d3,1789,False,"[""not_high_confidence_supreme"",""decision_date_unknown""]",False,[],not_attempted,none,[],FAM_666f4df8a09f05d8,KR_3636492c0e26435205
KR_87be553da6d824e409,lbox/lbox_open,precedent_corpus,580,KR,,,unknown,low,"[""supreme_reasoning_marker""]",,,low,[],,low,[],other_civil_liability,low,[],True,True,False,True,True,True,True,6,True,"[""손해배상""]",court_opinion,LBox precedent_corpus provides one opinion text field,False,False,b0959c0aafe43b097f6b5ba1b1860e84b53d90868153f4d8e26640725c49ad08,3398,False,"[""not_high_confidence_supreme"",""decision_date_unknown"",""not_civil_liability_candidate"",""incidental:administrative_only""]",False,[],not_attempted,none,[],FAM_5d1cdffd4b62375a,KR_87be553da6d824e409
KR_4a94ad92cca4b785df,lbox/lbox_open,precedent_corpus,591,KR,,대법원,supreme,medium,"[""supreme_disposition"",""supreme_reasoning_marker""]",,,low,[],,low,[],general_negligence_personal_injury,low,"[""상해""]",True,True,False,True,True,False,False,4,False,"[""상해""]",court_opinion,LBox precedent_corpus provides one opinion text field,False,False,22d757b157e3ad0bea894ce77faf2c530a5298c0f9b2bbefff8303ca53b5b62f,300,False,"[""not_high_confidence_supreme"",""decision_date_unknown"",""opinion_text_too_short"",""fact_insufficient_before_supplementation""]",False,[],not_attempted,none,[],FAM_99ea673872875d8c,KR_4a94ad92cca4b785df
KR_6b34548560e03073c8,lbox/lbox_open,precedent_corpus,593,KR,,,unknown,low,"[""supreme_disposition""]",,,low,[],,low,[],other_civil_liability,low,[],True,False,True,False,True,True,False,4,False,"[""손해배상""]",court_opinion,LBox precedent_corpus provides one opinion text field,False,False,20bb507364d65983c4b10a3568a674fa01a934cd0b00fdd529c55e584a628494,815,False,"[""not_high_confidence_supreme"",""decision_date_unknown"",""opinion_text_too_short"",""fact_insufficient_before_supplementation""]",False,[],not_attempted,none,[],FAM_aea85f0c1ff7824a,KR_6b34548560e03073c8
KR_6c4bd96d041c27146a,lbox/lbox_open,precedent_corpus,609,KR,,,unknown,low,[],,,low,[],,low,[],general_negligence_personal_injury,medium,"[""교통사고"",""상해""]",True,True,True,True,True,True,True,7,True,"[""상해"",""손해배상""]",court_opinion,LBox precedent_corpus provides one opinion text field,False,False,6052a19fd924b250c39f77d44947b75f33f5e14efcbdb483544878c711a02397,3204,False,"[""not_high_confidence_supreme"",""decision_date_unknown""]",False,[],not_attempted,none,[],FAM_ee884894d68714ec,KR_6c4bd96d041c27146a
KR_1f750da5ef4f3b2ea7,lbox/lbox_open,precedent_corpus,614,KR,,,unknown,low,[],,,low,[],,low,[],medical_professional_liability,high,"[""의사""]",True,True,True,True,True,True,True,7,True,"[""과실""]",court_opinion,LBox precedent_corpus provides one opinion text field,False,False,682e0a701166a22535673ba36f95cec837c7ae7739caaaf018693f130feb1ec3,4028,False,"[""not_high_confidence_supreme"",""decision_date_unknown""]",False,[],not_attempted,none,[],FAM_c7095ae79d79b759,KR_1f750da5ef4f3b2ea7
KR_26aec690b8efe9c629,lbox/lbox_open,precedent_corpus,616,KR,,,unknown,low,[],,,low,[],,low,[],other_civil_liability,low,[],True,True,False,True,True,True,True,6,True,"[""손해배상""]",court_opinion,LBox precedent_corpus provides one opinion text field,False,False,e0852c291b3849c8d62898aa8394c1edb2f5c3bb3a7d80af258a810c47eca6de,1657,False,"[""not_high_confidence_supreme"",""decision_date_unknown""]",False,[],not_attempted,none,[],FAM_285ff2911a2a7f48,KR_26aec690b8efe9c629
KR_0fb90e8ef75b40f93b,lbox/lbox_open,precedent_corpus,621,KR,,,unknown,low,[],,,low,[],,low,[],general_negligence_personal_injury,high,"[""교통사고"",""주의의무"",""과실""]",True,True,True,True,True,True,False,6,True,"[""주의의무"",""과실"",""상해""]",court_opinion,LBox precedent_corpus provides one opinion text field,False,False,5782f86db2d6776458247b2500f9ffda1960725406fd12dcad520941d69845d2,3527,False,"[""not_high_confidence_supreme"",""decision_date_unknown"",""not_civil_liability_candidate"",""incidental:criminal_case""]",False,[],not_attempted,none,[],FAM_6cf0f3732e834a07,KR_0fb90e8ef75b40f93b
KR_41eb81902ee57e15e2,lbox/lbox_open,precedent_corpus,628,KR,,,unknown,low,"[""supreme_reasoning_marker""]",,,low,[],,low,[],other_civil_liability,low,[],True,True,True,True,True,True,True,7,True,"[""손해배상""]",court_opinion,LBox precedent_corpus provides one opinion text field,False,False,6bee39f06b31e14162f86e7fc5292a44ce129b1ae4345d165f56c8a27ceec747,3646,False,"[""not_high_confidence_supreme"",""decision_date_unknown""]",False,[],not_attempted,none,[],FAM_37d3431f657d7042,KR_41eb81902ee57e15e2
KR_e7d1bfd6fe86153225,lbox/lbox_open,precedent_corpus,629,KR,,,unknown,low,[],,,low,[],,low,[],medical_professional_liability,medium,"[""의사""]",True,True,True,True,True,True,True,7,True,"[""손해배상""]",court_opinion,LBox precedent_corpus provides one opinion text field,False,False,b84026009e96809ce2b121a52d3177f04e34cc3220893c2168d9903031905369,2204,False,"[""not_high_confidence_supreme"",""decision_date_unknown""]",False,[],not_attempted,none,[],FAM_78ca0429dbe39a51,KR_e7d1bfd6fe86153225
KR_613ebc9dbcd198477a,lbox/lbox_open,precedent_corpus,630,KR,,,unknown,low,[],,,low,[],,low,[],general_negligence_personal_injury,medium,"[""사망""]",True,True,True,True,True,True,True,7,True,"[""사망""]",court_opinion,LBox precedent_corpus provides one opinion text field,False,False,104105cf5f2d93c7cdd4f4c0ef22140df0351d75cabc0274f8cb0002346f2ecb,35280,False,"[""not_high_confidence_supreme"",""decision_date_unknown"",""not_civil_liability_candidate"",""incidental:criminal_case""]",False,[],not_attempted,none,[],FAM_a5be9b91dbfc5b3a,KR_613ebc9dbcd198477a
KR_fd1fcadc25952b081a,lbox/lbox_open,precedent_corpus,634,KR,,,unknown,low,[],,,low,[],,low,[],medical_professional_liability,medium,"[""의사""]",True,True,False,True,True,True,True,6,True,"[""불법행위""]",court_opinion,LBox precedent_corpus provides one opinion text field,False,False,169401fd980a9f4813e7cd4f5292ea8f05dc70fa8c25ca63e14d8736cd880659,2693,False,"[""not_high_confidence_supreme"",""decision_date_unknown""]",False,[],not_attempted,none,[],FAM_27715093772c0042,KR_fd1fcadc25952b081a
KR_716a78b73455c5a340,lbox/lbox_open,precedent_corpus,636,KR,,,unknown,low,[],,,low,[],,low,[],medical_professional_liability,high,"[""의사""]",True,True,True,True,True,True,True,7,True,"[""손해배상"",""불법행위""]",court_opinion,LBox precedent_corpus provides one opinion text field,False,False,92fd6cdbcc5450497904c0e591cc45e6f5db15414c1636542cb63947ce564489,8834,False,"[""not_high_confidence_supreme"",""decision_date_unknown""]",False,[],not_attempted,none,[],FAM_a3b97ab0097dce12,KR_716a78b73455c5a340
KR_8113cebf0418191926,lbox/lbox_open,precedent_corpus,637,KR,,,unknown,low,[],,,low,[],,low,[],general_negligence_personal_injury,medium,"[""과실""]",True,True,True,True,True,True,False,6,True,"[""과실"",""손해배상""]",court_opinion,LBox precedent_corpus provides one opinion text field,False,False,bad8658638e57a10005f2e25ce0e6d5515f160ab0793992bf98f1669332faf55,11734,False,"[""not_high_confidence_supreme"",""decision_date_unknown"",""not_civil_liability_candidate"",""incidental:criminal_case""]",False,[],not_attempted,none,[],FAM_67a1c5fdd5995e80,KR_8113cebf0418191926
KR_887b56c24617bd29d7,lbox/lbox_open,precedent_corpus,648,KR,,대법원,supreme,medium,"[""supreme_disposition"",""supreme_reasoning_marker""]",,,low,[],,low,[],general_negligence_personal_injury,high,"[""사망""]",True,True,True,True,True,True,True,7,True,"[""손해배상"",""사망"",""불법행위""]",court_opinion,LBox precedent_corpus provides one opinion text field,False,False,1af9481eab090f0d458fdc6225f5531cabd4bb08bb5a8e8175ddcae356f0b10e,1950,False,"[""not_high_confidence_supreme"",""decision_date_unknown""]",False,[],not_attempted,none,[],FAM_8546f460a33f0e03,KR_887b56c24617bd29d7
KR_d7f1d7a58c3dc56a98,lbox/lbox_open,precedent_corpus,650,KR,,,unknown,low,[],,,low,[],,low,[],general_negligence_personal_injury,low,"[""사망""]",True,True,True,True,True,True,True,7,True,"[""불법행위"",""사망""]",court_opinion,LBox precedent_corpus provides one opinion text field,False,False,93f37d8bab62fa928d58e52341d0cdd1d5a25ee401a55eee86560dedac609411,5242,False,"[""not_high_confidence_supreme"",""decision_date_unknown"",""not_civil_liability_candidate"",""incidental:criminal_case""]",False,[],not_attempted,none,[],FAM_f15f4834509d2234,KR_d7f1d7a58c3dc56a98
KR_dc3278f2361d9300f5,lbox/lbox_open,precedent_corpus,653,KR,,,unknown,low,[],,,low,[],,low,[],general_negligence_personal_injury,high,"[""상해""]",True,True,False,True,True,False,True,5,True,"[""상해"",""사망""]",court_opinion,LBox precedent_corpus provides one opinion text field,False,False,475dddc4aeb244702ec7e12ed6da18f7085a9ab65c21b2e1537c945741cca2fe,3251,False,"[""not_high_confidence_supreme"",""decision_date_unknown""]",False,[],not_attempted,none,[],FAM_ea7f92904dd84e05,KR_dc3278f2361d9300f5
KR_e4012ff0fa5cb69e26,lbox/lbox_open,precedent_corpus,657,KR,,대법원,supreme,medium,"[""supreme_disposition"",""supreme_reasoning_marker""]",,,low,[],,low,[],other_civil_liability,low,[],True,True,True,True,True,True,True,7,True,"[""불법행위""]",court_opinion,LBox precedent_corpus provides one opinion text field,False,False,5dd6af34572871934946f67490d91fe2e83e79e694f590b9f845ac73b0794d0d,7552,False,"[""not_high_confidence_supreme"",""decision_date_unknown""]",False,[],not_attempted,none,[],FAM_be487225148e66b6,KR_e4012ff0fa5cb69e26
KR_8fc2c52a146e31f890,lbox/lbox_open,precedent_corpus,669,KR,,,unknown,low,[],,,low,[],,low,[],general_negligence_personal_injury,medium,"[""사망""]",True,True,False,True,True,True,False,5,True,"[""사망""]",court_opinion,LBox precedent_corpus provides one opinion text field,False,False,a911bac41f72a289980e3af139fc900a1a10968878247d3325a0d097013599e7,2064,False,"[""not_high_confidence_supreme"",""decision_date_unknown""]",False,[],not_attempted,none,[],FAM_6d70aeff52c13cb0,KR_8fc2c52a146e31f890
KR_d68ac9020d14c5334d,lbox/lbox_open,precedent_corpus,676,KR,,대법원,supreme,medium,"[""supreme_disposition"",""supreme_reasoning_marker""]",,,low,[],,low,[],medical_professional_liability,high,"[""의사""]",True,True,True,True,True,True,True,7,True,"[""손해배상"",""불법행위"",""과실""]",court_opinion,LBox precedent_corpus provides one opinion text field,False,False,ca0a57dd76bdc0866e215b59d8b7eb345d95df4b3a5bc761fce8efbb60c7343a,7817,False,"[""not_high_confidence_supreme"",""decision_date_unknown""]",False,[],not_attempted,none,[],FAM_845e8eb3aaafe74b,KR_d68ac9020d14c5334d
KR_b5491f326092a0f924,lbox/lbox_open,precedent_corpus,679,KR,,,unknown,low,[],,,low,[],,low,[],general_negligence_personal_injury,high,"[""사망""]",False,True,True,True,True,True,True,6,True,"[""사망""]",court_opinion,LBox precedent_corpus provides one opinion text field,False,False,61a7fe23f9f4a72dae93264ece5a5c47b0504975bd0ec62942e721f599be4c0f,2854,False,"[""not_high_confidence_supreme"",""decision_date_unknown""]",False,[],not_attempted,none,[],FAM_3de170978ff2151d,KR_b5491f326092a0f924
KR_54135b61033556a9af,lbox/lbox_open,precedent_corpus,680,KR,,,unknown,low,[],,,low,[],,low,[],general_negligence_personal_injury,low,"[""상해""]",True,True,True,True,True,True,True,7,True,"[""상해""]",court_opinion,LBox precedent_corpus provides one opinion text field,False,False,ce066ad4dfd71505a26868a0d9da94fd8406eb42b236ac07639e8707c07a9c34,1869,False,"[""not_high_confidence_supreme"",""decision_date_unknown"",""not_civil_liability_candidate"",""incidental:criminal_case""]",False,[],not_attempted,none,[],FAM_9e08fb2aa6db30d8,KR_54135b61033556a9af
KR_88cbfd4b3788548e43,lbox/lbox_open,precedent_corpus,684,KR,,대법원,supreme,medium,"[""supreme_disposition"",""supreme_reasoning_marker""]",,,low,[],,low,[],medical_professional_liability,high,"[""의사""]",True,True,True,True,True,True,True,7,True,"[""사망""]",court_opinion,LBox precedent_corpus provides one opinion text field,False,False,9a8012f7e93912b9794fc36526a20c180b838bc65bdd7b446ad71c380fde4d66,24891,False,"[""not_high_confidence_supreme"",""decision_date_unknown"",""not_civil_liability_candidate"",""incidental:criminal_case""]",False,[],not_attempted,none,[],FAM_d84275c498c0e8d7,KR_88cbfd4b3788548e43
KR_43538aa82b41a92e05,lbox/lbox_open,precedent_corpus,692,KR,,,unknown,low,[],,,low,[],,low,[],medical_professional_liability,medium,"[""의사""]",True,False,False,False,True,True,True,4,False,"[""상해""]",court_opinion,LBox precedent_corpus provides one opinion text field,False,False,b14556926ba26e51882bfec42ec8ed2e9133c41aa653250aab55768526f7bf5f,771,False,"[""not_high_confidence_supreme"",""decision_date_unknown"",""not_civil_liability_candidate"",""incidental:criminal_case"",""opinion_text_too_short"",""fact_insufficient_before_supplementation""]",False,[],not_attempted,none,[],FAM_36fa7058eddf4e70,KR_43538aa82b41a92e05
KR_8e7efac45a8c936ca1,lbox/lbox_open,precedent_corpus,702,KR,,,unknown,low,"[""supreme_reasoning_marker""]",,,low,[],,low,[],general_negligence_personal_injury,high,"[""사망""]",True,True,False,True,True,False,False,4,False,"[""사망""]",court_opinion,LBox precedent_corpus provides one opinion text field,False,False,6a6dda1a11b56185fd19ca7c6071c25657bc15f9894f83292e8e068c90eaf483,829,False,"[""not_high_confidence_supreme"",""decision_date_unknown"",""opinion_text_too_short"",""fact_insufficient_before_supplementation""]",False,[],not_attempted,none,[],FAM_e6b42bfd631ad863,KR_8e7efac45a8c936ca1
KR_e8a54f1b3fb67ddadb,lbox/lbox_open,precedent_corpus,703,KR,,,unknown,low,[],,,low,[],,low,[],general_negligence_personal_injury,high,"[""사망"",""과실""]",True,True,True,True,True,True,False,6,True,"[""손해배상"",""사망"",""과실""]",court_opinion,LBox precedent_corpus provides one opinion text field,False,False,06194c69d3c7e5cf32070fb2d95b29a5c76eb40871959787f549e3eaf846ffbe,4246,False,"[""not_high_confidence_supreme"",""decision_date_unknown""]",False,[],not_attempted,none,[],FAM_49c8c45b937b745b,KR_e8a54f1b3fb67ddadb
KR_f68dcdbfdc0892790a,lbox/lbox_open,precedent_corpus,706,KR,,,unknown,low,[],,,low,[],,low,[],medical_professional_liability,high,"[""의사""]",True,True,True,True,True,True,True,7,True,"[""사망""]",court_opinion,LBox precedent_corpus provides one opinion text field,False,False,5a487fa7733d9daf8caf8cc3d6daa7977d6335fb9aa47d8fb6e6358fdc9b1721,2764,False,"[""not_high_confidence_supreme"",""decision_date_unknown"",""not_civil_liability_candidate"",""incidental:criminal_case""]",False,[],not_attempted,none,[],FAM_4db8c9786ce44082,KR_f68dcdbfdc0892790a
KR_d2689423d85c5d6833,lbox/lbox_open,precedent_corpus,712,KR,,,unknown,low,[],,,low,[],,low,[],general_negligence_personal_injury,medium,"[""상해""]",True,True,True,True,True,False,False,5,True,"[""상해""]",court_opinion,LBox precedent_corpus provides one opinion text field,False,False,42ad6242735d103c39cd5c06e5056bb3da9281380f6479bf696776b81a4d7f63,988,False,"[""not_high_confidence_supreme"",""decision_date_unknown"",""not_civil_liability_candidate"",""incidental:criminal_case"",""opinion_text_too_short""]",False,[],not_attempted,none,[],FAM_8557b2136c4fd56c,KR_d2689423d85c5d6833
KR_c5a8f8361b48002926,lbox/lbox_open,precedent_corpus,725,KR,,,unknown,low,[],,,low,[],,low,[],medical_professional_liability,high,"[""의사""]",True,True,True,True,True,True,True,7,True,"[""손해배상""]",court_opinion,LBox precedent_corpus provides one opinion text field,False,False,4e297e07061b7a32874b72118741da59d687c6b5c2d2679cebbf9483f697a1ba,18917,False,"[""not_high_confidence_supreme"",""decision_date_unknown""]",False,[],not_attempted,none,[],FAM_c3f5484de0969a44,KR_c5a8f8361b48002926
KR_cdbd845dce20d1f6fd,lbox/lbox_open,precedent_corpus,726,KR,,,unknown,low,[],,,low,[],,low,[],general_negligence_personal_injury,high,"[""주의의무"",""과실"",""상해""]",True,True,True,True,True,True,True,7,True,"[""주의의무"",""과실"",""상해""]",court_opinion,LBox precedent_corpus provides one opinion text field,False,False,21af9e9be5125fcc49e854bc7f4667572c4c33759e37d170b81db45e90ccb258,1316,False,"[""not_high_confidence_supreme"",""decision_date_unknown"",""not_civil_liability_candidate"",""incidental:criminal_case""]",False,[],not_attempted,none,[],FAM_282719439e9e6f2d,KR_cdbd845dce20d1f6fd
KR_6a810b99f25da1e0c4,lbox/lbox_open,precedent_corpus,728,KR,,,unknown,low,[],,,low,[],,low,[],medical_professional_liability,high,"[""의사""]",True,True,True,True,True,True,True,7,True,"[""과실""]",court_opinion,LBox precedent_corpus provides one opinion text field,False,False,56513682d1c143ba6b907c11b743d841556cc51ed246084e2460c27755414d65,6806,False,"[""not_high_confidence_supreme"",""decision_date_unknown""]",False,[],not_attempted,none,[],FAM_71ae0566769859d5,KR_6a810b99f25da1e0c4
KR_8985f340385dde4a90,lbox/lbox_open,precedent_corpus,735,KR,,,unknown,low,[],,,low,[],,low,[],general_negligence_personal_injury,high,"[""주의의무"",""과실"",""상해""]",True,True,True,True,True,False,False,5,True,"[""주의의무"",""과실"",""상해""]",court_opinion,LBox precedent_corpus provides one opinion text field,False,False,1ece31c4f321236e04c2e589f2265e1e53b27a0690322b4059edc7213dc2413d,1198,False,"[""not_high_confidence_supreme"",""decision_date_unknown"",""not_civil_liability_candidate"",""incidental:criminal_case"",""opinion_text_too_short""]",False,[],not_attempted,none,[],FAM_99414bc08574ea2f,KR_8985f340385dde4a90
KR_a807a4e5bdc9108d24,lbox/lbox_open,precedent_corpus,742,KR,,,unknown,low,[],,,low,[],,low,[],general_negligence_personal_injury,medium,"[""상해"",""교통사고""]",True,True,False,True,True,False,True,5,True,"[""상해""]",court_opinion,LBox precedent_corpus provides one opinion text field,False,False,23510a860790eb9461ee9b7abb236765d1261b18ecc714c06d17e3ee9be05f31,1300,False,"[""not_high_confidence_supreme"",""decision_date_unknown"",""not_civil_liability_candidate"",""incidental:criminal_case""]",False,[],not_attempted,none,[],FAM_0112ab23369588ce,KR_a807a4e5bdc9108d24
KR_6e3e726f024b315adb,lbox/lbox_open,precedent_corpus,743,KR,,,unknown,low,"[""supreme_reasoning_marker""]",,,low,[],,low,[],medical_professional_liability,high,"[""병원"",""수술"",""의사""]",True,True,True,True,True,True,True,7,True,"[""사망""]",court_opinion,LBox precedent_corpus provides one opinion text field,False,False,b668e34444a7945c87589c277ac1bdb8dbee330e5aab1bdf668cc2a1f7f98291,2857,False,"[""not_high_confidence_supreme"",""decision_date_unknown""]",False,[],not_attempted,none,[],FAM_e3d9fdd209d31a5a,KR_6e3e726f024b315adb
KR_f749314f307fd76d8d,lbox/lbox_open,precedent_corpus,746,KR,,,unknown,low,[],,,low,[],,low,[],medical_professional_liability,medium,"[""의사""]",True,True,True,True,False,True,True,6,False,"[""과실""]",court_opinion,LBox precedent_corpus provides one opinion text field,False,False,20668205563063d6b32ea4024f51f540bbab609aab6ba64e09bddcedbe56e77e,8067,False,"[""not_high_confidence_supreme"",""decision_date_unknown"",""not_civil_liability_candidate"",""incidental:administrative_only"",""fact_insufficient_before_supplementation""]",False,[],not_attempted,none,[],FAM_398672012d9c6dbb,KR_f749314f307fd76d8d
KR_9df9aa58633ac527c2,lbox/lbox_open,precedent_corpus,748,KR,,,unknown,low,[],,,low,[],,low,[],general_negligence_personal_injury,high,"[""주의의무"",""과실"",""상해""]",True,True,True,True,True,True,False,6,True,"[""주의의무"",""과실"",""상해""]",court_opinion,LBox precedent_corpus provides one opinion text field,False,False,1fe735dea5057c1ff46c835087617a8c2fdb5b490dcde9051833fb7d63f46f94,1171,False,"[""not_high_confidence_supreme"",""decision_date_unknown"",""not_civil_liability_candidate"",""incidental:criminal_case"",""opinion_text_too_short""]",False,[],not_attempted,none,[],FAM_203259fe5f380977,KR_9df9aa58633ac527c2
KR_f16c10486847b48baf,lbox/lbox_open,precedent_corpus,749,KR,,대법원,supreme,medium,"[""supreme_disposition"",""supreme_reasoning_marker""]",,,low,[],,low,[],general_negligence_personal_injury,high,"[""사망"",""주의의무"",""과실""]",True,True,True,True,True,True,True,7,True,"[""사망"",""주의의무"",""손해배상"",""과실""]",court_opinion,LBox precedent_corpus provides one opinion text field,False,False,103a9760f7643177f96f383c09b00ca3b4ed5f0a6ff3067a1a374ddf026923a5,12825,False,"[""not_high_confidence_supreme"",""decision_date_unknown"",""not_civil_liability_candidate"",""incidental:criminal_case""]",False,[],not_attempted,none,[],FAM_887e561e09881241,KR_f16c10486847b48baf
KR_2bf699311a34d4c59a,lbox/lbox_open,precedent_corpus,753,KR,,,unknown,low,[],,,low,[],,low,[],medical_professional_liability,medium,"[""의사""]",True,True,True,True,True,False,True,6,True,"[""사망""]",court_opinion,LBox precedent_corpus provides one opinion text field,False,False,b7d3f86b913e99ab202173b3fe78bfbe6afa4afbc5cae62fbbb8445df3326874,5481,False,"[""not_high_confidence_supreme"",""decision_date_unknown""]",False,[],not_attempted,none,[],FAM_1dca45b9d091c008,KR_2bf699311a34d4c59a
KR_100d3db3b598a1be5d,lbox/lbox_open,precedent_corpus,756,KR,,,unknown,low,[],,,low,[],,low,[],other_civil_liability,low,[],True,True,True,True,True,True,True,7,True,"[""손해배상""]",court_opinion,LBox precedent_corpus provides one opinion text field,False,False,baa57e80cf475ca62574f565e00da1205f50729888f9fc717e0d34091370e7bc,1708,False,"[""not_high_confidence_supreme"",""decision_date_unknown"",""not_civil_liability_candidate"",""incidental:criminal_case""]",False,[],not_attempted,none,[],FAM_a0a9cd8c2fbcbfb6,KR_100d3db3b598a1be5d
KR_14ea08179cc3a80534,lbox/lbox_open,precedent_corpus,758,KR,,,unknown,low,[],,,low,[],,low,[],general_negligence_personal_injury,high,"[""상해"",""과실""]",True,True,True,True,True,True,True,7,True,"[""상해"",""과실"",""손해배상"",""주의의무""]",court_opinion,LBox precedent_corpus provides one opinion text field,False,False,8685095d54f509b3619066f628289579b066934b3cc6f824183bfae471c11fc4,2479,False,"[""not_high_confidence_supreme"",""decision_date_unknown""]",False,[],not_attempted,none,[],FAM_beabc9c9a0397c3d,KR_14ea08179cc3a80534
KR_ec6ace317cb97b13cb,lbox/lbox_open,precedent_corpus,760,KR,,,unknown,low,"[""supreme_disposition""]",,,low,[],,low,[],general_negligence_personal_injury,high,"[""사망""]",True,True,False,True,True,False,True,5,True,"[""사망""]",court_opinion,LBox precedent_corpus provides one opinion text field,False,False,13b758ec9d96b96acd6ae1b28d6ddd30e8667712847e3542d2864e5b5b371244,1570,False,"[""not_high_confidence_supreme"",""decision_date_unknown""]",False,[],not_attempted,none,[],FAM_fdf89c2b62831ed5,KR_ec6ace317cb97b13cb
KR_69930c92dcac4c1140,lbox/lbox_open,precedent_corpus,762,KR,,,unknown,low,[],,,low,[],,low,[],other_civil_liability,low,[],True,True,False,True,True,True,True,6,True,"[""손해배상""]",court_opinion,LBox precedent_corpus provides one opinion text field,False,False,c57c7b73d8810aaef940d4330c88afc9a17ac79435230667f188d3e2d1016200,4761,False,"[""not_high_confidence_supreme"",""decision_date_unknown""]",False,[],not_attempted,none,[],FAM_01de7727f1d2c575,KR_69930c92dcac4c1140
KR_3c5ecc069f410b5891,lbox/lbox_open,precedent_corpus,763,KR,,,unknown,low,"[""supreme_reasoning_marker""]",,,low,[],,low,[],general_negligence_personal_injury,high,"[""과실""]",True,True,False,True,True,True,False,5,True,"[""과실"",""불법행위"",""손해배상"",""주의의무""]",court_opinion,LBox precedent_corpus provides one opinion text field,False,False,1e39448062112fb6b420f94b7f214bfff8aa12d907cb1e849b00dee6eaa39751,2045,False,"[""not_high_confidence_supreme"",""decision_date_unknown""]",False,[],not_attempted,none,[],FAM_ff9c13c33aea5165,KR_3c5ecc069f410b5891
KR_2ddf04a821aa8f2341,lbox/lbox_open,precedent_corpus,764,KR,,대법원,supreme,medium,"[""supreme_disposition"",""supreme_reasoning_marker""]",,,low,[],,low,[],other_civil_liability,low,[],True,True,False,True,True,True,False,5,True,"[""불법행위"",""손해배상""]",court_opinion,LBox precedent_corpus provides one opinion text field,False,False,e4c3282ddf7aca8e9d9cf6aff077f69eef4ebcbba45f8578053edd08f5544a1a,2299,False,"[""not_high_confidence_supreme"",""decision_date_unknown""]",False,[],not_attempted,none,[],FAM_5a90e8404b1a3fa4,KR_2ddf04a821aa8f2341
KR_f0411645c2b2a92a06,lbox/lbox_open,precedent_corpus,774,KR,,,unknown,low,[],,,low,[],,low,[],medical_professional_liability,high,"[""의사""]",True,True,True,True,True,True,False,6,True,"[""사망""]",court_opinion,LBox precedent_corpus provides one opinion text field,False,False,b70182637fa3f829849400517fd7d905b3769c872e76179bb077dc40ff28a430,3147,False,"[""not_high_confidence_supreme"",""decision_date_unknown"",""not_civil_liability_candidate"",""incidental:criminal_case""]",False,[],not_attempted,none,[],FAM_541f2f54a80680a2,KR_f0411645c2b2a92a06
KR_1a227b49d0df395aaf,lbox/lbox_open,precedent_corpus,776,KR,,,unknown,low,[],,,low,[],,low,[],general_negligence_personal_injury,medium,"[""교통사고"",""상해""]",True,True,True,True,True,True,True,7,True,"[""상해""]",court_opinion,LBox precedent_corpus provides one opinion text field,False,False,0c2866d92e07f06444d8e16710028fef8285ff0bb4c8db40757c6ff27c7576df,826,False,"[""not_high_confidence_supreme"",""decision_date_unknown"",""not_civil_liability_candidate"",""incidental:criminal_case"",""opinion_text_too_short""]",False,[],not_attempted,none,[],FAM_1733c0cbf0deb677,KR_1a227b49d0df395aaf
KR_632c6616625f39066c,lbox/lbox_open,precedent_corpus,782,KR,,,unknown,low,[],,,low,[],,low,[],other_civil_liability,low,[],True,False,False,True,True,False,False,3,False,"[""불법행위""]",court_opinion,LBox precedent_corpus provides one opinion text field,False,False,7ccaa6756fe0541bc990250001e37985461b823e774f64583fe45a114614e1f7,1322,False,"[""not_high_confidence_supreme"",""decision_date_unknown"",""fact_insufficient_before_supplementation""]",False,[],not_attempted,none,[],FAM_a3174ea5218d9e91,KR_632c6616625f39066c
KR_130bcb31207c9b093d,lbox/lbox_open,precedent_corpus,786,KR,,,unknown,low,[],,,low,[],,low,[],general_negligence_personal_injury,high,"[""주의의무"",""과실"",""상해""]",True,True,True,True,True,False,False,5,True,"[""주의의무"",""과실"",""상해""]",court_opinion,LBox precedent_corpus provides one opinion text field,False,False,5da4529cfb057b43316945c24a58a2c6932dd3b50c2de74e39cc8a8b5ad3befa,1269,False,"[""not_high_confidence_supreme"",""decision_date_unknown"",""not_civil_liability_candidate"",""incidental:criminal_case""]",False,[],not_attempted,none,[],FAM_72cdd711908c042b,KR_130bcb31207c9b093d
KR_e762f258d7881c509b,lbox/lbox_open,precedent_corpus,789,KR,,대법원,supreme,medium,"[""supreme_disposition"",""supreme_reasoning_marker""]",,,low,[],,low,[],medical_professional_liability,high,"[""의사""]",True,True,False,True,False,True,False,4,False,"[""과실""]",court_opinion,LBox precedent_corpus provides one opinion text field,False,False,af48814277cefc68c9f9206d140d5a55839aab97622494e8d7e3ddd6d9ed5daa,2967,False,"[""not_high_confidence_supreme"",""decision_date_unknown"",""not_civil_liability_candidate"",""incidental:criminal_case"",""fact_insufficient_before_supplementation""]",False,[],not_attempted,none,[],FAM_3a2c621c1d9ec240,KR_e762f258d7881c509b
KR_744a9f02991ca5c4ce,lbox/lbox_open,precedent_corpus,794,KR,,,unknown,low,"[""supreme_disposition""]",,,low,[],,low,[],medical_professional_liability,high,"[""의사"",""병원"",""진료""]",True,True,True,True,True,True,True,7,True,"[""상해""]",court_opinion,LBox precedent_corpus provides one opinion text field,False,False,00ebd07535417bdd75463d2ffd0c817dc01a19cdf81b44c6b57c0a42c3fa707d,29252,False,"[""not_high_confidence_supreme"",""decision_date_unknown"",""not_civil_liability_candidate"",""incidental:criminal_case""]",False,[],not_attempted,none,[],FAM_680f64c29eb79ef3,KR_744a9f02991ca5c4ce
KR_ae37d8b810f6b6ec39,lbox/lbox_open,precedent_corpus,799,KR,,,unknown,low,[],,,low,[],,low,[],general_negligence_personal_injury,medium,"[""상해""]",True,True,True,True,True,True,True,7,True,"[""상해""]",court_opinion,LBox precedent_corpus provides one opinion text field,False,False,eb4f2432d52adb4068ab8c20409726b2b9b5f3b43c9d5b5d8c3a45e785fbbcd1,4198,False,"[""not_high_confidence_supreme"",""decision_date_unknown"",""not_civil_liability_candidate"",""incidental:criminal_case""]",False,[],not_attempted,none,[],FAM_3a9bc22132ffc091,KR_ae37d8b810f6b6ec39
KR_52bcd0c18222573d6f,lbox/lbox_open,precedent_corpus,801,KR,,,unknown,low,[],,,low,[],,low,[],employer_supervisory_vicarious_liability,high,"[""감독할 의무가 있음에도 이를 게을리 한 과실"",""피용자"",""사용자책임""]",True,True,True,True,True,True,True,7,True,"[""손해배상"",""상해"",""과실"",""불법행위"",""주의의무"",""사용자책임""]",court_opinion,LBox precedent_corpus provides one opinion text field,False,False,1b2ea258bae0bcaa5d0d75f0aa8c914274c220dff6cb5649bd1d56b85bd21295,7006,False,"[""not_high_confidence_supreme"",""decision_date_unknown""]",False,[],not_attempted,none,[],FAM_53bf1bc5f890becc,KR_52bcd0c18222573d6f
KR_0248775072bdcd69af,lbox/lbox_open,precedent_corpus,807,KR,,,unknown,low,[],,,low,[],,low,[],general_negligence_personal_injury,medium,"[""사망""]",True,True,True,True,True,True,True,7,True,"[""사망""]",court_opinion,LBox precedent_corpus provides one opinion text field,False,False,c438d31e67539189f0a67b397aca3e5f99ec8c403904955eee53d4790bcdbe5b,4001,False,"[""not_high_confidence_supreme"",""decision_date_unknown""]",False,[],not_attempted,none,[],FAM_48feab9396f6374b,KR_0248775072bdcd69af
KR_14b0738dd90de7614f,lbox/lbox_open,precedent_corpus,808,KR,,,unknown,low,[],,,low,[],,low,[],general_negligence_personal_injury,low,"[""과실""]",True,True,True,True,True,True,True,7,True,"[""손해배상"",""과실""]",court_opinion,LBox precedent_corpus provides one opinion text field,False,False,cc180dfe07cae2aa60d41c5974a414da25453fc139c513706c5e4770896357d3,8753,False,"[""not_high_confidence_supreme"",""decision_date_unknown""]",False,[],not_attempted,none,[],FAM_82b8bc3a7568b34d,KR_14b0738dd90de7614f
KR_d46d6ac9e9f4727dbc,lbox/lbox_open,precedent_corpus,818,KR,,,unknown,low,[],,,low,[],,low,[],general_negligence_personal_injury,high,"[""상해""]",True,True,True,True,True,True,True,7,True,"[""상해""]",court_opinion,LBox precedent_corpus provides one opinion text field,False,False,10873efd97668f447a1ec2d9dacd5876b1796d69dd7d172ad4255107ed9259d4,1502,False,"[""not_high_confidence_supreme"",""decision_date_unknown"",""not_civil_liability_candidate"",""incidental:criminal_case""]",False,[],not_attempted,none,[],FAM_edb7b6f75864c1fd,KR_d46d6ac9e9f4727dbc
KR_febc4d3aa3a77a30ae,lbox/lbox_open,precedent_corpus,819,KR,,,unknown,low,[],,,low,[],,low,[],general_negligence_personal_injury,medium,"[""상해""]",True,True,True,True,True,True,False,6,True,"[""상해""]",court_opinion,LBox precedent_corpus provides one opinion text field,False,False,c3e0b91f31b16cc5a638d27e1766394238b6ab5f5d8667aafcd08ad5d370e013,4416,False,"[""not_high_confidence_supreme"",""decision_date_unknown"",""not_civil_liability_candidate"",""incidental:criminal_case""]",False,[],not_attempted,none,[],FAM_063f2c1fc1b66b11,KR_febc4d3aa3a77a30ae
KR_ca14fe220c3e552f04,lbox/lbox_open,precedent_corpus,821,KR,,,unknown,low,[],,,low,[],,low,[],medical_professional_liability,high,"[""의사""]",True,True,True,True,True,True,True,7,True,"[""손해배상""]",court_opinion,LBox precedent_corpus provides one opinion text field,False,False,2d18e1c1e83d906710b28c9ba0937d9268a20fa909251a059cbbde6f777afd0d,4580,False,"[""not_high_confidence_supreme"",""decision_date_unknown""]",False,[],not_attempted,none,[],FAM_6d9f2d258c918f80,KR_ca14fe220c3e552f04
KR_486c7a7756eb91bc4f,lbox/lbox_open,precedent_corpus,822,KR,,,unknown,low,[],,,low,[],,low,[],general_negligence_personal_injury,high,"[""주의의무"",""과실"",""상해""]",True,True,True,True,True,True,False,6,True,"[""주의의무"",""과실"",""상해""]",court_opinion,LBox precedent_corpus provides one opinion text field,False,False,dc26145ae858d2bb81fd7f2859f7b8bb064ca2eaefe85b9779bf360e724f0088,1570,False,"[""not_high_confidence_supreme"",""decision_date_unknown"",""not_civil_liability_candidate"",""incidental:criminal_case""]",False,[],not_attempted,none,[],FAM_55f4e3ffdc96763a,KR_486c7a7756eb91bc4f
KR_73065334890cfb635e,lbox/lbox_open,precedent_corpus,824,KR,,,unknown,low,[],,,low,[],,low,[],general_negligence_personal_injury,low,"[""사망""]",True,True,True,True,True,True,False,6,True,"[""사망""]",court_opinion,LBox precedent_corpus provides one opinion text field,False,False,23578226de5afb02cbc5849379ac96e5233f40c7e2d43576a174924d6ea64fba,1207,False,"[""not_high_confidence_supreme"",""decision_date_unknown"",""not_civil_liability_candidate"",""incidental:criminal_case""]",False,[],not_attempted,none,[],FAM_6c9f7e7095dc3517,KR_73065334890cfb635e
KR_64a040f934f5189b92,lbox/lbox_open,precedent_corpus,828,KR,,,unknown,low,[],,,low,[],,low,[],medical_professional_liability,high,"[""수술""]",True,True,True,True,True,True,True,7,True,"[""손해배상"",""상해"",""과실""]",court_opinion,LBox precedent_corpus provides one opinion text field,False,False,edb5b796fa3d7ba2b2e3788591c658030371bbe3744c4183c3f6ec4a3fe7e7e9,6032,False,"[""not_high_confidence_supreme"",""decision_date_unknown""]",False,[],not_attempted,none,[],FAM_946a1bfe45302fcd,KR_64a040f934f5189b92
KR_53b970707b3c4d7f53,lbox/lbox_open,precedent_corpus,829,KR,,,unknown,low,[],,,low,[],,low,[],general_negligence_personal_injury,high,"[""사망""]",True,True,False,True,True,True,True,6,True,"[""사망""]",court_opinion,LBox precedent_corpus provides one opinion text field,False,False,79af0bfe7883a14ea798d86fb00331aa44ae51cdcedb9ff557a46944f7a3c821,4370,False,"[""not_high_confidence_supreme"",""decision_date_unknown""]",False,[],not_attempted,none,[],FAM_666867cf4df8cb8c,KR_53b970707b3c4d7f53
KR_07e66495ab5151b376,lbox/lbox_open,precedent_corpus,831,KR,,,unknown,low,[],,,low,[],,low,[],medical_professional_liability,high,"[""수술"",""병원""]",True,True,True,True,True,True,True,7,True,"[""손해배상"",""과실"",""상해""]",court_opinion,LBox precedent_corpus provides one opinion text field,False,False,f79ab872988d25452288bfa3bd761e1e688f987a72a4cf06b362423bf6abbc85,3775,False,"[""not_high_confidence_supreme"",""decision_date_unknown""]",False,[],not_attempted,none,[],FAM_00bceca69e57cbf9,KR_07e66495ab5151b376
KR_85d74c84f32f3b2d1b,lbox/lbox_open,precedent_corpus,836,KR,,대법원,supreme,medium,"[""supreme_disposition"",""supreme_reasoning_marker""]",,,low,[],,low,[],general_negligence_personal_injury,medium,"[""과실""]",True,False,False,True,True,False,False,3,False,"[""불법행위"",""손해배상"",""과실""]",court_opinion,LBox precedent_corpus provides one opinion text field,False,False,647db5c66373e32648032db08280e01698e2b9004ea9972f923c193e0fef7ac1,890,False,"[""not_high_confidence_supreme"",""decision_date_unknown"",""opinion_text_too_short"",""fact_insufficient_before_supplementation""]",False,[],not_attempted,none,[],FAM_4a17938ce3414a3c,KR_85d74c84f32f3b2d1b
KR_8a481e455b84a497f6,lbox/lbox_open,precedent_corpus,839,KR,,,unknown,low,[],,,low,[],,low,[],medical_professional_liability,high,"[""의사""]",True,True,False,True,True,True,True,6,True,"[""과실"",""손해배상""]",court_opinion,LBox precedent_corpus provides one opinion text field,False,False,b9f2095d39b50a68ede4c0de0fcee1cf131434c05e71259170a4c579977c5296,3523,False,"[""not_high_confidence_supreme"",""decision_date_unknown""]",False,[],not_attempted,none,[],FAM_4ddd030e911e2e61,KR_8a481e455b84a497f6
KR_69d28d03ddcfcc3054,lbox/lbox_open,precedent_corpus,842,KR,,,unknown,low,[],,,low,[],,low,[],medical_professional_liability,high,"[""의사""]",True,True,True,True,True,True,True,7,True,"[""손해배상"",""상해""]",court_opinion,LBox precedent_corpus provides one opinion text field,False,False,5299f1dbf6cd31883f069c3085c450be06f260e3659bb72c45ae038039f3820e,6324,False,"[""not_high_confidence_supreme"",""decision_date_unknown""]",False,[],not_attempted,none,[],FAM_51ddd53828450f1f,KR_69d28d03ddcfcc3054
KR_a53a8c79008bd93d3b,lbox/lbox_open,precedent_corpus,847,KR,,,unknown,low,[],,,low,[],,low,[],medical_professional_liability,medium,"[""의사""]",True,True,True,True,True,True,False,6,True,"[""상해""]",court_opinion,LBox precedent_corpus provides one opinion text field,False,False,acfb8e9d43cfc92193e3faa226e2490e483e65c8a27b53be48ed3c1b92c9dfb7,1549,False,"[""not_high_confidence_supreme"",""decision_date_unknown"",""not_civil_liability_candidate"",""incidental:criminal_case""]",False,[],not_attempted,none,[],FAM_4ec91b2a3333db6f,KR_a53a8c79008bd93d3b
KR_24923cbfa9b5de8466,lbox/lbox_open,precedent_corpus,851,KR,,,unknown,low,[],,,low,[],,low,[],other_civil_liability,low,[],True,True,False,True,True,False,True,5,True,"[""불법행위"",""손해배상""]",court_opinion,LBox precedent_corpus provides one opinion text field,False,False,a20ed555a87ca2d42aa4432955cd1052a2edf9c520e7585677a549a55eac16a7,1929,False,"[""not_high_confidence_supreme"",""decision_date_unknown"",""not_civil_liability_candidate"",""incidental:criminal_case""]",False,[],not_attempted,none,[],FAM_285e45336f555e3c,KR_24923cbfa9b5de8466
KR_29ce0d15d6b2736220,lbox/lbox_open,precedent_corpus,854,KR,,,unknown,low,[],,,low,[],,low,[],employer_supervisory_vicarious_liability,medium,"[""감독자로서 책임""]",True,True,False,True,True,True,True,6,True,"[""손해배상"",""불법행위""]",court_opinion,LBox precedent_corpus provides one opinion text field,False,False,98ae7fd3eb46f2c18c54801479d591cc78b5d7deeef2ca8ce37874d692a956d8,2638,False,"[""not_high_confidence_supreme"",""decision_date_unknown""]",False,[],not_attempted,none,[],FAM_123c032ea50c59b7,KR_29ce0d15d6b2736220
KR_e06edb31a6e26ed05f,lbox/lbox_open,precedent_corpus,855,KR,,,unknown,low,[],,,low,[],,low,[],general_negligence_personal_injury,low,"[""과실""]",True,True,True,True,True,True,True,7,True,"[""과실""]",court_opinion,LBox precedent_corpus provides one opinion text field,False,False,a3a1dd0eb55740871f596a37c9b7de70e6959594c3406ec9f7c0aabf5f399dee,4575,False,"[""not_high_confidence_supreme"",""decision_date_unknown""]",False,[],not_attempted,none,[],FAM_053fef92e19a324c,KR_e06edb31a6e26ed05f
KR_5b45feb62495130cc8,lbox/lbox_open,precedent_corpus,859,KR,,대법원,supreme,medium,"[""supreme_disposition"",""supreme_reasoning_marker""]",,,low,[],,low,[],general_negligence_personal_injury,high,"[""사망""]",True,True,False,True,True,False,True,5,True,"[""사망""]",court_opinion,LBox precedent_corpus provides one opinion text field,False,False,9fe29d13baae51aee0e41738e3745eab9b7a901bafb39e53600039d2e9cafe45,2951,False,"[""not_high_confidence_supreme"",""decision_date_unknown""]",False,[],not_attempted,none,[],FAM_0a7a336e8070ee21,KR_5b45feb62495130cc8
KR_e6249101ff7723b674,lbox/lbox_open,precedent_corpus,863,KR,,,unknown,low,"[""supreme_reasoning_marker""]",,,low,[],,low,[],general_negligence_personal_injury,low,"[""과실""]",True,True,False,False,False,False,True,3,False,"[""불법행위"",""과실""]",court_opinion,LBox precedent_corpus provides one opinion text field,False,False,a742c9ac3b6858713fa73417b322f8d9a6906a26e10bb37f2d7c300af0d93bb3,926,False,"[""not_high_confidence_supreme"",""decision_date_unknown"",""opinion_text_too_short"",""fact_insufficient_before_supplementation""]",False,[],not_attempted,none,[],FAM_4cd73e77ae2a74e7,KR_e6249101ff7723b674
KR_a5c8c1aa1ccf52aead,lbox/lbox_open,precedent_corpus,867,KR,,,unknown,low,[],,,low,[],,low,[],medical_professional_liability,high,"[""의사""]",True,True,False,True,True,True,True,6,True,"[""손해배상""]",court_opinion,LBox precedent_corpus provides one opinion text field,False,False,d2855c9c4f35cd4d718d2e5e7575b6f28ff6c4f5b35062a2ee1efc45a85e84c3,8786,False,"[""not_high_confidence_supreme"",""decision_date_unknown""]",False,[],not_attempted,none,[],FAM_ed561d5acb4ac4a6,KR_a5c8c1aa1ccf52aead
KR_8982db9d53e82fa5f6,lbox/lbox_open,precedent_corpus,868,KR,,,unknown,low,[],,,low,[],,low,[],general_negligence_personal_injury,low,"[""상해""]",True,False,False,False,True,True,True,4,False,"[""상해""]",court_opinion,LBox precedent_corpus provides one opinion text field,False,False,a33442ee404ce15558675bdd2162f8dd788da16e353180ad99ac09ca6ba9ce6b,541,False,"[""not_high_confidence_supreme"",""decision_date_unknown"",""not_civil_liability_candidate"",""incidental:criminal_case"",""opinion_text_too_short"",""fact_insufficient_before_supplementation""]",False,[],not_attempted,none,[],FAM_1dc9bd55bb41b731,KR_8982db9d53e82fa5f6
KR_be949882906be02139,lbox/lbox_open,precedent_corpus,869,KR,,,unknown,low,[],,,low,[],,low,[],general_negligence_personal_injury,medium,"[""사망""]",True,True,False,True,True,False,True,5,True,"[""사망""]",court_opinion,LBox precedent_corpus provides one opinion text field,False,False,7a6b3512585e06eb75a85b8c20d7d3b048b9ed8f15ec7a8750f07e8cacb7a5d2,1182,False,"[""not_high_confidence_supreme"",""decision_date_unknown"",""opinion_text_too_short""]",False,[],not_attempted,none,[],FAM_a720b93ead1b06cd,KR_be949882906be02139
KR_b340f067eadecf9f28,lbox/lbox_open,precedent_corpus,871,KR,,,unknown,low,[],,,low,[],,low,[],medical_professional_liability,high,"[""병원"",""진료""]",True,True,True,True,True,True,True,7,True,"[""과실"",""손해배상"",""주의의무""]",court_opinion,LBox precedent_corpus provides one opinion text field,False,False,03b87b978c2b3401d4121e4781c2d8eb7f3a8ead926d2f1b7145a6dd365d161c,2773,False,"[""not_high_confidence_supreme"",""decision_date_unknown""]",False,[],not_attempted,none,[],FAM_3f688e20fe0b0cc1,KR_b340f067eadecf9f28
KR_ef7a5fffdbf11508d8,lbox/lbox_open,precedent_corpus,877,KR,,,unknown,low,"[""supreme_reasoning_marker""]",,,low,[],,low,[],general_negligence_personal_injury,high,"[""사망""]",True,True,False,True,True,True,True,6,True,"[""사망""]",court_opinion,LBox precedent_corpus provides one opinion text field,False,False,784d9f24cae53ebd93a08981ce6a16396293be356d06a89d8c8074f4823f5e6d,4357,False,"[""not_high_confidence_supreme"",""decision_date_unknown""]",False,[],not_attempted,none,[],FAM_682d65d4599cdf42,KR_ef7a5fffdbf11508d8
KR_c7d61ad40d9dc07e82,lbox/lbox_open,precedent_corpus,879,KR,,,unknown,low,[],,,low,[],,low,[],general_negligence_personal_injury,high,"[""주의의무"",""과실"",""상해"",""교통사고""]",True,True,True,True,True,True,True,7,True,"[""주의의무"",""과실"",""상해""]",court_opinion,LBox precedent_corpus provides one opinion text field,False,False,d839ff990242bf0b06baad82bed876485c64420d437a9df75439f45e5b246a79,1527,False,"[""not_high_confidence_supreme"",""decision_date_unknown"",""not_civil_liability_candidate"",""incidental:criminal_case""]",False,[],not_attempted,none,[],FAM_577c960c130e581c,KR_c7d61ad40d9dc07e82
KR_652d0f7c1b500f7c94,lbox/lbox_open,precedent_corpus,883,KR,,,unknown,low,[],,,low,[],,low,[],general_negligence_personal_injury,high,"[""주의의무"",""과실""]",True,True,True,True,True,True,False,6,True,"[""주의의무"",""과실"",""상해""]",court_opinion,LBox precedent_corpus provides one opinion text field,False,False,fd5f42aec036df5b14ed2ae1ba0d121d33e00ef5d63bc49d2a6968a0f2858650,2084,False,"[""not_high_confidence_supreme"",""decision_date_unknown"",""not_civil_liability_candidate"",""incidental:criminal_case""]",False,[],not_attempted,none,[],FAM_29743d8fb8d28e90,KR_652d0f7c1b500f7c94
KR_3612aaade4869b82f8,lbox/lbox_open,precedent_corpus,885,KR,,,unknown,low,[],,,low,[],,low,[],medical_professional_liability,medium,"[""병원""]",True,True,True,True,True,True,True,7,True,"[""사망"",""과실"",""손해배상""]",court_opinion,LBox precedent_corpus provides one opinion text field,False,False,3bdddf05ac438a73fa16ac663a51348059d2dede23ee4776c48772e3124623e6,5826,False,"[""not_high_confidence_supreme"",""decision_date_unknown""]",False,[],not_attempted,none,[],FAM_644eb5fa71fae5ff,KR_3612aaade4869b82f8
KR_f4d898388469ea42f6,lbox/lbox_open,precedent_corpus,886,KR,,,unknown,low,[],,,low,[],,low,[],medical_professional_liability,high,"[""의사""]",True,True,True,True,True,True,True,7,True,"[""사망""]",court_opinion,LBox precedent_corpus provides one opinion text field,False,False,1fe756ee2e1b6b308d531b2af2573118bc3a0656955fbe7729823a645dd0ca94,9299,False,"[""not_high_confidence_supreme"",""decision_date_unknown"",""not_civil_liability_candidate"",""incidental:criminal_case""]",False,[],not_attempted,none,[],FAM_ce291bb3df104da2,KR_f4d898388469ea42f6
KR_894e0585a1c23e28c2,lbox/lbox_open,precedent_corpus,887,KR,,,unknown,low,[],,,low,[],,low,[],employer_supervisory_vicarious_liability,medium,"[""감독을 충분히 하지 아니한 과실"",""감독책임""]",True,True,False,True,True,True,True,6,True,"[""손해배상"",""과실"",""불법행위""]",court_opinion,LBox precedent_corpus provides one opinion text field,False,False,16a57efe90b616e84ee6e2ca5de31168316a79e451c4b249b7992848e7e99951,4619,False,"[""not_high_confidence_supreme"",""decision_date_unknown""]",False,[],not_attempted,none,[],FAM_c3c586afa8463ef3,KR_894e0585a1c23e28c2
KR_bf5f5873a5fb27500a,lbox/lbox_open,precedent_corpus,888,KR,,,unknown,low,[],,,low,[],,low,[],medical_professional_liability,medium,"[""의사""]",True,True,True,True,True,True,True,7,True,"[""손해배상""]",court_opinion,LBox precedent_corpus provides one opinion text field,False,False,d433f97871b34fbf43129ae40eb63a72e44042ecbfcb4a0b82d936e278f0f3e1,5952,False,"[""not_high_confidence_supreme"",""decision_date_unknown""]",False,[],not_attempted,none,[],FAM_1b42c047b536f97f,KR_bf5f5873a5fb27500a
KR_1a5d9eed622161c3e2,lbox/lbox_open,precedent_corpus,890,KR,,,unknown,low,[],,,low,[],,low,[],medical_professional_liability,high,"[""의사"",""병원""]",True,True,True,True,True,False,True,6,True,"[""사망""]",court_opinion,LBox precedent_corpus provides one opinion text field,False,False,cbd09e64f9933a902aa5faff86f35733fd2b95cdc45fdd0b6f08c1b6b552b23a,2131,False,"[""not_high_confidence_supreme"",""decision_date_unknown""]",False,[],not_attempted,none,[],FAM_5938f809c8ed3a23,KR_1a5d9eed622161c3e2
KR_cd63cb602c62c0f7bc,lbox/lbox_open,precedent_corpus,902,KR,,,unknown,low,[],,,low,[],,low,[],general_negligence_personal_injury,low,"[""사망""]",True,True,False,True,True,False,True,5,True,"[""사망""]",court_opinion,LBox precedent_corpus provides one opinion text field,False,False,dd49cf600b821a164cc4cd067c4fb12508d0da1cd6fd5673ee2415a35b6263b4,1440,False,"[""not_high_confidence_supreme"",""decision_date_unknown""]",False,[],not_attempted,none,[],FAM_4b52b80ccd4e6ad5,KR_cd63cb602c62c0f7bc
KR_3f69ebc50d10e337b1,lbox/lbox_open,precedent_corpus,904,KR,,,unknown,low,[],,,low,[],,low,[],general_negligence_personal_injury,high,"[""교통사고"",""주의의무"",""과실""]",True,True,True,True,True,False,False,5,True,"[""주의의무"",""과실"",""상해""]",court_opinion,LBox precedent_corpus provides one opinion text field,False,False,da3b51544c96167ffce50a352063e10e1b8419649ad83b0ae52ed006597c8771,1687,False,"[""not_high_confidence_supreme"",""decision_date_unknown"",""not_civil_liability_candidate"",""incidental:criminal_case""]",False,[],not_attempted,none,[],FAM_81041e3c44db35f4,KR_3f69ebc50d10e337b1
KR_053c84aab738d0c364,lbox/lbox_open,precedent_corpus,916,KR,,,unknown,low,[],,,low,[],,low,[],medical_professional_liability,medium,"[""진료""]",True,True,True,True,True,True,False,6,True,"[""상해""]",court_opinion,LBox precedent_corpus provides one opinion text field,False,False,afdc923f99e5b0d18b90d572011f396dba858737295e0b8b3d89539c88beda2a,1507,False,"[""not_high_confidence_supreme"",""decision_date_unknown"",""not_civil_liability_candidate"",""incidental:criminal_case""]",False,[],not_attempted,none,[],FAM_7d0afc171254f9b3,KR_053c84aab738d0c364
KR_a1d1eb9127d2496d9e,lbox/lbox_open,precedent_corpus,919,KR,,,unknown,low,[],,,low,[],,low,[],medical_professional_liability,medium,"[""의사""]",True,True,True,True,True,True,True,7,True,"[""상해""]",court_opinion,LBox precedent_corpus provides one opinion text field,False,False,cde119131acdd6bac5eaa4953d5799a3c625473be8bd5ded0b92c869bc0acb2f,3714,False,"[""not_high_confidence_supreme"",""decision_date_unknown"",""not_civil_liability_candidate"",""incidental:criminal_case""]",False,[],not_attempted,none,[],FAM_3d7d8eda1b49730f,KR_a1d1eb9127d2496d9e
KR_92aa771bb985c1e01d,lbox/lbox_open,precedent_corpus,921,KR,,,unknown,low,[],,,low,[],,low,[],general_negligence_personal_injury,high,"[""교통사고"",""주의의무"",""과실""]",True,True,True,True,True,True,False,6,True,"[""주의의무"",""과실"",""상해""]",court_opinion,LBox precedent_corpus provides one opinion text field,False,False,dfc434eefb9e6931b7795f2c7725499765761f097cde09f418f0b4b94a9683ac,1146,False,"[""not_high_confidence_supreme"",""decision_date_unknown"",""not_civil_liability_candidate"",""incidental:criminal_case"",""opinion_text_too_short""]",False,[],not_attempted,none,[],FAM_4e5c2a61ac08b2e8,KR_92aa771bb985c1e01d
KR_0e25db0af497a114aa,lbox/lbox_open,precedent_corpus,926,KR,,,unknown,low,"[""supreme_reasoning_marker""]",,,low,[],,low,[],general_negligence_personal_injury,high,"[""과실"",""교통사고""]",True,True,True,True,True,True,True,7,True,"[""과실"",""불법행위"",""손해배상""]",court_opinion,LBox precedent_corpus provides one opinion text field,False,False,b2d773b203c6f02950ee4553bd4128a0449097844e2d81ec9461fc3524fcc109,3734,False,"[""not_high_confidence_supreme"",""decision_date_unknown""]",False,[],not_attempted,none,[],FAM_68c6d1d89b924d4c,KR_0e25db0af497a114aa
KR_7f86b722bcd9eb49b0,lbox/lbox_open,precedent_corpus,927,KR,,,unknown,low,[],,,low,[],,low,[],medical_professional_liability,high,"[""병원"",""의사""]",True,True,True,True,False,True,True,6,False,"[""과실""]",court_opinion,LBox precedent_corpus provides one opinion text field,False,False,234d06dba0db3ea78008c05355cbfcae805c04f2541fee50d00a7c1f5f146cca,1109,False,"[""not_high_confidence_supreme"",""decision_date_unknown"",""opinion_text_too_short"",""fact_insufficient_before_supplementation""]",False,[],not_attempted,none,[],FAM_bbdf75dee692477a,KR_7f86b722bcd9eb49b0
KR_4837a8a432e6d1ae7e,lbox/lbox_open,precedent_corpus,929,KR,,대법원,supreme,medium,"[""supreme_disposition"",""supreme_reasoning_marker""]",,,low,[],,low,[],general_negligence_personal_injury,low,"[""주의의무""]",True,True,False,True,False,True,True,5,False,"[""주의의무""]",court_opinion,LBox precedent_corpus provides one opinion text field,False,False,8b6b2ef055afe87e4adabd076dfb547e72fe433d0c0a28ec087d4598a2c9c59d,1179,False,"[""not_high_confidence_supreme"",""decision_date_unknown"",""opinion_text_too_short"",""fact_insufficient_before_supplementation""]",False,[],not_attempted,none,[],FAM_980f460244d23dd6,KR_4837a8a432e6d1ae7e
KR_949145f7a7e7464f2e,lbox/lbox_open,precedent_corpus,930,KR,,,unknown,low,[],,,low,[],,low,[],general_negligence_personal_injury,high,"[""교통사고""]",True,True,True,True,True,True,True,7,True,"[""상해""]",court_opinion,LBox precedent_corpus provides one opinion text field,False,False,76b48be5ff2f9663a495d93ed873cf5b0aa7623d71159714b41c8df4fd620798,2968,False,"[""not_high_confidence_supreme"",""decision_date_unknown"",""not_civil_liability_candidate"",""incidental:criminal_case""]",False,[],not_attempted,none,[],FAM_479d8a56535f941b,KR_949145f7a7e7464f2e
KR_674dbde10bdbecb97b,lbox/lbox_open,precedent_corpus,936,KR,,,unknown,low,[],,,low,[],,low,[],general_negligence_personal_injury,low,"[""사망""]",True,True,True,True,True,True,True,7,True,"[""사망""]",court_opinion,LBox precedent_corpus provides one opinion text field,False,False,1f5306e0a2f902bbc9a916165460c6c974fcf87fc1026ff1703af6c93e067f35,6272,False,"[""not_high_confidence_supreme"",""decision_date_unknown"",""not_civil_liability_candidate"",""incidental:criminal_case""]",False,[],not_attempted,none,[],FAM_ea6020f71c527217,KR_674dbde10bdbecb97b
KR_8d7e840f390c6572f2,lbox/lbox_open,precedent_corpus,946,KR,,,unknown,low,[],,,low,[],,low,[],medical_professional_liability,high,"[""병원"",""수술""]",True,True,True,True,True,True,True,7,True,"[""손해배상"",""상해"",""주의의무"",""불법행위""]",court_opinion,LBox precedent_corpus provides one opinion text field,False,False,ba660007c4a3140672ba2e35816a050c4120397552a5740f319313cd4e8283ee,4495,False,"[""not_high_confidence_supreme"",""decision_date_unknown""]",False,[],not_attempted,none,[],FAM_79425ac1a2fcf123,KR_8d7e840f390c6572f2
KR_cc419f12a076611321,lbox/lbox_open,precedent_corpus,952,KR,,,unknown,low,[],,,low,[],,low,[],general_negligence_personal_injury,low,"[""사망""]",True,True,True,True,True,True,False,6,True,"[""사망""]",court_opinion,LBox precedent_corpus provides one opinion text field,False,False,6818b2d80652dc0166c360e930130ea585c2a1c918ca426052be7e64aff30d62,831,False,"[""not_high_confidence_supreme"",""decision_date_unknown"",""not_civil_liability_candidate"",""incidental:criminal_case"",""opinion_text_too_short""]",False,[],not_attempted,none,[],FAM_34856422717819be,KR_cc419f12a076611321
KR_000076e6f947989741,lbox/lbox_open,precedent_corpus,953,KR,,,unknown,low,[],,,low,[],,low,[],general_negligence_personal_injury,high,"[""주의의무"",""과실"",""교통사고""]",True,True,True,True,True,True,False,6,True,"[""주의의무"",""과실"",""상해""]",court_opinion,LBox precedent_corpus provides one opinion text field,False,False,3dad55ad8066dde740fe65b1aeefe4ff1da08c90f277d391712d23cc253913d1,1131,False,"[""not_high_confidence_supreme"",""decision_date_unknown"",""not_civil_liability_candidate"",""incidental:criminal_case"",""opinion_text_too_short""]",False,[],not_attempted,none,[],FAM_9ca3cbc975e5d8e4,KR_000076e6f947989741
KR_4b8ca89be41f1748d5,lbox/lbox_open,precedent_corpus,954,KR,,,unknown,low,[],,,low,[],,low,[],medical_professional_liability,high,"[""병원""]",True,True,True,True,True,True,True,7,True,"[""사망"",""주의의무"",""과실"",""손해배상"",""불법행위""]",court_opinion,LBox precedent_corpus provides one opinion text field,False,False,12d314507c08ba453fbfba539ee859d8fe661642c61a6edf705a5da73c0ff402,6246,False,"[""not_high_confidence_supreme"",""decision_date_unknown""]",False,[],not_attempted,none,[],FAM_1a9fa52ce067a125,KR_4b8ca89be41f1748d5
KR_0dfb4882a643c92328,lbox/lbox_open,precedent_corpus,955,KR,,,unknown,low,[],,,low,[],,low,[],general_negligence_personal_injury,high,"[""상해""]",True,True,False,True,True,True,True,6,True,"[""상해""]",court_opinion,LBox precedent_corpus provides one opinion text field,False,False,a8210fb162762b51bd752fbb16aff8e57ad12591a36f3589db58944019f305eb,2826,False,"[""not_high_confidence_supreme"",""decision_date_unknown"",""not_civil_liability_candidate"",""incidental:criminal_case""]",False,[],not_attempted,none,[],FAM_0c2492dca10d7cfb,KR_0dfb4882a643c92328
KR_35d4fc9bb385e85ae8,lbox/lbox_open,precedent_corpus,960,KR,,,unknown,low,"[""supreme_reasoning_marker""]",,,low,[],,low,[],general_negligence_personal_injury,low,"[""과실""]",True,True,True,True,True,True,False,6,True,"[""과실""]",court_opinion,LBox precedent_corpus provides one opinion text field,False,False,34566ac74dee68847ecbadc88d54f36bfeecb95d09e6e7a3c2f76a7eea14bee7,900,False,"[""not_high_confidence_supreme"",""decision_date_unknown"",""opinion_text_too_short""]",False,[],not_attempted,none,[],FAM_140f8cd7f9737fff,KR_35d4fc9bb385e85ae8
KR_6d5f15c5848983a120,lbox/lbox_open,precedent_corpus,966,KR,,,unknown,low,[],,,low,[],,low,[],medical_professional_liability,medium,"[""의사""]",True,True,True,True,True,True,True,7,True,"[""상해""]",court_opinion,LBox precedent_corpus provides one opinion text field,False,False,8ac4c9fbbd9063064d8d1f07e97e38bd02962d04620bd773712b1663f743408b,8411,False,"[""not_high_confidence_supreme"",""decision_date_unknown"",""not_civil_liability_candidate"",""incidental:criminal_case""]",False,[],not_attempted,none,[],FAM_af7b7bb844921213,KR_6d5f15c5848983a120
KR_b91854b450bac460e0,lbox/lbox_open,precedent_corpus,967,KR,,,unknown,low,[],,,low,[],,low,[],general_negligence_personal_injury,high,"[""주의의무"",""과실"",""사망""]",True,True,True,True,True,True,True,7,True,"[""주의의무"",""과실"",""사망""]",court_opinion,LBox precedent_corpus provides one opinion text field,False,False,9943cbd006264ae3ab0e5af9f41f62ea264fcec491c4a9d35f6623692434aa50,2038,False,"[""not_high_confidence_supreme"",""decision_date_unknown"",""not_civil_liability_candidate"",""incidental:criminal_case""]",False,[],not_attempted,none,[],FAM_24b055e76486d239,KR_b91854b450bac460e0
KR_dcfd88aa439e5f251a,lbox/lbox_open,precedent_corpus,968,KR,,,unknown,low,"[""supreme_reasoning_marker""]",,,low,[],,low,[],medical_professional_liability,high,"[""병원"",""의사"",""수술""]",True,True,True,True,True,True,True,7,True,"[""사망"",""주의의무"",""과실"",""손해배상""]",court_opinion,LBox precedent_corpus provides one opinion text field,False,False,42f448dbd6bf7b08b8a3c8e371e7dd1d1d09255e74bc94a087709948a71159bc,2639,False,"[""not_high_confidence_supreme"",""decision_date_unknown""]",False,[],not_attempted,none,[],FAM_ae83e2542578437c,KR_dcfd88aa439e5f251a
KR_2e0967dea994359e83,lbox/lbox_open,precedent_corpus,969,KR,,,unknown,low,[],,,low,[],,low,[],medical_professional_liability,medium,"[""의사"",""진료""]",True,True,False,True,True,True,True,6,True,"[""상해""]",court_opinion,LBox precedent_corpus provides one opinion text field,False,False,4fecb162bff20c8d860209bbbd07621be9170550a33276bf1629d1c3f97a3bf1,1685,False,"[""not_high_confidence_supreme"",""decision_date_unknown"",""not_civil_liability_candidate"",""incidental:criminal_case""]",False,[],not_attempted,none,[],FAM_7a5d021a6bbc1f60,KR_2e0967dea994359e83
KR_05a5d31964b4c974a4,lbox/lbox_open,precedent_corpus,975,KR,,,unknown,low,[],,,low,[],,low,[],general_negligence_personal_injury,high,"[""상해"",""사망""]",True,True,True,True,True,True,True,7,True,"[""상해"",""사망"",""불법행위"",""손해배상"",""과실""]",court_opinion,LBox precedent_corpus provides one opinion text field,False,False,4fa367f4a1d9f1574da42a1954c9b34dc9bb2bcf16227e7a6a14a6e16f9e3102,9786,False,"[""not_high_confidence_supreme"",""decision_date_unknown""]",False,[],not_attempted,none,[],FAM_e4dcccd4225601e9,KR_05a5d31964b4c974a4
KR_0f3cd86fe41181bb36,lbox/lbox_open,precedent_corpus,976,KR,,,unknown,low,[],,,low,[],,low,[],general_negligence_personal_injury,medium,"[""주의의무"",""과실"",""상해""]",True,True,True,True,True,False,False,5,True,"[""주의의무"",""과실"",""상해""]",court_opinion,LBox precedent_corpus provides one opinion text field,False,False,f46fa3afb16c1c73a9ad24cfecae30de681685430799b66f188bb1e93165c63b,1191,False,"[""not_high_confidence_supreme"",""decision_date_unknown"",""not_civil_liability_candidate"",""incidental:criminal_case"",""opinion_text_too_short""]",False,[],not_attempted,none,[],FAM_b966f46e2f4f346c,KR_0f3cd86fe41181bb36
KR_724b4546f456cbf502,lbox/lbox_open,precedent_corpus,978,KR,,대법원,supreme,medium,"[""supreme_disposition"",""supreme_reasoning_marker""]",,,low,[],,low,[],general_negligence_personal_injury,medium,"[""교통사고"",""사망""]",True,True,False,True,True,False,True,5,True,"[""사망""]",court_opinion,LBox precedent_corpus provides one opinion text field,False,False,b1f0fdc1ac865030fe2e12fae5fd970bf679f6b7bd52f22f835d4c15bafab4d8,621,False,"[""not_high_confidence_supreme"",""decision_date_unknown"",""opinion_text_too_short""]",False,[],not_attempted,none,[],FAM_85f03e15447fe763,KR_724b4546f456cbf502
KR_c6f3833fa49dc947f4,lbox/lbox_open,precedent_corpus,979,KR,,,unknown,low,[],,,low,[],,low,[],general_negligence_personal_injury,medium,"[""교통사고""]",True,True,True,True,True,True,True,7,True,"[""불법행위"",""손해배상""]",court_opinion,LBox precedent_corpus provides one opinion text field,False,False,afa1650cb977e0ee4a39c29b4ccccd93b9718a64bf19c705a6c5cc81c6ed57a3,5630,False,"[""not_high_confidence_supreme"",""decision_date_unknown""]",False,[],not_attempted,none,[],FAM_42eb9d5c86de65a4,KR_c6f3833fa49dc947f4
KR_e4e74c54f0e95630c3,lbox/lbox_open,precedent_corpus,980,KR,,,unknown,low,[],,,low,[],,low,[],general_negligence_personal_injury,high,"[""사망"",""과실""]",True,True,False,True,True,True,True,6,True,"[""사망"",""과실""]",court_opinion,LBox precedent_corpus provides one opinion text field,False,False,f1ae1eb26ff0eb75cc4d8ef26f043becf9cf51e448b7b2ba80ade2ab8e26e30a,4183,False,"[""not_high_confidence_supreme"",""decision_date_unknown""]",False,[],not_attempted,none,[],FAM_b393a5dab4bb3f38,KR_e4e74c54f0e95630c3
KR_4dac755f1bb5601dea,lbox/lbox_open,precedent_corpus,989,KR,,,unknown,low,[],,,low,[],,low,[],medical_professional_liability,medium,"[""병원""]",False,True,True,True,False,True,True,5,False,"[""과실""]",court_opinion,LBox precedent_corpus provides one opinion text field,False,False,1117dbea5cc36c7b1372040ddeec03469f1a95d5d174cb16a93dac8c1365d310,987,False,"[""not_high_confidence_supreme"",""decision_date_unknown"",""opinion_text_too_short"",""fact_insufficient_before_supplementation""]",False,[],not_attempted,none,[],FAM_dcd4b0a1bfce1189,KR_4dac755f1bb5601dea
KR_9631ac5d5ef8daa5a5,lbox/lbox_open,precedent_corpus,990,KR,,,unknown,low,[],,,low,[],,low,[],medical_professional_liability,high,"[""의사""]",True,True,True,True,True,True,True,7,True,"[""손해배상""]",court_opinion,LBox precedent_corpus provides one opinion text field,False,False,bc23eace312f3dea066703a792335cfa6a3b0c48c4cb0f9d8336594cca94fda8,8753,False,"[""not_high_confidence_supreme"",""decision_date_unknown""]",False,[],not_attempted,none,[],FAM_69f177bc49fe4c87,KR_9631ac5d5ef8daa5a5
KR_09153c843d31f4263c,lbox/lbox_open,precedent_corpus,994,KR,,,unknown,low,[],,,low,[],,low,[],general_negligence_personal_injury,high,"[""교통사고"",""과실""]",True,True,False,True,True,True,True,6,True,"[""과실"",""손해배상"",""상해""]",court_opinion,LBox precedent_corpus provides one opinion text field,False,False,9a5cd66133fd763c557e21dc8ac7b3216e6dd11f0afc4ef4b1408fe418b4ff54,2693,False,"[""not_high_confidence_supreme"",""decision_date_unknown""]",False,[],not_attempted,none,[],FAM_671593666fcf7f96,KR_09153c843d31f4263c
KR_af7bd46d4c0117a04a,lbox/lbox_open,precedent_corpus,997,KR,,,unknown,low,[],,,low,[],,low,[],general_negligence_personal_injury,high,"[""상해""]",True,True,True,True,True,True,True,7,True,"[""상해"",""사망""]",court_opinion,LBox precedent_corpus provides one opinion text field,False,False,5bcce14d5b9ada6936700d941d48c0430bf8563a43622ce992c7e648637879ba,4499,False,"[""not_high_confidence_supreme"",""decision_date_unknown""]",False,[],not_attempted,none,[],FAM_9966f622938700ca,KR_af7bd46d4c0117a04a
KR_835f13801d79d1403e,lbox/lbox_open,precedent_corpus,998,KR,,,unknown,low,[],,,low,[],,low,[],medical_professional_liability,high,"[""의사""]",True,True,True,True,True,True,True,7,True,"[""상해""]",court_opinion,LBox precedent_corpus provides one opinion text field,False,False,2e825000d7cd8076f308300d74d6634e9e4f21ecf250e0e3379bfcc2951d4e92,5823,False,"[""not_high_confidence_supreme"",""decision_date_unknown""]",False,[],not_attempted,none,[],FAM_510b380dab2de67d,KR_835f13801d79d1403e
KR_7063b661ed268bbf22,lbox/lbox_open,precedent_corpus,1002,KR,,,unknown,low,[],,,low,[],,low,[],other_civil_liability,low,[],True,True,False,True,True,True,True,6,True,"[""손해배상""]",court_opinion,LBox precedent_corpus provides one opinion text field,False,False,06eab9bfe5733ff5e8f6100802f8d9a643ae2a7e3fcf0d804ae989506dc50273,3961,False,"[""not_high_confidence_supreme"",""decision_date_unknown""]",False,[],not_attempted,none,[],FAM_36f11743a1abd086,KR_7063b661ed268bbf22
KR_ec3e84178c2546d6fd,lbox/lbox_open,precedent_corpus,1005,KR,,,unknown,low,[],,,low,[],,low,[],general_negligence_personal_injury,medium,"[""사망""]",True,True,True,True,True,True,True,7,True,"[""사망""]",court_opinion,LBox precedent_corpus provides one opinion text field,False,False,aeda79ccbb43174051d7a9deaef646418a3a862621d64753860c64955308b205,4691,False,"[""not_high_confidence_supreme"",""decision_date_unknown""]",False,[],not_attempted,none,[],FAM_e4d265c75da5fcdb,KR_ec3e84178c2546d6fd
KR_705ac4f6915b412b9a,lbox/lbox_open,precedent_corpus,1014,KR,,대법원,supreme,medium,"[""supreme_disposition"",""supreme_reasoning_marker""]",,,low,[],,low,[],other_civil_liability,low,[],True,True,False,True,True,True,True,6,True,"[""손해배상""]",court_opinion,LBox precedent_corpus provides one opinion text field,False,False,6c9ad718979240b412ec4aaba98055a8ae4b1bfe36f7a1ef2c9960698459ad34,560,False,"[""not_high_confidence_supreme"",""decision_date_unknown"",""opinion_text_too_short""]",False,[],not_attempted,none,[],FAM_3a0f6ae01f9c0831,KR_705ac4f6915b412b9a
KR_b2578381b5015038ff,lbox/lbox_open,precedent_corpus,1018,KR,,,unknown,low,[],,,low,[],,low,[],medical_professional_liability,high,"[""의사""]",True,True,False,True,True,True,True,6,True,"[""사망""]",court_opinion,LBox precedent_corpus provides one opinion text field,False,False,e6f637f86185723f91ee6a25452fd5fa11e71ccee3f8a9a3fc3f53e25a9cb1b9,1561,False,"[""not_high_confidence_supreme"",""decision_date_unknown"",""not_civil_liability_candidate"",""incidental:criminal_case""]",False,[],not_attempted,none,[],FAM_6bebed33d9f65974,KR_b2578381b5015038ff
KR_82fc81f65df01757b9,lbox/lbox_open,precedent_corpus,1019,KR,,,unknown,low,[],,,low,[],,low,[],general_negligence_personal_injury,high,"[""주의의무"",""과실"",""상해""]",True,True,True,True,True,True,False,6,True,"[""주의의무"",""과실"",""상해""]",court_opinion,LBox precedent_corpus provides one opinion text field,False,False,df461a7c3373eb2db91acd1e5c3216fb706a9027bcbae473a32211d0f0d30313,1894,False,"[""not_high_confidence_supreme"",""decision_date_unknown"",""not_civil_liability_candidate"",""incidental:criminal_case""]",False,[],not_attempted,none,[],FAM_f725f88b5e926759,KR_82fc81f65df01757b9
KR_cb69a5fee148a5a938,lbox/lbox_open,precedent_corpus,1026,KR,,,unknown,low,[],,,low,[],,low,[],other_civil_liability,low,[],True,True,True,True,True,False,True,6,True,"[""불법행위"",""손해배상""]",court_opinion,LBox precedent_corpus provides one opinion text field,False,False,91a69288db05001ce66da84dc3536d140dd447e88e83b4a70bc3832eeb62c60f,3051,False,"[""not_high_confidence_supreme"",""decision_date_unknown""]",False,[],not_attempted,none,[],FAM_2313a82fbf24ce04,KR_cb69a5fee148a5a938
KR_4e8bae18b3077323f7,lbox/lbox_open,precedent_corpus,1027,KR,,,unknown,low,[],,,low,[],,low,[],general_negligence_personal_injury,high,"[""상해"",""과실""]",True,True,True,True,True,True,True,7,True,"[""손해배상"",""상해"",""과실"",""주의의무"",""사망"",""불법행위""]",court_opinion,LBox precedent_corpus provides one opinion text field,False,False,535ab9d5bf712fba75a0b57e3194dd966aea2ccfa2b74015d7a798155f47d123,7035,False,"[""not_high_confidence_supreme"",""decision_date_unknown""]",False,[],not_attempted,none,[],FAM_4384be8292439179,KR_4e8bae18b3077323f7
KR_14bb0e9434c33e6398,lbox/lbox_open,precedent_corpus,1028,KR,,,unknown,low,[],,,low,[],,low,[],medical_professional_liability,medium,"[""의사""]",True,True,True,True,True,True,True,7,True,"[""손해배상"",""과실""]",court_opinion,LBox precedent_corpus provides one opinion text field,False,False,a804c44fcfb0efb05f59200bf44a945fbd4e5fe7915c5f13dcdcf982a2dd3da8,9621,False,"[""not_high_confidence_supreme"",""decision_date_unknown""]",False,[],not_attempted,none,[],FAM_7539d6c84921f9e0,KR_14bb0e9434c33e6398
KR_405c40fd46b55e0b3a,lbox/lbox_open,precedent_corpus,1034,KR,,,unknown,low,[],,,low,[],,low,[],general_negligence_personal_injury,medium,"[""사망"",""과실""]",True,True,True,True,True,True,True,7,True,"[""사망"",""과실""]",court_opinion,LBox precedent_corpus provides one opinion text field,False,False,81569a0eb953fb6cc9ebd7503302c8c4a17614f3c4adb2dba082938b16c472c9,3265,False,"[""not_high_confidence_supreme"",""decision_date_unknown""]",False,[],not_attempted,none,[],FAM_a65fabcec3022a6d,KR_405c40fd46b55e0b3a
KR_094a745ad7db4f49f0,lbox/lbox_open,precedent_corpus,1035,KR,,대법원,supreme,medium,"[""supreme_disposition"",""supreme_reasoning_marker""]",,,low,[],,low,[],other_civil_liability,low,[],True,True,True,True,True,True,True,7,True,"[""손해배상""]",court_opinion,LBox precedent_corpus provides one opinion text field,False,False,f9165442a035ba24a2baf0d595ca61057cf28a7e3cc82c2956def870bdd77dc2,3482,False,"[""not_high_confidence_supreme"",""decision_date_unknown""]",False,[],not_attempted,none,[],FAM_9dcd3db2b58d413c,KR_094a745ad7db4f49f0
KR_fc89df071908ba78cc,lbox/lbox_open,precedent_corpus,1040,KR,,,unknown,low,[],,,low,[],,low,[],general_negligence_personal_injury,high,"[""사망""]",True,True,True,True,True,False,True,6,True,"[""사망""]",court_opinion,LBox precedent_corpus provides one opinion text field,False,False,e9aa22573037d6efb49815246cee9fbc35d8198aedee617ada7b173e3634e480,2558,False,"[""not_high_confidence_supreme"",""decision_date_unknown""]",False,[],not_attempted,none,[],FAM_6d8b06c3f34cda7a,KR_fc89df071908ba78cc
KR_da7d2e5610ca455b55,lbox/lbox_open,precedent_corpus,1042,KR,,대법원,supreme,medium,"[""supreme_disposition"",""supreme_reasoning_marker""]",,,low,[],,low,[],employer_supervisory_vicarious_liability,high,"[""피용자"",""사용자책임""]",True,True,True,True,True,True,True,7,True,"[""손해배상"",""불법행위"",""사용자책임"",""과실"",""주의의무""]",court_opinion,LBox precedent_corpus provides one opinion text field,False,False,c31b9cb07cb191c118d9a552eaa4b98055eeff95f83c97b2415a57296feb41c5,4057,False,"[""not_high_confidence_supreme"",""decision_date_unknown""]",False,[],not_attempted,none,[],FAM_fdb2dbc180de843d,KR_da7d2e5610ca455b55
KR_815197b715fc85778e,lbox/lbox_open,precedent_corpus,1044,KR,,,unknown,low,[],,,low,[],,low,[],general_negligence_personal_injury,high,"[""과실""]",True,True,True,True,True,True,True,7,True,"[""손해배상"",""불법행위"",""과실""]",court_opinion,LBox precedent_corpus provides one opinion text field,False,False,4bb468af0778abcf4fd49839af12bfb5d7ef49c41fe926d280ae89e139c176a8,14718,False,"[""not_high_confidence_supreme"",""decision_date_unknown""]",False,[],not_attempted,none,[],FAM_52b25711040420ea,KR_815197b715fc85778e
KR_5cf5b044e15e4bb328,lbox/lbox_open,precedent_corpus,1046,KR,,,unknown,low,"[""supreme_disposition""]",,,low,[],,low,[],other_civil_liability,low,[],True,True,False,True,True,True,True,6,True,"[""불법행위"",""손해배상""]",court_opinion,LBox precedent_corpus provides one opinion text field,False,False,78e497e8033d641dd94cac3849e07ef6909d9acde30535b235389e87ded826c9,15105,False,"[""not_high_confidence_supreme"",""decision_date_unknown"",""not_civil_liability_candidate"",""incidental:criminal_case""]",False,[],not_attempted,none,[],FAM_82206c808d4dfbce,KR_5cf5b044e15e4bb328
KR_0db80e78c27c939f8c,lbox/lbox_open,precedent_corpus,1049,KR,,,unknown,low,[],,,low,[],,low,[],other_civil_liability,low,[],True,True,True,True,True,True,True,7,True,"[""손해배상""]",court_opinion,LBox precedent_corpus provides one opinion text field,False,False,d702bde086a8b4dad1e1990f9a01d91ea2dcaf044321bb11ec33fbedfe907a03,3389,False,"[""not_high_confidence_supreme"",""decision_date_unknown""]",False,[],not_attempted,none,[],FAM_e52a19db08130dfb,KR_0db80e78c27c939f8c
KR_35a6606b84a8b6ccf6,lbox/lbox_open,precedent_corpus,1053,KR,,,unknown,low,[],,,low,[],,low,[],medical_professional_liability,high,"[""진료"",""병원"",""간호""]",True,True,True,True,True,True,True,7,True,"[""사망""]",court_opinion,LBox precedent_corpus provides one opinion text field,False,False,05ff430a6c70b942d2bbaffca2caedfa30476176343ce2dde5f96e71b18c0777,5843,False,"[""not_high_confidence_supreme"",""decision_date_unknown""]",False,[],not_attempted,none,[],FAM_dcb5d56566837740,KR_35a6606b84a8b6ccf6
KR_0ec2f80d6c647fe287,lbox/lbox_open,precedent_corpus,1060,KR,,대법원,supreme,medium,"[""supreme_disposition"",""supreme_reasoning_marker""]",,,low,[],,low,[],other_civil_liability,low,[],True,True,False,True,True,True,True,6,True,"[""손해배상""]",court_opinion,LBox precedent_corpus provides one opinion text field,False,False,38b073a354893da8636b379232a4a37b5f7b00141b2b70e34cab17b3ec5549c5,3217,False,"[""not_high_confidence_supreme"",""decision_date_unknown""]",False,[],not_attempted,none,[],FAM_20cf86bf59506407,KR_0ec2f80d6c647fe287
KR_e7d9b8f8afa5f7a898,lbox/lbox_open,precedent_corpus,1063,KR,,대법원,supreme,medium,"[""supreme_disposition"",""supreme_reasoning_marker""]",,,low,[],,low,[],general_negligence_personal_injury,high,"[""사망""]",True,True,False,True,True,True,False,5,True,"[""사망""]",court_opinion,LBox precedent_corpus provides one opinion text field,False,False,0199676eb7bc301cfcee61b246cc4735c0ebe23e76350883805fe5e51dc82fba,990,False,"[""not_high_confidence_supreme"",""decision_date_unknown"",""opinion_text_too_short""]",False,[],not_attempted,none,[],FAM_b1fb52dbad8ccc72,KR_e7d9b8f8afa5f7a898
KR_36f083dab01483939f,lbox/lbox_open,precedent_corpus,1071,KR,,,unknown,low,[],,,low,[],,low,[],medical_professional_liability,high,"[""의사""]",True,True,False,True,True,True,True,6,True,"[""사망""]",court_opinion,LBox precedent_corpus provides one opinion text field,False,False,3267c165054b7300d2b9538b2469c2ffe31ed4ea92dea8d322d4edda6b01fcfa,5755,False,"[""not_high_confidence_supreme"",""decision_date_unknown""]",False,[],not_attempted,none,[],FAM_01708f9f118f7cc2,KR_36f083dab01483939f
KR_04646871dca45904a8,lbox/lbox_open,precedent_corpus,1077,KR,,대법원,supreme,medium,"[""supreme_disposition"",""supreme_reasoning_marker""]",,,low,[],,low,[],medical_professional_liability,medium,"[""의사""]",True,True,False,True,True,True,True,6,True,"[""손해배상""]",court_opinion,LBox precedent_corpus provides one opinion text field,False,False,d0eacc5345bf4eb4e1c0f84feaf5019fbee8dbd0ec087db51d2d443524bb9c58,3941,False,"[""not_high_confidence_supreme"",""decision_date_unknown"",""not_civil_liability_candidate"",""incidental:criminal_case""]",False,[],not_attempted,none,[],FAM_1027ca9814f9eeb5,KR_04646871dca45904a8
KR_870b767e8c5eb74484,lbox/lbox_open,precedent_corpus,1086,KR,,,unknown,low,[],,,low,[],,low,[],general_negligence_personal_injury,low,"[""사망""]",True,True,False,True,True,False,True,5,True,"[""사망""]",court_opinion,LBox precedent_corpus provides one opinion text field,False,False,17732c0edab1dc3a3bec82a730c6a48400ae5bf01bbe82698f01177cd09f115f,2079,False,"[""not_high_confidence_supreme"",""decision_date_unknown""]",False,[],not_attempted,none,[],FAM_22f4ccab99a17687,KR_870b767e8c5eb74484
KR_c3e2c1e3d75f30596e,lbox/lbox_open,precedent_corpus,1089,KR,,,unknown,low,"[""supreme_disposition""]",,,low,[],,low,[],general_negligence_personal_injury,high,"[""상해""]",True,True,False,True,True,True,True,6,True,"[""상해""]",court_opinion,LBox precedent_corpus provides one opinion text field,False,False,dca0657e4cc007cdf459f30c3a96916e0e60868fa02137d6cb96d85ecff82e54,1666,False,"[""not_high_confidence_supreme"",""decision_date_unknown"",""not_civil_liability_candidate"",""incidental:criminal_case""]",False,[],not_attempted,none,[],FAM_400494bf6649b91e,KR_c3e2c1e3d75f30596e
KR_e8cc826e19192f1d79,lbox/lbox_open,precedent_corpus,1095,KR,,,unknown,low,[],,,low,[],,low,[],general_negligence_personal_injury,medium,"[""사망""]",True,True,True,True,True,True,True,7,True,"[""사망"",""과실""]",court_opinion,LBox precedent_corpus provides one opinion text field,False,False,093eeb16602b0ae04f0962af20f741ff7510c91a9ff00e8f7b77424af10fecec,11175,False,"[""not_high_confidence_supreme"",""decision_date_unknown""]",False,[],not_attempted,none,[],FAM_70332b239b756fb0,KR_e8cc826e19192f1d79
KR_ffa5a90c43d559e415,lbox/lbox_open,precedent_corpus,1097,KR,,,unknown,low,[],,,low,[],,low,[],general_negligence_personal_injury,low,"[""사망""]",True,True,False,True,True,True,True,6,True,"[""사망""]",court_opinion,LBox precedent_corpus provides one opinion text field,False,False,d09449913e4e26836849cc07629eed456bfbcbbcc21af5bdcb48da4fa3a5afb7,1898,False,"[""not_high_confidence_supreme"",""decision_date_unknown"",""not_civil_liability_candidate"",""incidental:criminal_case""]",False,[],not_attempted,none,[],FAM_3bfb9bcabf79eac9,KR_ffa5a90c43d559e415
KR_3d90bf9ce36ab61665,lbox/lbox_open,precedent_corpus,1099,KR,,,unknown,low,[],,,low,[],,low,[],medical_professional_liability,high,"[""수술"",""병원""]",True,True,True,True,True,True,True,7,True,"[""사망""]",court_opinion,LBox precedent_corpus provides one opinion text field,False,False,7a0478e2e1cb47378aadaff809b5ce8f77822509b3c45ef34f9ec2cb6d035f8b,4673,False,"[""not_high_confidence_supreme"",""decision_date_unknown""]",False,[],not_attempted,none,[],FAM_38f6219f8897ba7f,KR_3d90bf9ce36ab61665
